Id compte,Id client,Code canal,Tranche âge,Ville,Mois ouverture,Date ouverture,Statut,Ordre statut,Segment RFM,Ordre segment,Jours avant premier dépôt,Alimenté sous 7 jours,Alimenté sous 30 jours,Éligible activation,Jours depuis dernière activité,Solde fin de période,Dépenses carte,Paiements carte,Paiements refusés
1,10001,MOBILE,45-54,Paris,2025-01-01,2025-01-26,Actif,1,Clients réguliers,2,1,1,1,1,8,33469.05,2963.95,53,0
2,10001,MOBILE,45-54,Paris,2025-08-01,2025-08-10,Actif,1,Clients réguliers,2,2,1,1,1,0,24658.84,1305.16,31,0
3,10002,MOBILE,35-44,Paris,2025-01-01,2025-01-21,Dormant,2,Endormis,6,0,1,1,1,525,1783.0,0.0,0,0
4,10003,WEB,35-44,Lyon,2025-01-01,2025-01-15,Actif,1,Champions,1,12,0,1,1,1,5153.96,3530.04,93,0
5,10003,WEB,35-44,Lyon,2025-05-01,2025-05-17,Actif,1,Épargnants peu actifs,3,2,1,1,1,0,11257.81,2325.19,43,0
6,10004,MOBILE,25-34,Lyon,2025-01-01,2025-01-07,Actif,1,Champions,1,6,1,1,1,1,152.15,14005.59,312,7
7,10005,WEB,45-54,Paris,2025-01-01,2025-01-18,Clôturé,4,Hors segmentation,7,0,1,1,1,430,0.0,184.19,5,1
8,10006,MOBILE,25-34,Toulouse,2025-01-01,2025-01-23,Actif,1,Champions,1,4,1,1,1,1,3590.8,13771.28,255,4
9,10007,MOBILE,35-44,Saint-Étienne,2025-01-01,2025-01-10,Actif,1,Champions,1,2,1,1,1,1,8605.14,10274.8,245,13
10,10008,WEB,55+,Paris,2025-01-01,2025-01-09,Actif,1,Occasionnels,4,3,1,1,1,6,1870.19,3115.81,84,3
11,10009,WEB,25-34,Rennes,2025-01-01,2025-01-15,Actif,1,Champions,1,5,1,1,1,2,1775.23,10423.17,270,11
12,10010,WEB,35-44,Paris,2025-01-01,2025-01-14,Actif,1,Champions,1,1,1,1,1,0,1703.23,10245.32,273,2
13,10011,MOBILE,18-24,Bordeaux,2025-01-01,2025-01-11,Actif,1,Champions,1,0,1,1,1,0,5216.9,13217.94,314,11
14,10012,MOBILE,18-24,Lille,2025-01-01,2025-01-19,Dormant,2,Épargnants peu actifs,3,0,1,1,1,388,3641.65,757.35,23,5
15,10013,MOBILE,35-44,Toulouse,2025-01-01,2025-01-30,Actif,1,Champions,1,3,1,1,1,1,5501.59,11204.05,250,8
16,10013,MOBILE,35-44,Toulouse,2025-08-01,2025-08-21,Actif,1,Épargnants peu actifs,3,1,1,1,1,2,17004.41,1390.59,24,0
17,10014,MOBILE,18-24,Strasbourg,2025-01-01,2025-01-28,Actif,1,Épargnants peu actifs,3,13,0,1,1,0,28466.48,2138.52,40,0
18,10015,MOBILE,18-24,Marseille,2025-01-01,2025-01-24,Actif,1,Champions,1,1,1,1,1,2,4810.93,9079.97,257,8
19,10016,MOBILE,25-34,Dijon,2025-01-01,2025-01-26,Dormant,2,Épargnants peu actifs,3,1,1,1,1,127,12937.6,2367.4,59,1
20,10017,PARTNER,25-34,Saint-Étienne,2025-01-01,2025-01-02,Jamais alimenté,3,Hors segmentation,7,,0,0,1,543,0.0,0.0,0,0
21,10018,MOBILE,25-34,Montpellier,2025-01-01,2025-01-17,Actif,1,Champions,1,0,1,1,1,0,653.03,11032.06,275,4
22,10019,WEB,25-34,Nantes,2025-01-01,2025-01-30,Actif,1,Champions,1,5,1,1,1,0,1233.64,12832.78,261,7
23,10020,PARTNER,25-34,Paris,2025-01-01,2025-01-07,Actif,1,Clients réguliers,2,35,0,0,1,5,14157.4,2800.6,45,0
24,10021,MOBILE,35-44,Paris,2025-01-01,2025-01-05,Actif,1,Épargnants peu actifs,3,0,1,1,1,2,54568.36,2855.64,46,0
25,10022,MOBILE,35-44,Lyon,2025-01-01,2025-01-23,Jamais alimenté,3,Hors segmentation,7,,0,0,1,,0.0,0.0,0,0
26,10023,MOBILE,35-44,Bordeaux,2025-01-01,2025-01-16,Jamais alimenté,3,Hors segmentation,7,,0,0,1,519,0.0,0.0,0,0
27,10024,MOBILE,18-24,Dijon,2025-01-01,2025-01-20,Jamais alimenté,3,Hors segmentation,7,,0,0,1,,0.0,0.0,0,0
28,10025,MOBILE,25-34,Rennes,2025-01-01,2025-01-25,Actif,1,Champions,1,0,1,1,1,3,2762.93,10689.58,252,0
29,10026,WEB,35-44,Toulouse,2025-01-01,2025-01-17,Actif,1,Champions,1,7,1,1,1,4,13474.28,4684.72,107,2
30,10027,MOBILE,25-34,Paris,2025-01-01,2025-01-27,Dormant,2,Épargnants peu actifs,3,0,1,1,1,293,4022.47,1265.53,44,2
31,10028,MOBILE,18-24,Paris,2025-01-01,2025-01-19,Actif,1,Champions,1,7,1,1,1,0,11477.44,11705.76,270,0
32,10029,MOBILE,18-24,Nantes,2025-01-01,2025-01-05,Actif,1,Champions,1,1,1,1,1,0,4004.13,12406.63,277,9
33,10030,WEB,25-34,Paris,2025-01-01,2025-01-13,Clôturé,4,Hors segmentation,7,1,1,1,1,397,0.0,172.5,6,1
34,10031,MOBILE,35-44,Paris,2025-01-01,2025-01-08,Actif,1,Champions,1,0,1,1,1,0,5880.13,11667.52,286,9
35,10032,PARTNER,Inconnu,Nice,2025-01-01,2025-01-02,Jamais alimenté,3,Hors segmentation,7,,0,0,1,543,0.0,0.0,0,0
36,10033,MOBILE,35-44,Grenoble,2025-01-01,2025-01-25,Actif,1,Clients réguliers,2,0,1,1,1,0,7907.16,2206.84,70,0
37,10034,MOBILE,35-44,Lyon,2025-01-01,2025-01-12,Actif,1,Clients réguliers,2,0,1,1,1,3,4170.43,3259.57,96,0
38,10035,MOBILE,25-34,Dijon,2025-01-01,2025-01-12,Actif,1,Champions,1,4,1,1,1,5,292.58,11593.58,276,6
39,10036,WEB,35-44,Nantes,2025-01-01,2025-01-11,Dormant,2,Endormis,6,0,1,1,1,339,1000.68,1289.32,33,9
40,10037,WEB,25-34,Paris,2025-01-01,2025-01-23,Actif,1,Champions,1,0,1,1,1,3,10004.74,12437.32,263,0
41,10038,PARTNER,55+,Rennes,2025-01-01,2025-01-03,Jamais alimenté,3,Hors segmentation,7,,0,0,1,530,0.0,0.0,0,0
42,10039,WEB,55+,Paris,2025-01-01,2025-01-25,Actif,1,Champions,1,14,0,1,1,0,2672.26,11894.36,264,5
43,10040,WEB,25-34,Nantes,2025-01-01,2025-01-18,Clôturé,4,Hors segmentation,7,2,1,1,1,264,0.0,1172.36,26,17
44,10041,MOBILE,18-24,Strasbourg,2025-01-01,2025-01-04,Actif,1,Clients réguliers,2,0,1,1,1,0,2946.0,2816.0,69,10
45,10042,WEB,45-54,Paris,2025-01-01,2025-01-28,Dormant,2,Endormis,6,2,1,1,1,117,5069.74,9233.69,214,0
46,10043,MOBILE,25-34,Non renseignée,2025-01-01,2025-01-14,Jamais alimenté,3,Hors segmentation,7,,0,0,1,,0.0,0.0,0,0
47,10044,PARTNER,55+,Nantes,2025-01-01,2025-01-12,Actif,1,À risque,5,1,1,1,1,46,2083.38,9816.51,235,18
48,10045,MOBILE,35-44,Toulouse,2025-01-01,2025-01-19,Clôturé,4,Hors segmentation,7,1,1,1,1,302,0.0,1120.12,30,0
49,10046,MOBILE,55+,Lyon,2025-01-01,2025-01-10,Jamais alimenté,3,Hors segmentation,7,,0,0,1,493,0.0,0.0,0,0
50,10047,MOBILE,18-24,Saint-Étienne,2025-01-01,2025-01-26,Actif,1,Clients réguliers,2,4,1,1,1,3,7440.2,2694.8,80,2
51,10047,MOBILE,18-24,Saint-Étienne,2025-04-01,2025-04-17,Actif,1,Épargnants peu actifs,3,5,1,1,1,7,6604.8,2441.2,32,0
52,10048,PARTNER,45-54,Paris,2025-01-01,2025-01-05,Clôturé,4,Hors segmentation,7,6,1,1,1,408,0.0,75.68,3,0
53,10048,PARTNER,45-54,Paris,2025-06-01,2025-06-11,Actif,1,Épargnants peu actifs,3,22,0,1,1,3,11363.03,1862.97,45,0
54,10049,MOBILE,25-34,Rennes,2025-01-01,2025-01-25,Clôturé,4,Hors segmentation,7,5,1,1,1,273,0.0,565.95,20,16
55,10050,MOBILE,18-24,Nantes,2025-01-01,2025-01-26,Actif,1,Champions,1,1,1,1,1,1,5923.16,3546.84,89,0
56,10051,MOBILE,35-44,Nantes,2025-01-01,2025-01-05,Actif,1,Clients réguliers,2,4,1,1,1,0,7911.63,2486.37,43,0
57,10051,MOBILE,35-44,Nantes,2025-06-01,2025-06-14,Actif,1,Clients réguliers,2,0,1,1,1,1,11956.68,1073.32,23,1
58,10052,MOBILE,55+,Reims,2025-01-01,2025-01-02,Actif,1,Champions,1,0,1,1,1,0,1541.42,14844.4,308,0
59,10053,MOBILE,35-44,Bordeaux,2025-01-01,2025-01-25,Jamais alimenté,3,Hors segmentation,7,,0,0,1,521,0.0,0.0,0,0
60,10054,MOBILE,35-44,Lille,2025-01-01,2025-01-22,Actif,1,Clients réguliers,2,7,1,1,1,6,2476.73,4128.27,86,9
61,10055,MOBILE,25-34,Toulouse,2025-01-01,2025-01-05,Actif,1,Clients réguliers,2,2,1,1,1,0,16372.33,3672.67,71,1
62,10056,MOBILE,35-44,Lyon,2025-01-01,2025-01-07,Actif,1,Champions,1,1,1,1,1,0,1438.33,10716.17,270,0
63,10057,WEB,35-44,Bordeaux,2025-01-01,2025-01-18,Actif,1,Champions,1,7,1,1,1,2,7141.7,11570.81,261,0
64,10058,WEB,25-34,Lille,2025-01-01,2025-01-20,Jamais alimenté,3,Hors segmentation,7,,0,0,1,524,0.0,0.0,0,0
65,10059,WEB,45-54,Paris,2025-01-01,2025-01-17,Clôturé,4,Hors segmentation,7,4,1,1,1,267,0.0,967.77,27,1
66,10060,MOBILE,25-34,Non renseignée,2025-01-01,2025-01-02,Actif,1,Champions,1,17,0,1,1,0,6615.46,12431.0,290,16
67,10061,WEB,25-34,Angers,2025-01-01,2025-01-27,Actif,1,Champions,1,2,1,1,1,3,6.59,14132.44,296,6
68,10062,WEB,25-34,Paris,2025-01-01,2025-01-24,Actif,1,Champions,1,3,1,1,1,1,7916.7,14433.7,255,9
69,10063,WEB,18-24,Grenoble,2025-01-01,2025-01-17,Jamais alimenté,3,Hors segmentation,7,,0,0,1,518,0.0,0.0,0,0
70,10064,MOBILE,18-24,Toulouse,2025-01-01,2025-01-31,Actif,1,Champions,1,2,1,1,1,1,931.18,11362.98,259,14
71,10065,MOBILE,25-34,Lille,2025-01-01,2025-01-05,Actif,1,Champions,1,1,1,1,1,2,7434.62,10404.66,274,4
72,10066,WEB,18-24,Strasbourg,2025-01-01,2025-01-16,Actif,1,Clients réguliers,2,0,1,1,1,0,5263.38,3513.62,94,2
73,10067,MOBILE,25-34,Rennes,2025-01-01,2025-01-02,Clôturé,4,Hors segmentation,7,0,1,1,1,274,0.0,1052.98,31,0
74,10068,PARTNER,55+,Bordeaux,2025-01-01,2025-01-16,Dormant,2,Endormis,6,5,1,1,1,463,2091.13,328.87,12,0
75,10069,MOBILE,55+,Paris,2025-01-01,2025-01-13,Actif,1,Champions,1,6,1,1,1,0,2723.45,10987.49,241,5
76,10070,MOBILE,Inconnu,Nantes,2025-02-01,2025-02-13,Actif,1,Champions,1,4,1,1,1,0,6079.04,12354.54,265,1
77,10071,PARTNER,25-34,Rennes,2025-02-01,2025-02-18,Jamais alimenté,3,Hors segmentation,7,,0,0,1,,0.0,0.0,0,0
78,10072,MOBILE,18-24,Reims,2025-02-01,2025-02-25,Actif,1,Clients réguliers,2,2,1,1,1,2,2003.12,3131.88,72,1
79,10073,MOBILE,35-44,Rennes,2025-02-01,2025-02-09,Actif,1,Champions,1,5,1,1,1,0,2172.28,12785.81,311,4
80,10074,MOBILE,25-34,Bordeaux,2025-02-01,2025-02-28,Dormant,2,Endormis,6,2,1,1,1,324,227.48,939.52,29,4
81,10075,MOBILE,45-54,Strasbourg,2025-02-01,2025-02-26,Dormant,2,Endormis,6,7,1,1,1,93,597.53,9086.11,225,16
82,10076,PARTNER,45-54,Nantes,2025-02-01,2025-02-22,Actif,1,Champions,1,20,0,1,1,1,444.96,7731.95,211,19
83,10077,MOBILE,25-34,Strasbourg,2025-02-01,2025-02-01,Actif,1,Champions,1,1,1,1,1,0,2210.31,10444.55,266,10
84,10078,MOBILE,25-34,Lyon,2025-02-01,2025-02-24,Dormant,2,Épargnants peu actifs,3,0,1,1,1,135,17215.81,2439.19,58,1
85,10079,MOBILE,18-24,Lyon,2025-02-01,2025-02-06,Dormant,2,Épargnants peu actifs,3,10,0,1,1,448,16333.75,496.25,12,4
86,10080,WEB,35-44,Dijon,2025-02-01,2025-02-04,Dormant,2,Épargnants peu actifs,3,2,1,1,1,331,3613.39,1076.61,32,0
87,10081,MOBILE,25-34,Nantes,2025-02-01,2025-02-04,Actif,1,Champions,1,8,0,1,1,0,4250.92,11533.27,276,0
88,10082,WEB,55+,Lyon,2025-02-01,2025-02-12,Actif,1,Champions,1,4,1,1,1,0,4459.44,10868.73,280,4
89,10083,WEB,35-44,Lyon,2025-02-01,2025-02-26,Actif,1,Épargnants peu actifs,3,2,1,1,1,4,9380.2,1881.8,39,0
90,10084,WEB,55+,Toulouse,2025-02-01,2025-02-05,Dormant,2,Endormis,6,2,1,1,1,358,200.51,3115.49,38,1
91,10085,PARTNER,35-44,Bordeaux,2025-02-01,2025-02-28,Jamais alimenté,3,Hors segmentation,7,,0,0,1,470,0.0,0.0,0,0
92,10086,MOBILE,Inconnu,Angers,2025-02-01,2025-02-03,Actif,1,Champions,1,8,0,1,1,1,5884.56,3174.44,90,5
93,10087,MOBILE,25-34,Paris,2025-02-01,2025-02-02,Actif,1,Clients réguliers,2,2,1,1,1,1,4397.77,3196.23,81,2
94,10088,MOBILE,18-24,Toulouse,2025-02-01,2025-02-11,Actif,1,Champions,1,6,1,1,1,1,956.42,11447.34,259,3
95,10088,MOBILE,18-24,Toulouse,2025-04-01,2025-04-06,Actif,1,Clients réguliers,2,2,1,1,1,1,16053.92,1981.08,43,0
96,10089,MOBILE,18-24,Rennes,2025-02-01,2025-02-25,Dormant,2,Épargnants peu actifs,3,0,1,1,1,457,3729.66,361.34,6,0
97,10090,MOBILE,25-34,Marseille,2025-02-01,2025-02-08,Dormant,2,Épargnants peu actifs,3,8,0,1,1,169,36415.66,1679.34,29,1
98,10091,MOBILE,25-34,Dijon,2025-02-01,2025-02-02,Actif,1,Champions,1,7,1,1,1,1,1205.99,12142.83,279,8
99,10091,MOBILE,25-34,Dijon,2025-04-01,2025-04-12,Actif,1,Épargnants peu actifs,3,2,1,1,1,1,16528.0,1166.0,31,0
100,10092,MOBILE,18-24,Grenoble,2025-02-01,2025-02-01,Actif,1,Clients réguliers,2,0,1,1,1,3,2639.46,2655.54,76,1
101,10092,MOBILE,18-24,Grenoble,2025-08-01,2025-08-30,Actif,1,Clients réguliers,2,8,0,1,1,0,15212.86,1748.14,26,0
102,10093,WEB,18-24,Toulouse,2025-02-01,2025-02-18,Actif,1,Champions,1,0,1,1,1,2,4180.89,10403.3,244,0
103,10094,MOBILE,25-34,Paris,2025-02-01,2025-02-28,Dormant,2,Endormis,6,1,1,1,1,325,971.23,1810.77,27,5
104,10095,MOBILE,18-24,Montpellier,2025-02-01,2025-02-09,Dormant,2,Épargnants peu actifs,3,1,1,1,1,144,5153.77,9075.59,226,10
105,10096,MOBILE,25-34,Strasbourg,2025-02-01,2025-02-21,Dormant,2,Endormis,6,0,1,1,1,226,2317.47,6358.42,141,3
106,10097,MOBILE,55+,Paris,2025-02-01,2025-02-15,Jamais alimenté,3,Hors segmentation,7,,0,0,1,,0.0,0.0,0,0
107,10098,WEB,55+,Nantes,2025-02-01,2025-02-26,Actif,1,Champions,1,4,1,1,1,4,4107.87,9508.02,236,37
108,10099,WEB,45-54,Lyon,2025-02-01,2025-02-19,Dormant,2,Épargnants peu actifs,3,2,1,1,1,210,3198.46,4772.42,136,2
109,10100,WEB,Inconnu,Reims,2025-02-01,2025-02-16,Clôturé,4,Hors segmentation,7,0,1,1,1,174,0.0,1728.5,41,5
110,10101,MOBILE,18-24,Saint-Étienne,2025-02-01,2025-02-15,Actif,1,Clients réguliers,2,0,1,1,1,3,13478.59,2823.41,89,1
111,10102,MOBILE,18-24,Dijon,2025-02-01,2025-02-20,Actif,1,Champions,1,7,1,1,1,3,2197.36,10928.79,251,3
112,10103,MOBILE,35-44,Montpellier,2025-02-01,2025-02-14,Actif,1,Clients réguliers,2,1,1,1,1,5,13462.26,4064.74,96,1
113,10104,WEB,18-24,Paris,2025-02-01,2025-02-16,Dormant,2,Épargnants peu actifs,3,2,1,1,1,262,7312.34,1980.66,47,8
114,10105,WEB,55+,Marseille,2025-02-01,2025-02-01,Jamais alimenté,3,Hors segmentation,7,,0,0,1,,0.0,0.0,0,0
115,10106,WEB,35-44,Paris,2025-02-01,2025-02-18,Jamais alimenté,3,Hors segmentation,7,,0,0,1,497,0.0,0.0,0,0
116,10107,MOBILE,25-34,Angers,2025-02-01,2025-02-11,Actif,1,Épargnants peu actifs,3,3,1,1,1,12,42889.68,1898.32,39,0
117,10108,MOBILE,45-54,Lille,2025-02-01,2025-02-03,Actif,1,Champions,1,10,0,1,1,1,2262.74,11644.71,294,0
118,10109,PARTNER,18-24,Paris,2025-02-01,2025-02-08,Clôturé,4,Hors segmentation,7,3,1,1,1,256,0.0,1076.11,27,14
119,10110,PARTNER,45-54,Angers,2025-02-01,2025-02-09,Jamais alimenté,3,Hors segmentation,7,,0,0,1,496,0.0,0.0,0,0
120,10111,MOBILE,18-24,Nantes,2025-02-01,2025-02-03,Actif,1,Champions,1,0,1,1,1,0,1887.0,9770.72,239,7
121,10112,WEB,Inconnu,Lyon,2025-02-01,2025-02-05,Actif,1,Clients réguliers,2,1,1,1,1,1,8281.85,3130.15,98,0
122,10113,MOBILE,45-54,Saint-Étienne,2025-02-01,2025-02-12,Jamais alimenté,3,Hors segmentation,7,,0,0,1,461,0.0,0.0,0,0
123,10114,MOBILE,25-34,Lyon,2025-02-01,2025-02-03,Actif,1,Champions,1,4,1,1,1,0,3077.33,11665.99,273,14
124,10115,WEB,55+,Paris,2025-02-01,2025-02-24,Actif,1,Champions,1,0,1,1,1,0,5028.19,11322.32,248,2
125,10116,MOBILE,45-54,Toulouse,2025-02-01,2025-02-25,Actif,1,Champions,1,2,1,1,1,7,7191.98,3785.02,90,0
126,10117,PARTNER,55+,Paris,2025-02-01,2025-02-04,Actif,1,Champions,1,11,0,1,1,6,17907.7,11424.94,258,4
127,10118,MOBILE,18-24,Toulouse,2025-02-01,2025-02-01,Actif,1,Clients réguliers,2,0,1,1,1,2,835.84,2655.16,71,3
128,10119,WEB,55+,Non renseignée,2025-02-01,2025-02-06,Clôturé,4,Hors segmentation,7,4,1,1,1,382,0.0,100.21,3,0
129,10120,MOBILE,25-34,Paris,2025-02-01,2025-02-02,Clôturé,4,Hors segmentation,7,0,1,1,1,373,0.0,628.88,18,1
130,10121,PARTNER,35-44,Toulouse,2025-02-01,2025-02-13,Actif,1,Clients réguliers,2,31,0,0,1,3,3217.79,3067.21,70,6
131,10122,PARTNER,35-44,Toulouse,2025-02-01,2025-02-05,Clôturé,4,Hors segmentation,7,34,0,0,1,189,0.0,2472.39,38,3
132,10123,MOBILE,25-34,Grenoble,2025-02-01,2025-02-17,Dormant,2,Épargnants peu actifs,3,6,1,1,1,209,3164.21,6308.6,148,9
133,10123,MOBILE,25-34,Grenoble,2025-06-01,2025-06-22,Actif,1,Épargnants peu actifs,3,3,1,1,1,11,11100.26,1698.74,28,0
134,10124,MOBILE,45-54,Angers,2025-02-01,2025-02-25,Actif,1,Clients réguliers,2,0,1,1,1,1,29309.34,3163.66,61,0
135,10125,WEB,25-34,Toulouse,2025-03-01,2025-03-23,Actif,1,Clients réguliers,2,0,1,1,1,0,8413.67,3723.33,85,1
136,10126,MOBILE,25-34,Strasbourg,2025-03-01,2025-03-11,Actif,1,Champions,1,10,0,1,1,0,374.17,10466.9,242,8
137,10127,WEB,25-34,Strasbourg,2025-03-01,2025-03-01,Dormant,2,Endormis,6,7,1,1,1,380,2419.86,376.14,12,0
138,10128,MOBILE,18-24,Bordeaux,2025-03-01,2025-03-09,Jamais alimenté,3,Hors segmentation,7,,0,0,1,458,0.0,0.0,0,0
139,10129,MOBILE,55+,Reims,2025-03-01,2025-03-22,Actif,1,Épargnants peu actifs,3,5,1,1,1,32,11459.73,1315.27,34,0
140,10130,WEB,18-24,Dijon,2025-03-01,2025-03-22,Actif,1,Champions,1,1,1,1,1,1,1997.38,2966.62,73,11
141,10131,WEB,Inconnu,Dijon,2025-03-01,2025-03-10,Actif,1,Champions,1,2,1,1,1,0,424.46,13284.88,251,13
142,10132,WEB,55+,Toulouse,2025-03-01,2025-03-27,Clôturé,4,Hors segmentation,7,4,1,1,1,314,0.0,222.75,10,5
143,10133,MOBILE,25-34,Nice,2025-03-01,2025-03-20,Actif,1,Champions,1,4,1,1,1,0,2295.56,11171.72,232,3
144,10134,WEB,18-24,Rennes,2025-03-01,2025-03-06,Dormant,2,Endormis,6,0,1,1,1,420,1902.29,281.71,9,2
145,10135,MOBILE,55+,Dijon,2025-03-01,2025-03-13,Actif,1,Champions,1,0,1,1,1,0,792.35,11409.28,272,0
146,10136,MOBILE,18-24,Paris,2025-03-01,2025-03-03,Dormant,2,Épargnants peu actifs,3,3,1,1,1,249,4351.36,2581.64,55,3
147,10137,MOBILE,25-34,Reims,2025-03-01,2025-03-06,Actif,1,Clients réguliers,2,3,1,1,1,0,22748.41,1565.59,39,0
148,10138,PARTNER,18-24,Toulouse,2025-03-01,2025-03-17,Actif,1,Champions,1,2,1,1,1,0,12040.71,4375.29,100,0
149,10138,PARTNER,18-24,Toulouse,2025-09-01,2025-09-04,Actif,1,Occasionnels,4,2,1,1,1,6,2201.91,1205.09,21,0
150,10139,PARTNER,45-54,Rennes,2025-03-01,2025-03-11,Actif,1,Clients réguliers,2,15,0,1,1,3,31202.54,1346.46,29,0
151,10140,PARTNER,Inconnu,Bordeaux,2025-03-01,2025-03-16,Actif,1,Champions,1,4,1,1,1,7,6899.79,10840.31,231,4
152,10141,WEB,18-24,Nice,2025-03-01,2025-03-02,Actif,1,Champions,1,1,1,1,1,0,2597.38,11526.31,254,17
153,10142,MOBILE,45-54,Toulouse,2025-03-01,2025-03-05,Dormant,2,Endormis,6,5,1,1,1,426,268.15,549.85,14,4
154,10143,WEB,45-54,Paris,2025-03-01,2025-03-08,Dormant,2,Épargnants peu actifs,3,6,1,1,1,137,3437.61,2239.39,64,0
155,10144,MOBILE,18-24,Toulouse,2025-03-01,2025-03-24,Actif,1,Champions,1,2,1,1,1,3,1916.17,10322.88,253,3
156,10145,MOBILE,35-44,Grenoble,2025-03-01,2025-03-05,Dormant,2,Endormis,6,3,1,1,1,423,109.46,513.54,16,5
157,10146,WEB,35-44,Nice,2025-03-01,2025-03-07,Actif,1,Clients réguliers,2,5,1,1,1,6,2831.31,3199.69,87,0
158,10147,MOBILE,18-24,Rennes,2025-03-01,2025-03-01,Actif,1,Champions,1,1,1,1,1,0,1869.14,10673.07,260,10
159,10148,MOBILE,25-34,Strasbourg,2025-03-01,2025-03-18,Actif,1,Champions,1,0,1,1,1,0,1400.05,12392.67,245,19
160,10149,WEB,25-34,Lille,2025-03-01,2025-03-01,Actif,1,Champions,1,9,0,1,1,1,500.07,10503.03,277,6
161,10150,MOBILE,18-24,Paris,2025-03-01,2025-03-30,Actif,1,Champions,1,0,1,1,1,2,1344.34,9492.23,247,1
162,10151,MOBILE,25-34,Marseille,2025-03-01,2025-03-07,Clôturé,4,Hors segmentation,7,3,1,1,1,217,0.0,1008.05,27,5
163,10151,MOBILE,25-34,Marseille,2025-06-01,2025-06-20,Actif,1,Clients réguliers,2,1,1,1,1,0,23663.68,1730.32,27,0
164,10152,PARTNER,35-44,Paris,2025-03-01,2025-03-09,Jamais alimenté,3,Hors segmentation,7,,0,0,1,,0.0,0.0,0,0
165,10153,WEB,35-44,Bordeaux,2025-03-01,2025-03-04,Actif,1,Épargnants peu actifs,3,1,1,1,1,1,6608.89,1525.11,36,0
166,10154,PARTNER,25-34,Paris,2025-03-01,2025-03-02,Dormant,2,Épargnants peu actifs,3,23,0,1,1,307,12892.89,800.11,26,0
167,10155,MOBILE,25-34,Paris,2025-03-01,2025-03-16,Actif,1,Champions,1,0,1,1,1,1,1150.05,10770.84,259,2
168,10156,MOBILE,18-24,Toulouse,2025-03-01,2025-03-06,Dormant,2,Endormis,6,0,1,1,1,350,1837.74,837.26,23,7
169,10157,MOBILE,55+,Toulouse,2025-03-01,2025-03-29,Actif,1,Clients réguliers,2,0,1,1,1,2,2023.14,2807.86,71,2
170,10158,MOBILE,25-34,Montpellier,2025-03-01,2025-03-18,Actif,1,Champions,1,3,1,1,1,3,931.93,11770.66,242,8
171,10159,MOBILE,35-44,Nantes,2025-03-01,2025-03-07,Dormant,2,Endormis,6,0,1,1,1,382,937.74,389.26,14,5
172,10160,PARTNER,55+,Paris,2025-03-01,2025-03-02,Clôturé,4,Hors segmentation,7,7,1,1,1,312,0.0,383.13,15,5
173,10161,WEB,18-24,Paris,2025-03-01,2025-03-18,Actif,1,Champions,1,0,1,1,1,1,6664.77,3139.23,71,2
174,10162,WEB,55+,Rennes,2025-03-01,2025-03-11,Actif,1,Champions,1,8,0,1,1,1,3598.81,11397.04,252,0
175,10163,PARTNER,55+,Grenoble,2025-03-01,2025-03-17,Dormant,2,Endormis,6,10,0,1,1,138,1847.22,6725.6,158,1
176,10164,WEB,45-54,Toulouse,2025-03-01,2025-03-04,Jamais alimenté,3,Hors segmentation,7,,0,0,1,,0.0,0.0,0,0
177,10165,WEB,25-34,Lyon,2025-03-01,2025-03-12,Dormant,2,Endormis,6,4,1,1,1,245,1395.86,1818.14,42,1
178,10166,WEB,35-44,Marseille,2025-03-01,2025-03-01,Actif,1,Champions,1,2,1,1,1,0,543.7,12946.23,274,16
179,10167,MOBILE,25-34,Marseille,2025-03-01,2025-03-02,Actif,1,Champions,1,1,1,1,1,1,1369.44,9536.53,231,3
180,10168,PARTNER,25-34,Grenoble,2025-03-01,2025-03-30,Actif,1,Champions,1,11,0,1,1,1,1785.16,11295.29,241,6
181,10169,MOBILE,25-34,Paris,2025-03-01,2025-03-14,Jamais alimenté,3,Hors segmentation,7,,0,0,1,442,0.0,0.0,0,0
182,10170,MOBILE,25-34,Paris,2025-03-01,2025-03-22,Jamais alimenté,3,Hors segmentation,7,,0,0,1,463,0.0,0.0,0,0
183,10171,WEB,45-54,Toulouse,2025-03-01,2025-03-02,Jamais alimenté,3,Hors segmentation,7,,0,0,1,469,0.0,0.0,0,0
184,10172,MOBILE,18-24,Angers,2025-03-01,2025-03-14,Actif,1,Champions,1,0,1,1,1,1,682.95,11519.24,256,2
185,10173,PARTNER,35-44,Paris,2025-03-01,2025-03-27,Jamais alimenté,3,Hors segmentation,7,,0,0,1,,0.0,0.0,0,0
186,10174,PARTNER,35-44,Lille,2025-03-01,2025-03-25,Jamais alimenté,3,Hors segmentation,7,,0,0,1,449,0.0,0.0,0,0
187,10175,MOBILE,25-34,Rennes,2025-03-01,2025-03-15,Actif,1,Champions,1,1,1,1,1,2,11972.23,10963.67,231,8
188,10176,MOBILE,35-44,Paris,2025-03-01,2025-03-29,Dormant,2,Endormis,6,0,1,1,1,267,2317.31,4284.59,109,3
189,10177,MOBILE,55+,Paris,2025-03-01,2025-03-30,Actif,1,Champions,1,6,1,1,1,2,1682.68,9910.05,222,26
190,10178,MOBILE,35-44,Grenoble,2025-03-01,2025-03-29,Dormant,2,Endormis,6,3,1,1,1,285,927.17,1159.83,35,0
191,10179,MOBILE,18-24,Rennes,2025-03-01,2025-03-11,Jamais alimenté,3,Hors segmentation,7,,0,0,1,,0.0,0.0,0,0
192,10180,WEB,25-34,Lyon,2025-03-01,2025-03-17,Actif,1,Clients réguliers,2,2,1,1,1,9,27274.28,2052.72,43,0
193,10181,MOBILE,55+,Lille,2025-03-01,2025-03-06,Actif,1,Champions,1,0,1,1,1,3,2260.53,3026.47,85,3
194,10182,MOBILE,25-34,Lyon,2025-03-01,2025-03-31,Actif,1,Champions,1,11,0,1,1,0,963.91,10071.31,228,15
195,10183,PARTNER,55+,Nice,2025-03-01,2025-03-02,Actif,1,Épargnants peu actifs,3,9,0,1,1,1,12015.16,1815.84,38,0
196,10184,WEB,25-34,Strasbourg,2025-03-01,2025-03-25,Actif,1,Clients réguliers,2,9,0,1,1,1,1368.63,2566.37,79,0
197,10185,WEB,25-34,Toulouse,2025-03-01,2025-03-30,Clôturé,4,Hors segmentation,7,0,1,1,1,242,0.0,1016.93,22,4
198,10186,MOBILE,18-24,Lyon,2025-03-01,2025-03-24,Clôturé,4,Hors segmentation,7,3,1,1,1,155,0.0,998.12,24,23
199,10187,MOBILE,18-24,Rennes,2025-03-01,2025-03-30,Actif,1,Clients réguliers,2,5,1,1,1,2,19891.79,2406.21,72,1
200,10188,MOBILE,25-34,Paris,2025-03-01,2025-03-06,Dormant,2,Épargnants peu actifs,3,0,1,1,1,396,4809.1,744.58,27,5
201,10189,WEB,18-24,Toulouse,2025-03-01,2025-03-22,Actif,1,Clients réguliers,2,0,1,1,1,4,23425.89,2978.11,40,0
202,10190,MOBILE,25-34,Rennes,2025-03-01,2025-03-08,Actif,1,Champions,1,0,1,1,1,1,51.28,10458.77,243,14
203,10191,MOBILE,18-24,Rennes,2025-03-01,2025-03-09,Actif,1,Clients réguliers,2,6,1,1,1,9,5864.98,2804.02,62,1
204,10192,PARTNER,35-44,Saint-Étienne,2025-04-01,2025-04-15,Dormant,2,Endormis,6,21,0,1,1,364,1991.72,370.28,10,0
205,10193,MOBILE,18-24,Bordeaux,2025-04-01,2025-04-14,Actif,1,Clients réguliers,2,0,1,1,1,0,3704.31,2239.69,76,0
206,10194,WEB,18-24,Grenoble,2025-04-01,2025-04-26,Dormant,2,Endormis,6,1,1,1,1,366,1778.76,194.24,5,10
207,10195,WEB,25-34,Bordeaux,2025-04-01,2025-04-10,Jamais alimenté,3,Hors segmentation,7,,0,0,1,438,0.0,0.0,0,0
208,10196,MOBILE,18-24,Nice,2025-04-01,2025-04-09,Jamais alimenté,3,Hors segmentation,7,,0,0,1,,0.0,0.0,0,0
209,10197,WEB,25-34,Paris,2025-04-01,2025-04-21,Actif,1,Champions,1,5,1,1,1,0,510.4,8917.75,240,0
210,10198,PARTNER,25-34,Toulouse,2025-04-01,2025-04-25,Actif,1,Clients réguliers,2,11,0,1,1,1,1161.89,2055.11,65,0
211,10199,PARTNER,45-54,Bordeaux,2025-04-01,2025-04-24,Actif,1,Champions,1,31,0,0,1,0,897.08,10767.47,219,1
212,10200,WEB,25-34,Montpellier,2025-04-01,2025-04-02,Actif,1,Champions,1,10,0,1,1,1,5673.35,9397.22,242,9
213,10201,MOBILE,25-34,Strasbourg,2025-04-01,2025-04-06,Clôturé,4,Hors segmentation,7,5,1,1,1,201,0.0,788.07,21,2
214,10202,MOBILE,25-34,Paris,2025-04-01,2025-04-13,Actif,1,Clients réguliers,2,0,1,1,1,3,9962.7,2055.3,47,0
215,10203,MOBILE,25-34,Nice,2025-04-01,2025-04-07,Dormant,2,Endormis,6,4,1,1,1,332,2497.96,791.04,20,0
216,10204,PARTNER,25-34,Grenoble,2025-04-01,2025-04-09,Dormant,2,Épargnants peu actifs,3,0,1,1,1,283,6877.22,1042.78,22,4
217,10205,WEB,18-24,Grenoble,2025-04-01,2025-04-02,Actif,1,Champions,1,0,1,1,1,0,1041.3,10442.63,245,11
218,10206,MOBILE,18-24,Paris,2025-04-01,2025-04-07,Actif,1,Champions,1,0,1,1,1,0,3026.71,2884.29,77,7
219,10207,WEB,35-44,Nice,2025-04-01,2025-04-29,Actif,1,Clients réguliers,2,8,0,1,1,11,2344.61,2499.39,65,1
220,10208,MOBILE,18-24,Toulouse,2025-04-01,2025-04-09,Actif,1,Clients réguliers,2,4,1,1,1,0,2786.68,3033.32,72,0
221,10209,WEB,25-34,Rennes,2025-04-01,2025-04-28,Actif,1,Clients réguliers,2,20,0,1,1,0,2854.45,2859.55,69,0
222,10210,WEB,55+,Reims,2025-04-01,2025-04-22,Actif,1,Clients réguliers,2,0,1,1,1,22,28898.5,1549.5,33,0
223,10211,PARTNER,55+,Saint-Étienne,2025-04-01,2025-04-13,Actif,1,Clients réguliers,2,3,1,1,1,1,3794.28,3323.72,80,0
224,10212,MOBILE,25-34,Paris,2025-04-01,2025-04-24,Dormant,2,Endormis,6,6,1,1,1,204,432.32,2055.68,41,4
225,10213,MOBILE,25-34,Toulouse,2025-04-01,2025-04-17,Clôturé,4,Hors segmentation,7,5,1,1,1,133,0.0,1204.61,32,0
226,10214,PARTNER,45-54,Paris,2025-04-01,2025-04-02,Jamais alimenté,3,Hors segmentation,7,,0,0,1,447,0.0,0.0,0,0
227,10215,MOBILE,45-54,Montpellier,2025-04-01,2025-04-16,Actif,1,Champions,1,5,1,1,1,0,194.17,11390.88,242,4
228,10216,MOBILE,35-44,Saint-Étienne,2025-04-01,2025-04-23,Actif,1,Clients réguliers,2,3,1,1,1,0,6472.03,2642.97,77,1
229,10217,PARTNER,35-44,Non renseignée,2025-04-01,2025-04-11,Jamais alimenté,3,Hors segmentation,7,,0,0,1,,0.0,0.0,0,0
230,10218,MOBILE,25-34,Paris,2025-04-01,2025-04-06,Actif,1,Champions,1,2,1,1,1,0,1155.62,10361.35,228,1
231,10219,WEB,35-44,Lille,2025-04-01,2025-04-25,Jamais alimenté,3,Hors segmentation,7,,0,0,1,426,0.0,0.0,0,0
232,10220,MOBILE,25-34,Lyon,2025-04-01,2025-04-22,Dormant,2,Endormis,6,1,1,1,1,156,2446.22,6516.74,160,4
233,10221,WEB,45-54,Rennes,2025-04-01,2025-04-08,Dormant,2,Endormis,6,5,1,1,1,322,1501.26,745.74,27,5
234,10222,MOBILE,35-44,Bordeaux,2025-04-01,2025-04-07,Actif,1,Champions,1,6,1,1,1,1,264.13,2034.87,52,21
235,10223,WEB,35-44,Paris,2025-04-01,2025-04-19,Actif,1,Épargnants peu actifs,3,2,1,1,1,1,10301.25,1164.75,34,0
236,10224,MOBILE,18-24,Nice,2025-04-01,2025-04-13,Dormant,2,Épargnants peu actifs,3,1,1,1,1,283,3280.87,1104.13,24,9
237,10225,WEB,25-34,Bordeaux,2025-04-01,2025-04-23,Jamais alimenté,3,Hors segmentation,7,,0,0,1,,0.0,0.0,0,0
238,10226,MOBILE,35-44,Lille,2025-04-01,2025-04-19,Actif,1,Clients réguliers,2,0,1,1,1,0,1069.03,3020.97,84,0
239,10227,MOBILE,25-34,Toulouse,2025-04-01,2025-04-29,Actif,1,Champions,1,2,1,1,1,0,347.11,9830.04,216,11
240,10228,MOBILE,18-24,Nantes,2025-04-01,2025-04-23,Jamais alimenté,3,Hors segmentation,7,,0,0,1,,0.0,0.0,0,0
241,10229,WEB,35-44,Lille,2025-04-01,2025-04-10,Actif,1,Champions,1,3,1,1,1,1,2308.82,9026.38,206,14
242,10230,MOBILE,55+,Bordeaux,2025-04-01,2025-04-26,Actif,1,Champions,1,2,1,1,1,1,1364.62,9858.21,228,2
243,10231,WEB,35-44,Bordeaux,2025-04-01,2025-04-30,Jamais alimenté,3,Hors segmentation,7,,0,0,1,422,0.0,0.0,0,0
244,10232,PARTNER,25-34,Nice,2025-04-01,2025-04-25,Jamais alimenté,3,Hors segmentation,7,,0,0,1,423,0.0,0.0,0,0
245,10233,WEB,25-34,Toulouse,2025-04-01,2025-04-09,Actif,1,Clients réguliers,2,0,1,1,1,1,1146.43,2078.57,64,1
246,10234,MOBILE,25-34,Lyon,2025-04-01,2025-04-11,Clôturé,4,Hors segmentation,7,2,1,1,1,200,0.0,897.97,24,0
247,10235,MOBILE,18-24,Paris,2025-04-01,2025-04-17,Actif,1,Champions,1,3,1,1,1,2,15688.37,2257.63,72,1
248,10235,MOBILE,18-24,Paris,2025-09-01,2025-09-16,Actif,1,Clients réguliers,2,7,1,1,1,4,8950.79,1809.21,31,0
249,10236,WEB,45-54,Paris,2025-04-01,2025-04-01,Actif,1,Épargnants peu actifs,3,0,1,1,1,75,4759.2,2953.8,77,1
250,10237,WEB,18-24,Paris,2025-04-01,2025-04-27,Actif,1,Clients réguliers,2,4,1,1,1,1,3827.08,2781.92,77,4
251,10238,MOBILE,35-44,Marseille,2025-04-01,2025-04-22,Actif,1,Champions,1,7,1,1,1,0,3106.02,9804.94,220,11
252,10239,MOBILE,25-34,Nantes,2025-04-01,2025-04-02,Actif,1,Clients réguliers,2,7,1,1,1,4,3461.9,2453.1,64,3
253,10240,MOBILE,Inconnu,Paris,2025-04-01,2025-04-25,Actif,1,Clients réguliers,2,4,1,1,1,0,694.66,2494.34,66,4
254,10241,WEB,25-34,Dijon,2025-04-01,2025-04-14,Jamais alimenté,3,Hors segmentation,7,,0,0,1,,0.0,0.0,0,0
255,10242,MOBILE,55+,Saint-Étienne,2025-04-01,2025-04-01,Dormant,2,Endormis,6,2,1,1,1,322,1467.54,899.46,26,0
256,10243,MOBILE,18-24,Bordeaux,2025-04-01,2025-04-17,Actif,1,Clients réguliers,2,4,1,1,1,0,828.16,2869.84,72,0
257,10244,WEB,18-24,Lyon,2025-04-01,2025-04-23,Actif,1,Clients réguliers,2,0,1,1,1,0,1030.82,3079.18,77,0
258,10245,MOBILE,25-34,Montpellier,2025-04-01,2025-04-22,Actif,1,Clients réguliers,2,0,1,1,1,3,5248.33,2427.67,69,0
259,10246,MOBILE,25-34,Lyon,2025-04-01,2025-04-26,Actif,1,Champions,1,1,1,1,1,1,2127.31,3850.69,83,0
260,10247,MOBILE,18-24,Lille,2025-04-01,2025-04-30,Clôturé,4,Hors segmentation,7,4,1,1,1,176,0.0,734.55,27,2
261,10248,MOBILE,Inconnu,Angers,2025-04-01,2025-04-09,Dormant,2,Endormis,6,0,1,1,1,263,1656.27,1378.73,40,1
262,10249,MOBILE,55+,Paris,2025-04-01,2025-04-04,Actif,1,Champions,1,2,1,1,1,1,3563.51,9608.51,232,15
263,10250,MOBILE,25-34,Nantes,2025-04-01,2025-04-05,Actif,1,Champions,1,5,1,1,1,0,1839.23,10572.82,231,11
264,10251,MOBILE,18-24,Nice,2025-04-01,2025-04-20,Actif,1,Clients réguliers,2,0,1,1,1,9,3856.74,2653.26,70,6
265,10252,MOBILE,35-44,Paris,2025-04-01,2025-04-16,Actif,1,Champions,1,1,1,1,1,1,234.02,8816.46,204,19
266,10253,WEB,18-24,Nantes,2025-04-01,2025-04-29,Actif,1,Champions,1,1,1,1,1,0,1600.56,8379.33,200,22
267,10254,MOBILE,18-24,Reims,2025-04-01,2025-04-30,Actif,1,Champions,1,3,1,1,1,1,1992.57,8121.0,197,14
268,10254,MOBILE,18-24,Reims,2025-09-01,2025-09-02,Actif,1,Champions,1,7,1,1,1,5,13495.39,1680.61,28,0
269,10255,PARTNER,25-34,Paris,2025-04-01,2025-04-26,Actif,1,Épargnants peu actifs,3,4,1,1,1,15,17897.01,2292.99,36,0
270,10256,MOBILE,25-34,Reims,2025-04-01,2025-04-08,Jamais alimenté,3,Hors segmentation,7,,0,0,1,436,0.0,0.0,0,0
271,10257,MOBILE,25-34,Marseille,2025-04-01,2025-04-08,Actif,1,Champions,1,2,1,1,1,1,885.81,10094.6,233,17
272,10258,MOBILE,25-34,Strasbourg,2025-04-01,2025-04-30,Dormant,2,Endormis,6,1,1,1,1,192,638.36,5426.84,137,5
273,10259,MOBILE,25-34,Marseille,2025-04-01,2025-04-21,Actif,1,Clients réguliers,2,0,1,1,1,4,27148.83,1475.17,41,0
274,10260,MOBILE,25-34,Paris,2025-04-01,2025-04-18,Actif,1,Champions,1,5,1,1,1,2,1971.28,8779.63,223,5
275,10261,WEB,18-24,Montpellier,2025-04-01,2025-04-23,Actif,1,Clients réguliers,2,0,1,1,1,1,5741.02,1878.98,57,0
276,10262,MOBILE,Inconnu,Paris,2025-04-01,2025-04-11,Actif,1,Champions,1,1,1,1,1,0,4345.32,10182.7,251,4
277,10263,MOBILE,18-24,Lyon,2025-05-01,2025-05-09,Actif,1,Champions,1,3,1,1,1,0,1123.48,8582.36,206,5
278,10264,MOBILE,25-34,Paris,2025-05-01,2025-05-12,Actif,1,Champions,1,0,1,1,1,0,415.93,8834.65,217,8
279,10265,WEB,55+,Rennes,2025-05-01,2025-05-31,Actif,1,Champions,1,9,0,1,1,1,3430.72,9135.48,206,4
280,10266,WEB,25-34,Paris,2025-05-01,2025-05-28,Actif,1,Champions,1,4,1,1,1,0,182.81,9207.34,199,6
281,10267,MOBILE,18-24,Nantes,2025-05-01,2025-05-24,Clôturé,4,Hors segmentation,7,1,1,1,1,311,0.0,430.37,13,4
282,10268,MOBILE,25-34,Marseille,2025-05-01,2025-05-04,Actif,1,Clients réguliers,2,1,1,1,1,3,1450.58,1365.42,46,7
283,10269,MOBILE,25-34,Toulouse,2025-05-01,2025-05-28,Actif,1,Champions,1,1,1,1,1,2,2115.92,10404.04,209,3
284,10270,MOBILE,18-24,Lyon,2025-05-01,2025-05-16,Actif,1,Clients réguliers,2,43,0,0,1,3,3379.54,1656.46,56,12
285,10271,MOBILE,55+,Nice,2025-05-01,2025-05-25,Dormant,2,Endormis,6,2,1,1,1,197,1386.11,891.89,28,15
286,10272,WEB,55+,Nantes,2025-05-01,2025-05-09,Actif,1,Épargnants peu actifs,3,2,1,1,1,0,10187.05,2129.95,34,0
287,10273,MOBILE,25-34,Saint-Étienne,2025-05-01,2025-05-03,Actif,1,Champions,1,0,1,1,1,0,998.45,9370.45,195,20
288,10274,MOBILE,35-44,Reims,2025-05-01,2025-05-11,Actif,1,Champions,1,1,1,1,1,1,365.22,8488.21,199,38
289,10275,MOBILE,25-34,Angers,2025-05-01,2025-05-28,Actif,1,Champions,1,6,1,1,1,0,12417.69,8601.16,213,5
290,10276,MOBILE,25-34,Montpellier,2025-05-01,2025-05-12,Dormant,2,Endormis,6,1,1,1,1,321,94.95,743.05,13,12
291,10277,WEB,35-44,Rennes,2025-05-01,2025-05-02,Actif,1,Champions,1,1,1,1,1,3,1064.49,10278.93,231,2
292,10278,MOBILE,25-34,Marseille,2025-05-01,2025-05-05,Actif,1,Champions,1,3,1,1,1,2,190.22,8509.24,206,5
293,10279,WEB,25-34,Bordeaux,2025-05-01,2025-05-12,Actif,1,Champions,1,2,1,1,1,0,488.52,8794.89,218,1
294,10280,MOBILE,35-44,Paris,2025-05-01,2025-05-12,Jamais alimenté,3,Hors segmentation,7,,0,0,1,406,0.0,0.0,0,0
295,10281,MOBILE,35-44,Paris,2025-05-01,2025-05-14,Actif,1,Champions,1,3,1,1,1,3,479.85,7836.53,200,16
296,10282,WEB,35-44,Grenoble,2025-05-01,2025-05-16,Actif,1,Clients réguliers,2,0,1,1,1,0,1135.46,1724.54,51,3
297,10283,WEB,35-44,Paris,2025-05-01,2025-05-02,Actif,1,Clients réguliers,2,2,1,1,1,6,12290.3,1995.7,35,0
298,10284,PARTNER,25-34,Lyon,2025-05-01,2025-05-22,Jamais alimenté,3,Hors segmentation,7,,0,0,1,395,0.0,0.0,0,0
299,10285,MOBILE,35-44,Montpellier,2025-05-01,2025-05-31,Actif,1,Champions,1,2,1,1,1,0,2421.5,8243.6,190,2
300,10285,MOBILE,35-44,Montpellier,2025-07-01,2025-07-01,Actif,1,Épargnants peu actifs,3,11,0,1,1,5,16071.92,1500.08,34,2
301,10286,WEB,55+,Marseille,2025-05-01,2025-05-23,Actif,1,Clients réguliers,2,0,1,1,1,2,6806.82,2304.18,64,1
302,10287,PARTNER,35-44,Paris,2025-05-01,2025-05-14,Clôturé,4,Hors segmentation,7,1,1,1,1,154,0.0,5104.03,103,6
303,10288,MOBILE,18-24,Paris,2025-05-01,2025-05-09,Jamais alimenté,3,Hors segmentation,7,,0,0,1,415,0.0,0.0,0,0
304,10289,PARTNER,18-24,Bordeaux,2025-05-01,2025-05-13,Actif,1,Champions,1,3,1,1,1,1,3065.59,2706.41,72,3
305,10290,MOBILE,25-34,Grenoble,2025-05-01,2025-05-18,Actif,1,Champions,1,3,1,1,1,1,215.49,8445.36,214,8
306,10291,MOBILE,18-24,Montpellier,2025-05-01,2025-05-18,Dormant,2,Épargnants peu actifs,3,1,1,1,1,209,20491.96,1273.04,27,0
307,10292,MOBILE,45-54,Lyon,2025-05-01,2025-05-27,Actif,1,Champions,1,2,1,1,1,2,1160.44,8778.72,204,4
308,10293,WEB,45-54,Nice,2025-05-01,2025-05-14,Jamais alimenté,3,Hors segmentation,7,,0,0,1,393,0.0,0.0,0,0
309,10294,MOBILE,25-34,Toulouse,2025-05-01,2025-05-02,Actif,1,Épargnants peu actifs,3,4,1,1,1,7,24028.57,1662.43,32,0
310,10295,MOBILE,Inconnu,Paris,2025-05-01,2025-05-17,Actif,1,Champions,1,3,1,1,1,0,1165.65,10136.61,233,5
311,10296,WEB,18-24,Paris,2025-05-01,2025-05-19,Actif,1,Champions,1,3,1,1,1,0,261.87,8555.78,212,9
312,10296,WEB,18-24,Paris,2025-11-01,2025-11-25,Actif,1,Clients réguliers,2,2,1,1,1,0,3637.61,996.39,17,0
313,10297,MOBILE,18-24,Marseille,2025-05-01,2025-05-31,Actif,1,Clients réguliers,2,0,1,1,1,11,1779.46,2945.54,80,0
314,10297,MOBILE,18-24,Marseille,2025-11-01,2025-11-02,Actif,1,Clients réguliers,2,1,1,1,1,7,6887.46,1053.54,27,0
315,10298,MOBILE,25-34,Rennes,2025-05-01,2025-05-31,Dormant,2,Épargnants peu actifs,3,1,1,1,1,119,4367.8,1221.2,37,7
316,10299,WEB,45-54,Dijon,2025-05-01,2025-05-28,Actif,1,Champions,1,0,1,1,1,0,2696.01,8044.41,192,9
317,10300,MOBILE,25-34,Bordeaux,2025-05-01,2025-05-31,Actif,1,Champions,1,0,1,1,1,0,1681.07,10279.78,218,0
318,10301,WEB,18-24,Montpellier,2025-05-01,2025-05-29,Actif,1,Champions,1,2,1,1,1,1,47.85,8724.18,185,12
319,10302,WEB,35-44,Marseille,2025-05-01,2025-05-22,Actif,1,Clients réguliers,2,0,1,1,1,5,13227.32,1530.68,35,0
320,10303,MOBILE,35-44,Paris,2025-05-01,2025-05-30,Clôturé,4,Hors segmentation,7,2,1,1,1,127,0.0,925.47,21,11
321,10304,MOBILE,25-34,Non renseignée,2025-05-01,2025-05-17,Actif,1,Champions,1,11,0,1,1,0,313.24,9134.01,196,12
322,10305,WEB,35-44,Paris,2025-05-01,2025-05-23,Actif,1,Champions,1,5,1,1,1,0,684.19,2803.81,69,0
323,10306,MOBILE,55+,Montpellier,2025-05-01,2025-05-17,Actif,1,Clients réguliers,2,7,1,1,1,2,1452.25,2669.75,69,2
324,10307,MOBILE,35-44,Lille,2025-05-01,2025-05-19,Clôturé,4,Hors segmentation,7,0,1,1,1,113,0.0,1605.32,46,3
325,10308,MOBILE,18-24,Lyon,2025-05-01,2025-05-02,Jamais alimenté,3,Hors segmentation,7,,0,0,1,403,0.0,0.0,0,0
326,10309,MOBILE,25-34,Paris,2025-05-01,2025-05-04,Clôturé,4,Hors segmentation,7,3,1,1,1,161,0.0,1163.61,27,10
327,10310,WEB,25-34,Bordeaux,2025-05-01,2025-05-30,Jamais alimenté,3,Hors segmentation,7,,0,0,1,,0.0,0.0,0,0
328,10311,MOBILE,45-54,Nice,2025-05-01,2025-05-07,Actif,1,Épargnants peu actifs,3,5,1,1,1,0,18626.54,1235.46,29,1
329,10312,WEB,55+,Toulouse,2025-05-01,2025-05-02,Actif,1,Épargnants peu actifs,3,2,1,1,1,0,23741.15,2186.85,32,0
330,10313,MOBILE,25-34,Paris,2025-05-01,2025-05-03,Actif,1,Champions,1,4,1,1,1,5,18.33,7969.56,174,25
331,10314,PARTNER,Inconnu,Saint-Étienne,2025-05-01,2025-05-18,Actif,1,Champions,1,17,0,1,1,4,987.62,7152.8,187,7
332,10315,WEB,35-44,Bordeaux,2025-05-01,2025-05-20,Actif,1,Champions,1,1,1,1,1,0,190.35,10094.9,226,1
333,10316,MOBILE,18-24,Lyon,2025-05-01,2025-05-12,Dormant,2,Épargnants peu actifs,3,1,1,1,1,106,7367.56,1219.44,43,0
334,10317,MOBILE,55+,Lille,2025-05-01,2025-05-12,Actif,1,Champions,1,4,1,1,1,0,947.13,9938.32,201,5
335,10318,MOBILE,25-34,Paris,2025-05-01,2025-05-30,Actif,1,Champions,1,5,1,1,1,4,979.26,9998.17,206,15
336,10319,WEB,45-54,Paris,2025-05-01,2025-05-22,Actif,1,Champions,1,3,1,1,1,1,2445.28,9245.12,202,1
337,10320,WEB,18-24,Nantes,2025-05-01,2025-05-31,Clôturé,4,Hors segmentation,7,1,1,1,1,224,0.0,295.31,9,4
338,10321,MOBILE,18-24,Paris,2025-05-01,2025-05-27,Clôturé,4,Hors segmentation,7,9,0,1,1,293,0.0,229.5,7,8
339,10321,MOBILE,18-24,Paris,2025-09-01,2025-09-28,Actif,1,Clients réguliers,2,1,1,1,1,8,24996.4,848.6,15,0
340,10322,MOBILE,18-24,Strasbourg,2025-05-01,2025-05-11,Clôturé,4,Hors segmentation,7,2,1,1,1,118,0.0,560.6,21,25
341,10323,WEB,Inconnu,Toulouse,2025-05-01,2025-05-10,Jamais alimenté,3,Hors segmentation,7,,0,0,1,406,0.0,0.0,0,0
342,10324,MOBILE,25-34,Lyon,2025-05-01,2025-05-21,Actif,1,Champions,1,3,1,1,1,0,2412.31,11002.05,221,3
343,10325,WEB,55+,Lille,2025-05-01,2025-05-11,Clôturé,4,Hors segmentation,7,5,1,1,1,236,0.0,517.95,17,4
344,10326,PARTNER,45-54,Dijon,2025-05-01,2025-05-27,Jamais alimenté,3,Hors segmentation,7,,0,0,1,,0.0,0.0,0,0
345,10327,MOBILE,25-34,Paris,2025-05-01,2025-05-18,Actif,1,Champions,1,1,1,1,1,0,239.98,9936.41,213,42
346,10328,MOBILE,35-44,Non renseignée,2025-05-01,2025-05-28,Actif,1,Clients réguliers,2,2,1,1,1,13,1191.12,3108.88,62,2
347,10329,PARTNER,45-54,Montpellier,2025-05-01,2025-05-23,Clôturé,4,Hors segmentation,7,0,1,1,1,68,0.0,1229.83,42,0
348,10330,MOBILE,45-54,Toulouse,2025-05-01,2025-05-21,Clôturé,4,Hors segmentation,7,0,1,1,1,291,0.0,326.13,8,0
349,10331,MOBILE,35-44,Toulouse,2025-05-01,2025-05-13,Dormant,2,Endormis,6,4,1,1,1,248,2586.98,410.02,17,19
350,10332,MOBILE,45-54,Nantes,2025-05-01,2025-05-16,Actif,1,Clients réguliers,2,0,1,1,1,6,903.06,2771.94,64,1
351,10333,MOBILE,25-34,Montpellier,2025-05-01,2025-05-13,Actif,1,Champions,1,4,1,1,1,8,1643.1,3354.9,87,0
352,10334,WEB,45-54,Lyon,2025-05-01,2025-05-25,Actif,1,Champions,1,0,1,1,1,0,2233.08,8051.15,200,0
353,10335,MOBILE,25-34,Grenoble,2025-05-01,2025-05-08,Dormant,2,Endormis,6,0,1,1,1,234,757.35,751.65,21,19
354,10336,WEB,18-24,Marseille,2025-05-01,2025-05-26,Actif,1,Clients réguliers,2,2,1,1,1,2,25846.02,2026.98,33,0
355,10337,MOBILE,25-34,Reims,2025-05-01,2025-05-22,Actif,1,Champions,1,10,0,1,1,2,858.07,9897.96,217,5
356,10338,MOBILE,18-24,Paris,2025-05-01,2025-05-08,Actif,1,Champions,1,0,1,1,1,1,5757.21,2492.79,70,4
357,10339,MOBILE,45-54,Rennes,2025-05-01,2025-05-16,Actif,1,Champions,1,0,1,1,1,3,3172.32,10010.15,221,1
358,10340,MOBILE,55+,Lyon,2025-05-01,2025-05-13,Actif,1,Clients réguliers,2,1,1,1,1,0,4062.54,1740.46,48,14
359,10341,WEB,35-44,Paris,2025-05-01,2025-05-06,Actif,1,Champions,1,1,1,1,1,0,4828.99,9005.17,228,1
360,10342,MOBILE,45-54,Lyon,2025-05-01,2025-05-12,Actif,1,Champions,1,2,1,1,1,5,3064.22,2234.78,70,9
361,10343,WEB,18-24,Strasbourg,2025-05-01,2025-05-26,Dormant,2,Endormis,6,2,1,1,1,169,278.51,2108.49,42,7
362,10344,MOBILE,55+,Toulouse,2025-05-01,2025-05-21,Actif,1,Champions,1,2,1,1,1,0,2777.33,9217.7,208,31
363,10345,PARTNER,55+,Rennes,2025-05-01,2025-05-27,Jamais alimenté,3,Hors segmentation,7,,0,0,1,,0.0,0.0,0,0
364,10346,MOBILE,35-44,Paris,2025-05-01,2025-05-11,Actif,1,Champions,1,2,1,1,1,6,198.47,7739.51,189,8
365,10347,WEB,25-34,Marseille,2025-05-01,2025-05-11,Actif,1,Clients réguliers,2,4,1,1,1,1,1742.88,2051.12,54,0
366,10348,WEB,35-44,Marseille,2025-05-01,2025-05-03,Actif,1,Clients réguliers,2,0,1,1,1,4,4905.12,2018.88,61,0
367,10349,MOBILE,55+,Lyon,2025-05-01,2025-05-24,Dormant,2,Épargnants peu actifs,3,0,1,1,1,302,3037.67,935.33,17,0
368,10350,MOBILE,25-34,Paris,2025-06-01,2025-06-22,Dormant,2,Endormis,6,2,1,1,1,311,579.69,268.31,12,0
369,10350,MOBILE,25-34,Paris,2025-11-01,2025-11-17,Actif,1,Épargnants peu actifs,3,1,1,1,1,5,14460.43,609.57,18,0
370,10351,PARTNER,35-44,Paris,2025-06-01,2025-06-09,Actif,1,Clients réguliers,2,17,0,1,1,5,2031.41,1361.59,54,6
371,10352,MOBILE,35-44,Paris,2025-06-01,2025-06-30,Clôturé,4,Hors segmentation,7,3,1,1,1,151,0.0,960.83,17,14
372,10353,WEB,45-54,Marseille,2025-06-01,2025-06-14,Actif,1,Clients réguliers,2,1,1,1,1,22,15420.78,1692.22,36,0
373,10353,WEB,45-54,Marseille,2025-12-01,2025-12-27,Actif,1,Clients réguliers,2,5,1,1,1,1,4309.35,820.65,17,0
374,10354,MOBILE,25-34,Paris,2025-06-01,2025-06-13,Actif,1,Clients réguliers,2,0,1,1,1,3,1491.49,1902.51,60,0
375,10355,WEB,25-34,Angers,2025-06-01,2025-06-12,Actif,1,Champions,1,2,1,1,1,1,1002.73,7276.76,179,11
376,10356,MOBILE,45-54,Paris,2025-06-01,2025-06-13,Dormant,2,Endormis,6,5,1,1,1,303,1459.72,459.28,11,7
377,10357,PARTNER,25-34,Toulouse,2025-06-01,2025-06-04,Actif,1,Champions,1,5,1,1,1,0,3320.32,9502.69,228,8
378,10357,PARTNER,25-34,Toulouse,2025-08-01,2025-08-26,Actif,1,Épargnants peu actifs,3,9,0,1,1,1,18679.11,909.89,17,0
379,10358,MOBILE,25-34,Paris,2025-06-01,2025-06-04,Actif,1,Clients réguliers,2,0,1,1,1,0,192.02,2291.98,76,4
380,10359,MOBILE,25-34,Paris,2025-06-01,2025-06-17,Actif,1,Champions,1,0,1,1,1,4,1520.59,8477.86,209,2
381,10360,WEB,55+,Reims,2025-06-01,2025-06-05,Jamais alimenté,3,Hors segmentation,7,,0,0,1,386,0.0,0.0,0,0
382,10361,MOBILE,Inconnu,Reims,2025-06-01,2025-06-07,Jamais alimenté,3,Hors segmentation,7,,0,0,1,368,0.0,0.0,0,0
383,10362,MOBILE,35-44,Montpellier,2025-06-01,2025-06-12,Jamais alimenté,3,Hors segmentation,7,,0,0,1,369,0.0,0.0,0,0
384,10363,MOBILE,35-44,Grenoble,2025-06-01,2025-06-05,Actif,1,Champions,1,7,1,1,1,0,638.71,7366.69,172,18
385,10363,MOBILE,35-44,Grenoble,2025-12-01,2025-12-01,Actif,1,Épargnants peu actifs,3,8,0,1,1,1,10040.49,818.51,16,0
386,10364,MOBILE,18-24,Strasbourg,2025-06-01,2025-06-30,Actif,1,Champions,1,0,1,1,1,0,1119.15,9941.86,206,4
387,10365,MOBILE,35-44,Strasbourg,2025-06-01,2025-06-11,Actif,1,Clients réguliers,2,0,1,1,1,1,405.17,2191.83,65,4
388,10366,MOBILE,18-24,Nice,2025-06-01,2025-06-10,Jamais alimenté,3,Hors segmentation,7,,0,0,1,377,0.0,0.0,0,0
389,10367,MOBILE,25-34,Grenoble,2025-06-01,2025-06-06,Clôturé,4,Hors segmentation,7,1,1,1,1,269,0.0,459.47,10,0
390,10368,MOBILE,18-24,Paris,2025-06-01,2025-06-24,Actif,1,Clients réguliers,2,1,1,1,1,4,5945.07,1647.93,53,0
391,10369,MOBILE,45-54,Bordeaux,2025-06-01,2025-06-28,Actif,1,Clients réguliers,2,5,1,1,1,2,2825.61,2260.39,63,0
392,10370,MOBILE,35-44,Dijon,2025-06-01,2025-06-09,Actif,1,Occasionnels,4,3,1,1,1,2,2453.26,2071.74,54,0
393,10371,WEB,35-44,Lyon,2025-06-01,2025-06-25,Dormant,2,Endormis,6,4,1,1,1,290,21.43,782.57,15,0
394,10372,MOBILE,18-24,Nantes,2025-06-01,2025-06-19,Actif,1,Clients réguliers,2,3,1,1,1,10,2438.32,1985.68,53,15
395,10373,WEB,25-34,Paris,2025-06-01,2025-06-25,Actif,1,Clients réguliers,2,0,1,1,1,4,2103.61,1873.39,63,0
396,10374,MOBILE,45-54,Rennes,2025-06-01,2025-06-03,Clôturé,4,Hors segmentation,7,1,1,1,1,127,0.0,1458.71,43,0
397,10375,MOBILE,18-24,Montpellier,2025-06-01,2025-06-04,Dormant,2,Endormis,6,1,1,1,1,299,858.86,812.14,18,1
398,10376,MOBILE,55+,Montpellier,2025-06-01,2025-06-22,Actif,1,Champions,1,2,1,1,1,1,98.56,8142.91,220,1
399,10377,MOBILE,25-34,Marseille,2025-06-01,2025-06-18,Clôturé,4,Hors segmentation,7,0,1,1,1,141,0.0,1178.52,43,0
400,10378,PARTNER,25-34,Paris,2025-06-01,2025-06-02,Jamais alimenté,3,Hors segmentation,7,,0,0,1,,0.0,0.0,0,0
401,10379,PARTNER,35-44,Rennes,2025-06-01,2025-06-06,Jamais alimenté,3,Hors segmentation,7,,0,0,1,388,0.0,0.0,0,0
402,10380,WEB,Inconnu,Paris,2025-06-01,2025-06-30,Actif,1,Champions,1,1,1,1,1,1,131.72,10010.15,240,1
403,10381,WEB,35-44,Lyon,2025-06-01,2025-06-24,Actif,1,Champions,1,4,1,1,1,0,1705.68,8856.32,209,4
404,10382,MOBILE,25-34,Paris,2025-06-01,2025-06-14,Actif,1,Clients réguliers,2,4,1,1,1,0,2458.65,2176.35,74,0
405,10383,WEB,18-24,Saint-Étienne,2025-06-01,2025-06-14,Actif,1,Épargnants peu actifs,3,0,1,1,1,10,6903.73,1188.27,30,1
406,10384,MOBILE,35-44,Rennes,2025-06-01,2025-06-19,Actif,1,Champions,1,2,1,1,1,0,1385.47,7742.98,187,5
407,10385,MOBILE,25-34,Dijon,2025-06-01,2025-06-10,Jamais alimenté,3,Hors segmentation,7,,0,0,1,378,0.0,0.0,0,0
408,10386,MOBILE,Inconnu,Lyon,2025-06-01,2025-06-26,Actif,1,Champions,1,3,1,1,1,2,343.26,7960.92,191,8
409,10387,WEB,25-34,Marseille,2025-06-01,2025-06-29,Actif,1,Clients réguliers,2,2,1,1,1,1,29274.7,2456.3,41,0
410,10388,MOBILE,55+,Toulouse,2025-06-01,2025-06-06,Actif,1,Clients réguliers,2,1,1,1,1,0,4276.17,2697.83,43,0
411,10389,MOBILE,35-44,Marseille,2025-06-01,2025-06-05,Actif,1,Champions,1,0,1,1,1,2,225.97,7272.69,164,29
412,10390,MOBILE,25-34,Toulouse,2025-06-01,2025-06-06,Actif,1,Clients réguliers,2,2,1,1,1,0,18314.76,1627.24,33,0
413,10391,WEB,18-24,Rennes,2025-06-01,2025-06-03,Dormant,2,Endormis,6,4,1,1,1,297,1337.41,1362.59,18,1
414,10392,MOBILE,18-24,Montpellier,2025-06-01,2025-06-10,Dormant,2,Endormis,6,0,1,1,1,149,434.24,849.76,34,20
415,10393,MOBILE,25-34,Paris,2025-06-01,2025-06-26,Actif,1,Champions,1,0,1,1,1,1,2293.98,7665.92,183,9
416,10394,MOBILE,18-24,Paris,2025-06-01,2025-06-03,Jamais alimenté,3,Hors segmentation,7,,0,0,1,,0.0,0.0,0,0
417,10395,MOBILE,35-44,Nantes,2025-06-01,2025-06-22,Actif,1,Champions,1,0,1,1,1,5,958.66,9794.24,221,0
418,10396,WEB,35-44,Marseille,2025-06-01,2025-06-21,Actif,1,Champions,1,3,1,1,1,0,1050.5,9711.77,193,10
419,10396,WEB,35-44,Marseille,2025-11-01,2025-11-04,Actif,1,Clients réguliers,2,1,1,1,1,0,6053.17,1049.83,17,0
420,10397,MOBILE,25-34,Montpellier,2025-06-01,2025-06-29,Actif,1,Champions,1,5,1,1,1,0,862.84,6245.18,145,28
421,10398,MOBILE,25-34,Strasbourg,2025-06-01,2025-06-05,Dormant,2,Endormis,6,0,1,1,1,157,1011.68,2338.32,41,0
422,10399,WEB,18-24,Dijon,2025-06-01,2025-06-17,Dormant,2,Endormis,6,1,1,1,1,344,129.64,398.36,11,0
423,10400,MOBILE,25-34,Marseille,2025-06-01,2025-06-28,Actif,1,Champions,1,1,1,1,1,0,406.37,7155.34,183,9
424,10401,WEB,35-44,Lyon,2025-06-01,2025-06-24,Actif,1,Champions,1,10,0,1,1,0,582.67,7099.22,171,5
425,10402,WEB,45-54,Strasbourg,2025-06-01,2025-06-09,Actif,1,Champions,1,3,1,1,1,0,141.81,9162.39,187,4
426,10403,MOBILE,25-34,Paris,2025-06-01,2025-06-20,Actif,1,Champions,1,0,1,1,1,5,7899.72,3145.28,72,1
427,10404,MOBILE,25-34,Dijon,2025-06-01,2025-06-29,Dormant,2,Endormis,6,4,1,1,1,169,3.89,895.11,22,17
428,10405,WEB,35-44,Reims,2025-06-01,2025-06-04,Clôturé,4,Hors segmentation,7,2,1,1,1,230,0.0,245.55,8,15
429,10406,WEB,25-34,Bordeaux,2025-06-01,2025-06-09,Actif,1,Champions,1,1,1,1,1,3,225.48,7373.96,178,7
430,10406,WEB,25-34,Bordeaux,2025-07-01,2025-07-25,Actif,1,Épargnants peu actifs,3,3,1,1,1,3,11565.04,1520.96,29,0
431,10407,MOBILE,18-24,Rennes,2025-06-01,2025-06-21,Actif,1,Champions,1,0,1,1,1,0,517.01,7424.16,170,16
432,10408,WEB,55+,Nice,2025-06-01,2025-06-05,Actif,1,Clients réguliers,2,18,0,1,1,2,10285.87,1935.13,32,0
433,10409,WEB,25-34,Paris,2025-06-01,2025-06-17,Actif,1,Champions,1,4,1,1,1,0,1945.41,7130.1,181,0
434,10410,MOBILE,35-44,Montpellier,2025-06-01,2025-06-20,Actif,1,Clients réguliers,2,3,1,1,1,4,5229.57,2564.43,62,0
435,10411,WEB,25-34,Paris,2025-06-01,2025-06-15,Actif,1,Clients réguliers,2,1,1,1,1,1,301.61,1719.39,50,1
436,10412,WEB,25-34,Paris,2025-06-01,2025-06-10,Dormant,2,Endormis,6,13,0,1,1,299,2153.61,1499.44,40,1
437,10413,WEB,55+,Paris,2025-06-01,2025-06-03,Actif,1,Clients réguliers,2,2,1,1,1,1,8844.98,1865.02,38,0
438,10414,MOBILE,Inconnu,Nice,2025-06-01,2025-06-04,Actif,1,Clients réguliers,2,0,1,1,1,2,305.46,1092.54,30,27
439,10415,MOBILE,25-34,Lyon,2025-06-01,2025-06-26,Actif,1,Champions,1,0,1,1,1,0,1312.39,8626.8,205,2
440,10415,MOBILE,25-34,Lyon,2025-09-01,2025-09-15,Actif,1,Épargnants peu actifs,3,0,1,1,1,15,9967.57,1128.43,28,0
441,10416,WEB,25-34,Marseille,2025-06-01,2025-06-12,Dormant,2,Endormis,6,1,1,1,1,214,510.7,3639.24,81,13
442,10417,MOBILE,Inconnu,Rennes,2025-06-01,2025-06-05,Clôturé,4,Hors segmentation,7,3,1,1,1,221,0.0,447.52,16,15
443,10418,MOBILE,18-24,Bordeaux,2025-06-01,2025-06-01,Actif,1,Clients réguliers,2,2,1,1,1,1,6110.82,2717.18,66,7
444,10419,MOBILE,35-44,Marseille,2025-06-01,2025-06-21,Actif,1,Champions,1,2,1,1,1,2,2027.66,3091.34,67,1
445,10420,MOBILE,35-44,Grenoble,2025-07-01,2025-07-22,Dormant,2,Endormis,6,1,1,1,1,167,5.77,758.23,23,22
446,10421,PARTNER,25-34,Lyon,2025-07-01,2025-07-16,Actif,1,Clients réguliers,2,7,1,1,1,1,1736.92,1941.08,54,0
447,10422,WEB,35-44,Toulouse,2025-07-01,2025-07-29,Actif,1,Clients réguliers,2,1,1,1,1,1,1827.84,1854.16,44,8
448,10423,MOBILE,35-44,Paris,2025-07-01,2025-07-05,Clôturé,4,Hors segmentation,7,11,0,1,1,80,0.0,788.6,20,13
449,10424,WEB,35-44,Grenoble,2025-07-01,2025-07-22,Actif,1,Champions,1,4,1,1,1,1,631.57,2663.43,52,7
450,10425,MOBILE,25-34,Lille,2025-07-01,2025-07-16,Dormant,2,Endormis,6,2,1,1,1,104,1858.78,2208.22,51,1
451,10425,MOBILE,25-34,Lille,2025-10-01,2025-10-17,Actif,1,Épargnants peu actifs,3,0,1,1,1,6,22452.5,1042.5,19,0
452,10426,MOBILE,35-44,Marseille,2025-07-01,2025-07-08,Clôturé,4,Hors segmentation,7,1,1,1,1,250,0.0,389.9,11,6
453,10427,MOBILE,18-24,Nice,2025-07-01,2025-07-13,Clôturé,4,Hors segmentation,7,2,1,1,1,164,0.0,415.5,13,5
454,10428,MOBILE,55+,Marseille,2025-07-01,2025-07-18,Actif,1,Clients réguliers,2,0,1,1,1,1,538.88,2590.12,54,1
455,10428,MOBILE,55+,Marseille,2025-12-01,2025-12-20,Actif,1,Occasionnels,4,1,1,1,1,23,1782.81,410.19,9,0
456,10429,MOBILE,25-34,Strasbourg,2025-07-01,2025-07-09,Clôturé,4,Hors segmentation,7,6,1,1,1,90,0.0,1182.76,33,5
457,10430,WEB,45-54,Reims,2025-07-01,2025-07-11,Actif,1,Champions,1,2,1,1,1,0,211.71,5495.12,159,18
458,10431,PARTNER,55+,Paris,2025-07-01,2025-07-30,Actif,1,Clients réguliers,2,6,1,1,1,6,22194.98,1541.02,34,0
459,10432,MOBILE,45-54,Toulouse,2025-07-01,2025-07-24,Actif,1,Champions,1,4,1,1,1,1,1019.17,9543.51,188,7
460,10433,MOBILE,25-34,Dijon,2025-07-01,2025-07-18,Clôturé,4,Hors segmentation,7,0,1,1,1,198,0.0,97.3,3,4
461,10434,WEB,35-44,Strasbourg,2025-07-01,2025-07-14,Actif,1,Épargnants peu actifs,3,2,1,1,1,6,6138.34,1169.66,26,0
462,10435,MOBILE,25-34,Paris,2025-07-01,2025-07-07,Dormant,2,Épargnants peu actifs,3,7,1,1,1,172,5999.79,912.21,27,13
463,10436,WEB,45-54,Paris,2025-07-01,2025-07-23,Actif,1,Champions,1,2,1,1,1,1,1652.37,2439.63,61,0
464,10437,WEB,35-44,Angers,2025-07-01,2025-07-23,Clôturé,4,Hors segmentation,7,6,1,1,1,238,0.0,128.66,3,0
465,10438,WEB,55+,Bordeaux,2025-07-01,2025-07-31,Actif,1,Clients réguliers,2,2,1,1,1,8,7715.15,1825.85,28,0
466,10439,WEB,45-54,Paris,2025-07-01,2025-07-17,Actif,1,Clients réguliers,2,4,1,1,1,0,1281.71,2161.29,55,1
467,10440,MOBILE,25-34,Montpellier,2025-07-01,2025-07-26,Dormant,2,Endormis,6,3,1,1,1,304,247.57,323.43,9,2
468,10441,MOBILE,35-44,Saint-Étienne,2025-07-01,2025-07-08,Clôturé,4,Hors segmentation,7,1,1,1,1,69,0.0,1510.3,34,4
469,10442,PARTNER,25-34,Grenoble,2025-07-01,2025-07-11,Actif,1,Champions,1,1,1,1,1,1,801.9,6768.88,166,17
470,10443,WEB,25-34,Nantes,2025-07-01,2025-07-11,Actif,1,Clients réguliers,2,4,1,1,1,4,2229.88,1983.12,54,8
471,10444,MOBILE,25-34,Grenoble,2025-07-01,2025-07-23,Jamais alimenté,3,Hors segmentation,7,,0,0,1,308,0.0,0.0,0,0
472,10445,WEB,45-54,Toulouse,2025-07-01,2025-07-15,Actif,1,Champions,1,2,1,1,1,1,736.21,8061.47,188,9
473,10446,WEB,45-54,Rennes,2025-07-01,2025-07-12,Dormant,2,Endormis,6,1,1,1,1,110,1394.23,5780.84,119,18
474,10447,WEB,55+,Lyon,2025-07-01,2025-07-23,Dormant,2,Endormis,6,8,0,1,1,110,359.37,817.63,26,8
475,10448,MOBILE,Inconnu,Saint-Étienne,2025-07-01,2025-07-11,Jamais alimenté,3,Hors segmentation,7,,0,0,1,,0.0,0.0,0,0
476,10449,MOBILE,25-34,Dijon,2025-07-01,2025-07-30,Actif,1,Champions,1,0,1,1,1,5,745.1,2060.9,54,7
477,10449,MOBILE,25-34,Dijon,2025-09-01,2025-09-28,Actif,1,Clients réguliers,2,0,1,1,1,2,12076.33,1296.67,29,0
478,10450,MOBILE,25-34,Saint-Étienne,2025-07-01,2025-07-08,Actif,1,Champions,1,8,0,1,1,0,632.55,9441.67,214,9
479,10451,MOBILE,25-34,Lyon,2025-07-01,2025-07-22,Jamais alimenté,3,Hors segmentation,7,,0,0,1,333,0.0,0.0,0,0
480,10452,WEB,45-54,Nantes,2025-07-01,2025-07-14,Jamais alimenté,3,Hors segmentation,7,,0,0,1,344,0.0,0.0,0,0
481,10453,MOBILE,18-24,Paris,2025-07-01,2025-07-06,Actif,1,Clients réguliers,2,3,1,1,1,1,4417.66,1931.34,56,0
482,10454,MOBILE,45-54,Paris,2025-07-01,2025-07-07,Actif,1,Champions,1,3,1,1,1,0,468.24,9147.17,195,4
483,10454,MOBILE,45-54,Paris,2026-01-01,2026-01-12,Actif,1,Épargnants peu actifs,3,0,1,1,1,11,12682.11,535.89,12,0
484,10455,WEB,25-34,Lyon,2025-07-01,2025-07-11,Actif,1,Champions,1,5,1,1,1,0,775.26,6506.06,158,9
485,10456,MOBILE,18-24,Paris,2025-07-01,2025-07-10,Clôturé,4,Hors segmentation,7,6,1,1,1,52,0.0,1715.74,39,1
486,10457,MOBILE,35-44,Marseille,2025-07-01,2025-07-28,Actif,1,Champions,1,1,1,1,1,0,1934.19,8512.5,190,1
487,10458,MOBILE,35-44,Marseille,2025-07-01,2025-07-12,Dormant,2,Endormis,6,1,1,1,1,309,936.72,478.28,12,2
488,10459,MOBILE,18-24,Paris,2025-07-01,2025-07-09,Actif,1,Champions,1,1,1,1,1,4,2970.67,2549.33,60,3
489,10460,WEB,55+,Paris,2025-07-01,2025-07-11,Actif,1,Champions,1,1,1,1,1,0,4858.62,6846.97,185,7
490,10461,MOBILE,25-34,Saint-Étienne,2025-07-01,2025-07-24,Actif,1,Champions,1,3,1,1,1,1,2430.2,8233.02,159,8
491,10462,MOBILE,35-44,Toulouse,2025-07-01,2025-07-18,Actif,1,Champions,1,1,1,1,1,0,1665.25,6560.72,166,25
492,10463,WEB,45-54,Montpellier,2025-07-01,2025-07-27,Dormant,2,Endormis,6,0,1,1,1,238,3.71,662.29,20,5
493,10464,MOBILE,25-34,Nice,2025-07-01,2025-07-29,Clôturé,4,Hors segmentation,7,6,1,1,1,207,0.0,746.57,10,0
494,10465,WEB,Inconnu,Bordeaux,2025-07-01,2025-07-30,Jamais alimenté,3,Hors segmentation,7,,0,0,1,,0.0,0.0,0,0
495,10466,MOBILE,18-24,Toulouse,2025-07-01,2025-07-18,Actif,1,Épargnants peu actifs,3,3,1,1,1,2,21898.58,1367.42,28,0
496,10467,MOBILE,45-54,Grenoble,2025-07-01,2025-07-06,Actif,1,Épargnants peu actifs,3,1,1,1,1,1,3079.1,2585.9,36,0
497,10468,MOBILE,18-24,Marseille,2025-07-01,2025-07-07,Clôturé,4,Hors segmentation,7,1,1,1,1,163,0.0,205.77,7,11
498,10469,PARTNER,55+,Lyon,2025-07-01,2025-07-09,Actif,1,Clients réguliers,2,9,0,1,1,1,3694.06,1720.94,63,1
499,10469,PARTNER,55+,Lyon,2026-01-01,2026-01-21,Actif,1,Épargnants peu actifs,3,24,0,1,1,3,8154.83,263.17,7,0
500,10470,MOBILE,25-34,Strasbourg,2025-07-01,2025-07-16,Jamais alimenté,3,Hors segmentation,7,,0,0,1,334,0.0,0.0,0,0
501,10471,WEB,45-54,Angers,2025-07-01,2025-07-26,Dormant,2,Endormis,6,4,1,1,1,178,2425.48,4256.23,111,0
502,10472,WEB,55+,Paris,2025-07-01,2025-07-26,Jamais alimenté,3,Hors segmentation,7,,0,0,1,,0.0,0.0,0,0
503,10473,MOBILE,35-44,Bordeaux,2025-07-01,2025-07-11,Actif,1,Champions,1,10,0,1,1,0,411.29,7816.88,184,8
504,10474,MOBILE,45-54,Lyon,2025-07-01,2025-07-21,Actif,1,Champions,1,0,1,1,1,1,2997.0,8220.21,180,2
505,10475,MOBILE,18-24,Bordeaux,2025-07-01,2025-07-01,Jamais alimenté,3,Hors segmentation,7,,0,0,1,314,0.0,0.0,0,0
506,10476,MOBILE,35-44,Lyon,2025-07-01,2025-07-05,Actif,1,Champions,1,0,1,1,1,3,1214.79,6438.2,177,22
507,10477,MOBILE,45-54,Bordeaux,2025-07-01,2025-07-27,Actif,1,Champions,1,4,1,1,1,1,1564.83,7876.02,193,10
508,10478,WEB,55+,Lille,2025-07-01,2025-07-11,Actif,1,Épargnants peu actifs,3,10,0,1,1,0,5247.17,2049.83,33,0
509,10479,WEB,35-44,Nantes,2025-07-01,2025-07-14,Actif,1,Champions,1,5,1,1,1,0,38.25,6200.92,150,9
510,10480,WEB,55+,Lyon,2025-07-01,2025-07-19,Actif,1,Épargnants peu actifs,3,0,1,1,1,13,8680.93,1263.07,22,0
511,10481,WEB,25-34,Toulouse,2025-07-01,2025-07-09,Actif,1,Champions,1,6,1,1,1,0,585.22,5175.93,154,22
512,10482,WEB,25-34,Marseille,2025-07-01,2025-07-03,Actif,1,Champions,1,1,1,1,1,1,637.13,7918.79,172,15
513,10483,MOBILE,35-44,Paris,2025-07-01,2025-07-08,Actif,1,Champions,1,3,1,1,1,2,311.56,6778.87,171,4
514,10484,MOBILE,18-24,Dijon,2025-07-01,2025-07-13,Actif,1,Clients réguliers,2,2,1,1,1,0,300.59,2257.41,63,1
515,10485,PARTNER,55+,Lyon,2025-07-01,2025-07-15,Jamais alimenté,3,Hors segmentation,7,,0,0,1,348,0.0,0.0,0,0
516,10486,MOBILE,35-44,Lyon,2025-07-01,2025-07-05,Jamais alimenté,3,Hors segmentation,7,,0,0,1,,0.0,0.0,0,0
517,10487,MOBILE,18-24,Bordeaux,2025-07-01,2025-07-13,Clôturé,4,Hors segmentation,7,4,1,1,1,111,0.0,781.77,17,30
518,10488,MOBILE,45-54,Lille,2025-07-01,2025-07-21,Clôturé,4,Hors segmentation,7,1,1,1,1,147,0.0,882.96,27,6
519,10489,MOBILE,25-34,Toulouse,2025-07-01,2025-07-12,Actif,1,Occasionnels,4,4,1,1,1,4,0.77,1874.23,58,6
520,10490,MOBILE,25-34,Nice,2025-07-01,2025-07-27,Dormant,2,Endormis,6,4,1,1,1,293,232.57,234.43,9,0
521,10491,MOBILE,35-44,Lyon,2025-07-01,2025-07-29,Actif,1,Champions,1,4,1,1,1,1,8.93,8126.95,172,20
522,10492,MOBILE,25-34,Nantes,2025-07-01,2025-07-21,Actif,1,Champions,1,8,0,1,1,0,3.29,5543.44,154,13
523,10493,WEB,25-34,Angers,2025-07-01,2025-07-28,Actif,1,Champions,1,0,1,1,1,0,607.72,8338.67,188,1
524,10494,PARTNER,18-24,Toulouse,2025-07-01,2025-07-23,Jamais alimenté,3,Hors segmentation,7,,0,0,1,340,0.0,0.0,0,0
525,10495,MOBILE,18-24,Lille,2025-07-01,2025-07-10,Actif,1,Clients réguliers,2,1,1,1,1,0,1427.98,1372.02,40,16
526,10496,MOBILE,18-24,Paris,2025-07-01,2025-07-14,Actif,1,Champions,1,1,1,1,1,4,2083.93,2684.07,50,0
527,10497,MOBILE,18-24,Bordeaux,2025-07-01,2025-07-02,Actif,1,Champions,1,3,1,1,1,0,1641.14,5670.36,153,19
528,10498,MOBILE,18-24,Reims,2025-07-01,2025-07-12,Jamais alimenté,3,Hors segmentation,7,,0,0,1,,0.0,0.0,0,0
529,10499,MOBILE,18-24,Toulouse,2025-07-01,2025-07-14,Actif,1,Champions,1,4,1,1,1,0,17.38,8068.97,176,10
530,10500,WEB,35-44,Paris,2025-07-01,2025-07-06,Actif,1,Champions,1,0,1,1,1,2,706.39,6429.87,151,7
531,10501,MOBILE,Inconnu,Paris,2025-07-01,2025-07-05,Actif,1,Champions,1,0,1,1,1,1,505.03,7405.28,184,16
532,10502,MOBILE,25-34,Paris,2025-07-01,2025-07-17,Actif,1,Clients réguliers,2,0,1,1,1,6,12213.04,1363.96,32,0
533,10503,WEB,45-54,Saint-Étienne,2025-07-01,2025-07-28,Actif,1,Clients réguliers,2,2,1,1,1,1,10428.89,1435.11,34,0
534,10504,MOBILE,35-44,Grenoble,2025-07-01,2025-07-12,Actif,1,Champions,1,2,1,1,1,1,153.97,6150.21,164,16
535,10505,MOBILE,25-34,Lyon,2025-07-01,2025-07-26,Jamais alimenté,3,Hors segmentation,7,,0,0,1,,0.0,0.0,0,0
536,10506,MOBILE,25-34,Bordeaux,2025-07-01,2025-07-08,Jamais alimenté,3,Hors segmentation,7,,0,0,1,353,0.0,0.0,0,0
537,10507,MOBILE,45-54,Nice,2025-07-01,2025-07-14,Jamais alimenté,3,Hors segmentation,7,,0,0,1,346,0.0,0.0,0,0
538,10508,WEB,35-44,Lyon,2025-07-01,2025-07-30,Actif,1,Champions,1,0,1,1,1,0,1174.84,8638.46,195,7
539,10509,WEB,25-34,Paris,2025-07-01,2025-07-29,Actif,1,Clients réguliers,2,0,1,1,1,1,407.05,2278.95,61,1
540,10510,MOBILE,35-44,Montpellier,2025-08-01,2025-08-21,Dormant,2,Endormis,6,18,0,1,1,197,1032.17,1995.24,48,17
541,10511,WEB,55+,Paris,2025-08-01,2025-08-17,Actif,1,Champions,1,0,1,1,1,0,393.36,7636.17,178,10
542,10512,MOBILE,25-34,Strasbourg,2025-08-01,2025-08-26,Actif,1,Clients réguliers,2,4,1,1,1,1,4223.72,2079.28,49,0
543,10513,MOBILE,35-44,Montpellier,2025-08-01,2025-08-10,Jamais alimenté,3,Hors segmentation,7,,0,0,1,290,0.0,0.0,0,0
544,10514,MOBILE,55+,Lille,2025-08-01,2025-08-23,Clôturé,4,Hors segmentation,7,5,1,1,1,191,0.0,262.77,7,2
545,10515,MOBILE,35-44,Nice,2025-08-01,2025-08-09,Actif,1,Clients réguliers,2,17,0,1,1,0,3898.25,1546.75,45,0
546,10516,WEB,55+,Saint-Étienne,2025-08-01,2025-08-12,Actif,1,Clients réguliers,2,2,1,1,1,11,1964.51,2523.49,57,0
547,10517,MOBILE,25-34,Grenoble,2025-08-01,2025-08-20,Actif,1,Champions,1,4,1,1,1,1,497.92,6937.33,160,18
548,10518,MOBILE,25-34,Lyon,2025-08-01,2025-08-25,Actif,1,Champions,1,0,1,1,1,0,1096.21,7555.16,180,1
549,10518,MOBILE,25-34,Lyon,2026-02-01,2026-02-16,Actif,1,Épargnants peu actifs,3,2,1,1,1,8,4076.53,562.47,10,0
550,10519,MOBILE,25-34,Bordeaux,2025-08-01,2025-08-14,Actif,1,Clients réguliers,2,6,1,1,1,0,606.74,1551.26,50,0
551,10519,MOBILE,25-34,Bordeaux,2026-03-01,2026-03-23,Actif,1,Épargnants peu actifs,3,2,1,1,1,3,6640.61,629.39,10,0
552,10520,MOBILE,25-34,Toulouse,2025-08-01,2025-08-03,Actif,1,Champions,1,0,1,1,1,1,500.5,7361.13,186,0
553,10521,MOBILE,18-24,Montpellier,2025-08-01,2025-08-08,Actif,1,Clients réguliers,2,2,1,1,1,6,3258.17,1403.83,37,1
554,10522,WEB,45-54,Saint-Étienne,2025-08-01,2025-08-10,Jamais alimenté,3,Hors segmentation,7,,0,0,1,,0.0,0.0,0,0
555,10523,MOBILE,18-24,Paris,2025-08-01,2025-08-23,Jamais alimenté,3,Hors segmentation,7,,0,0,1,,0.0,0.0,0,0
556,10524,MOBILE,18-24,Nice,2025-08-01,2025-08-05,Actif,1,Clients réguliers,2,3,1,1,1,3,6703.01,1883.99,33,0
557,10525,MOBILE,18-24,Nice,2025-08-01,2025-08-17,Actif,1,Champions,1,0,1,1,1,1,190.76,6559.54,160,6
558,10526,MOBILE,45-54,Paris,2025-08-01,2025-08-20,Actif,1,Champions,1,4,1,1,1,0,2152.6,8006.0,173,2
559,10527,MOBILE,25-34,Paris,2025-08-01,2025-08-12,Actif,1,Champions,1,2,1,1,1,0,87.21,6127.4,144,48
560,10528,MOBILE,25-34,Grenoble,2025-08-01,2025-08-22,Actif,1,Champions,1,8,0,1,1,2,2302.55,6185.29,155,7
561,10529,PARTNER,35-44,Rennes,2025-08-01,2025-08-06,Actif,1,Champions,1,9,0,1,1,0,1279.95,5820.27,156,13
562,10530,MOBILE,25-34,Nice,2025-08-01,2025-08-06,Dormant,2,Épargnants peu actifs,3,0,1,1,1,248,4304.55,345.45,12,0
563,10531,WEB,35-44,Nice,2025-08-01,2025-08-16,Dormant,2,Endormis,6,3,1,1,1,295,1821.26,608.68,14,2
564,10532,WEB,25-34,Lille,2025-08-01,2025-08-05,Actif,1,Champions,1,3,1,1,1,0,735.39,6582.46,186,6
565,10533,MOBILE,55+,Lille,2025-08-01,2025-08-09,Dormant,2,Épargnants peu actifs,3,0,1,1,1,142,5268.11,1459.89,29,7
566,10534,PARTNER,45-54,Grenoble,2025-08-01,2025-08-26,Actif,1,Clients réguliers,2,23,0,1,1,1,13142.58,1151.42,26,0
567,10535,MOBILE,25-34,Marseille,2025-08-01,2025-08-02,Dormant,2,Épargnants peu actifs,3,10,0,1,1,232,15170.68,247.32,7,0
568,10536,PARTNER,55+,Nantes,2025-08-01,2025-08-05,Actif,1,Champions,1,16,0,1,1,1,631.57,8045.89,199,7
569,10537,WEB,18-24,Nantes,2025-08-01,2025-08-03,Dormant,2,Endormis,6,4,1,1,1,228,235.83,247.17,9,7
570,10538,PARTNER,25-34,Paris,2025-08-01,2025-08-22,Actif,1,Clients réguliers,2,0,1,1,1,0,5631.93,1554.07,51,6
571,10539,WEB,55+,Nice,2025-08-01,2025-08-11,Clôturé,4,Hors segmentation,7,5,1,1,1,69,0.0,1556.63,25,1
572,10539,WEB,55+,Nice,2026-01-01,2026-01-18,Actif,1,Épargnants peu actifs,3,2,1,1,1,63,4912.64,446.36,10,0
573,10540,MOBILE,45-54,Nantes,2025-08-01,2025-08-29,Dormant,2,Endormis,6,9,0,1,1,240,77.76,344.24,8,1
574,10540,MOBILE,45-54,Nantes,2025-11-01,2025-11-10,Actif,1,Clients réguliers,2,6,1,1,1,6,12601.37,922.63,20,0
575,10541,WEB,18-24,Angers,2025-08-01,2025-08-18,Jamais alimenté,3,Hors segmentation,7,,0,0,1,310,0.0,0.0,0,0
576,10542,MOBILE,25-34,Lille,2025-08-01,2025-08-03,Actif,1,Champions,1,1,1,1,1,0,70.42,7394.55,174,20
577,10543,MOBILE,18-24,Rennes,2025-08-01,2025-08-04,Actif,1,Clients réguliers,2,8,0,1,1,3,15596.66,1492.34,22,0
578,10544,MOBILE,45-54,Saint-Étienne,2025-08-01,2025-08-17,Actif,1,Épargnants peu actifs,3,0,1,1,1,19,2799.25,2165.75,34,0
579,10545,WEB,25-34,Strasbourg,2025-08-01,2025-08-30,Actif,1,Champions,1,7,1,1,1,0,702.57,5996.37,137,22
580,10546,MOBILE,18-24,Lyon,2025-08-01,2025-08-24,Actif,1,Champions,1,3,1,1,1,2,585.57,7614.93,163,12
581,10547,MOBILE,18-24,Saint-Étienne,2025-08-01,2025-08-16,Actif,1,Épargnants peu actifs,3,3,1,1,1,1,12601.85,1033.15,23,0
582,10547,MOBILE,18-24,Saint-Étienne,2026-01-01,2026-01-03,Actif,1,Clients réguliers,2,5,1,1,1,0,4280.71,1205.29,18,0
583,10548,WEB,25-34,Paris,2025-08-01,2025-08-10,Jamais alimenté,3,Hors segmentation,7,,0,0,1,316,0.0,0.0,0,0
584,10549,WEB,35-44,Marseille,2025-08-01,2025-08-23,Actif,1,Clients réguliers,2,4,1,1,1,2,1446.55,1815.45,55,0
585,10550,WEB,45-54,Paris,2025-08-01,2025-08-06,Dormant,2,Endormis,6,0,1,1,1,216,1412.06,571.94,20,8
586,10551,MOBILE,35-44,Marseille,2025-08-01,2025-08-15,Dormant,2,Endormis,6,5,1,1,1,204,141.83,751.17,19,6
587,10551,MOBILE,35-44,Marseille,2026-02-01,2026-02-17,Actif,1,Occasionnels,4,0,1,1,1,1,1984.43,743.57,11,0
588,10552,MOBILE,25-34,Lille,2025-08-01,2025-08-05,Actif,1,Champions,1,4,1,1,1,2,686.12,6440.86,166,31
589,10553,WEB,35-44,Paris,2025-08-01,2025-08-06,Actif,1,Champions,1,1,1,1,1,0,1011.24,6739.59,175,15
590,10554,WEB,25-34,Bordeaux,2025-08-01,2025-08-01,Actif,1,Champions,1,2,1,1,1,1,1081.24,6072.63,149,27
591,10555,MOBILE,25-34,Dijon,2025-08-01,2025-08-08,Actif,1,Champions,1,5,1,1,1,1,861.06,6819.24,170,7
592,10556,MOBILE,25-34,Reims,2025-08-01,2025-08-15,Actif,1,Champions,1,0,1,1,1,0,1245.35,5233.34,155,19
593,10557,MOBILE,35-44,Nice,2025-08-01,2025-08-21,Actif,1,Clients réguliers,2,5,1,1,1,0,1824.77,2166.23,51,2
594,10558,MOBILE,25-34,Strasbourg,2025-08-01,2025-08-13,Actif,1,Champions,1,1,1,1,1,0,10.78,7981.39,162,7
595,10559,WEB,55+,Strasbourg,2025-08-01,2025-08-08,Actif,1,À risque,5,1,1,1,1,69,20.34,4996.78,118,37
596,10560,MOBILE,45-54,Lyon,2025-08-01,2025-08-08,Actif,1,Épargnants peu actifs,3,9,0,1,1,2,9199.19,1327.81,26,0
597,10561,MOBILE,45-54,Grenoble,2025-08-01,2025-08-09,Actif,1,Clients réguliers,2,6,1,1,1,3,265.31,1325.69,32,0
598,10562,MOBILE,25-34,Rennes,2025-08-01,2025-08-04,Clôturé,4,Hors segmentation,7,3,1,1,1,40,0.0,448.41,16,16
599,10562,MOBILE,25-34,Rennes,2025-12-01,2025-12-07,Actif,1,Épargnants peu actifs,3,2,1,1,1,4,18628.32,736.68,12,0
600,10563,MOBILE,25-34,Rennes,2025-08-01,2025-08-20,Actif,1,Champions,1,0,1,1,1,1,1289.06,5672.25,154,5
601,10564,MOBILE,25-34,Toulouse,2025-08-01,2025-08-19,Actif,1,Champions,1,1,1,1,1,0,1577.81,7630.13,167,4
602,10565,MOBILE,25-34,Montpellier,2025-08-01,2025-08-24,Dormant,2,Épargnants peu actifs,3,1,1,1,1,258,2781.67,165.33,3,1
603,10566,WEB,35-44,Strasbourg,2025-08-01,2025-08-23,Dormant,2,Endormis,6,0,1,1,1,130,994.45,1153.55,34,6
604,10567,WEB,18-24,Paris,2025-08-01,2025-08-16,Actif,1,Champions,1,4,1,1,1,0,310.99,7374.97,181,4
605,10567,WEB,18-24,Paris,2026-04-01,2026-04-11,Actif,1,Occasionnels,4,3,1,1,1,9,1104.51,212.49,5,2
606,10568,PARTNER,25-34,Lyon,2025-08-01,2025-08-16,Actif,1,Clients réguliers,2,2,1,1,1,3,4511.81,2099.19,53,0
607,10569,MOBILE,18-24,Montpellier,2025-08-01,2025-08-22,Clôturé,4,Hors segmentation,7,1,1,1,1,136,0.0,361.41,15,14
608,10569,MOBILE,18-24,Montpellier,2026-02-01,2026-02-15,Actif,1,Épargnants peu actifs,3,5,1,1,1,2,6798.94,1148.06,12,0
609,10570,WEB,25-34,Rennes,2025-08-01,2025-08-31,Actif,1,Champions,1,0,1,1,1,1,491.3,6913.75,151,14
610,10570,WEB,25-34,Rennes,2026-01-01,2026-01-24,Actif,1,Clients réguliers,2,1,1,1,1,3,6584.91,353.09,11,0
611,10571,MOBILE,25-34,Paris,2025-08-01,2025-08-18,Actif,1,Champions,1,6,1,1,1,0,3091.9,5660.71,131,0
612,10572,WEB,25-34,Reims,2025-08-01,2025-08-03,Clôturé,4,Hors segmentation,7,7,1,1,1,49,0.0,2042.81,50,5
613,10573,MOBILE,25-34,Lille,2025-08-01,2025-08-24,Clôturé,4,Hors segmentation,7,0,1,1,1,58,0.0,978.99,27,4
614,10574,MOBILE,25-34,Toulouse,2025-08-01,2025-08-07,Actif,1,Champions,1,0,1,1,1,0,421.88,6901.12,169,6
615,10575,WEB,55+,Paris,2025-08-01,2025-08-29,Actif,1,Champions,1,0,1,1,1,1,1500.07,8247.8,182,2
616,10576,WEB,45-54,Lyon,2025-08-01,2025-08-31,Actif,1,Occasionnels,4,0,1,1,1,0,200.91,1490.09,42,10
617,10577,MOBILE,25-34,Saint-Étienne,2025-08-01,2025-08-18,Jamais alimenté,3,Hors segmentation,7,,0,0,1,309,0.0,0.0,0,0
618,10578,MOBILE,35-44,Lyon,2025-08-01,2025-08-04,Actif,1,Champions,1,0,1,1,1,6,870.75,5229.82,155,11
619,10579,MOBILE,25-34,Paris,2025-08-01,2025-08-11,Actif,1,Champions,1,0,1,1,1,0,316.95,6126.78,164,3
620,10580,MOBILE,18-24,Dijon,2025-08-01,2025-08-07,Actif,1,Champions,1,1,1,1,1,1,1372.98,6806.47,163,12
621,10581,WEB,25-34,Toulouse,2025-08-01,2025-08-10,Actif,1,Champions,1,1,1,1,1,0,242.93,6928.24,167,6
622,10582,MOBILE,18-24,Toulouse,2025-08-01,2025-08-28,Actif,1,Épargnants peu actifs,3,4,1,1,1,1,9051.66,1334.34,29,0
623,10583,MOBILE,25-34,Paris,2025-08-01,2025-08-18,Clôturé,4,Hors segmentation,7,0,1,1,1,79,0.0,1324.97,38,8
624,10584,MOBILE,25-34,Paris,2025-08-01,2025-08-02,Actif,1,Champions,1,5,1,1,1,0,506.52,5802.11,148,20
625,10585,MOBILE,18-24,Lyon,2025-08-01,2025-08-30,Jamais alimenté,3,Hors segmentation,7,,0,0,1,304,0.0,0.0,0,0
626,10586,WEB,45-54,Grenoble,2025-08-01,2025-08-15,Actif,1,Champions,1,1,1,1,1,0,1329.19,7094.85,172,8
627,10587,MOBILE,25-34,Toulouse,2025-08-01,2025-08-21,Dormant,2,Épargnants peu actifs,3,1,1,1,1,184,3848.77,259.23,8,29
628,10588,MOBILE,18-24,Marseille,2025-08-01,2025-08-12,Actif,1,Clients réguliers,2,5,1,1,1,2,4585.21,1773.79,51,5
629,10589,WEB,35-44,Nantes,2025-08-01,2025-08-08,Actif,1,Champions,1,2,1,1,1,1,632.23,6238.47,155,14
630,10590,MOBILE,25-34,Marseille,2025-09-01,2025-09-05,Dormant,2,Endormis,6,0,1,1,1,258,1427.27,150.73,6,0
631,10591,MOBILE,35-44,Lyon,2025-09-01,2025-09-08,Jamais alimenté,3,Hors segmentation,7,,0,0,1,293,0.0,0.0,0,0
632,10592,MOBILE,45-54,Paris,2025-09-01,2025-09-28,Actif,1,Champions,1,1,1,1,1,2,9.34,6196.92,149,11
633,10593,MOBILE,25-34,Grenoble,2025-09-01,2025-09-24,Actif,1,Clients réguliers,2,0,1,1,1,2,396.35,1044.65,32,4
634,10594,MOBILE,35-44,Toulouse,2025-09-01,2025-09-06,Jamais alimenté,3,Hors segmentation,7,,0,0,1,264,0.0,0.0,0,0
635,10595,MOBILE,18-24,Lille,2025-09-01,2025-09-30,Actif,1,Occasionnels,4,2,1,1,1,1,1824.93,1255.07,33,14
636,10596,MOBILE,35-44,Toulouse,2025-09-01,2025-09-09,Actif,1,Épargnants peu actifs,3,1,1,1,1,2,10250.13,1032.87,22,0
637,10596,MOBILE,35-44,Toulouse,2026-01-01,2026-01-10,Actif,1,Clients réguliers,2,1,1,1,1,2,1849.18,325.82,9,0
638,10597,MOBILE,18-24,Lyon,2025-09-01,2025-09-01,Actif,1,Champions,1,0,1,1,1,1,425.42,6628.87,159,9
639,10598,WEB,35-44,Paris,2025-09-01,2025-09-28,Actif,1,Champions,1,3,1,1,1,0,41.45,4943.71,138,10
640,10599,PARTNER,18-24,Paris,2025-09-01,2025-09-15,Actif,1,Clients réguliers,2,1,1,1,1,3,1383.28,1077.72,36,12
641,10600,MOBILE,45-54,Nice,2025-09-01,2025-09-26,Actif,1,Champions,1,1,1,1,1,0,1247.25,6922.92,143,0
642,10601,WEB,35-44,Lille,2025-09-01,2025-09-13,Actif,1,Champions,1,0,1,1,1,1,912.88,2481.12,55,0
643,10602,MOBILE,18-24,Montpellier,2025-09-01,2025-09-13,Actif,1,Clients réguliers,2,1,1,1,1,1,1585.77,1628.23,47,3
644,10603,MOBILE,35-44,Rennes,2025-09-01,2025-09-20,Actif,1,Champions,1,3,1,1,1,2,1334.99,6040.78,141,5
645,10604,WEB,25-34,Paris,2025-09-01,2025-09-18,Actif,1,Champions,1,8,0,1,1,1,1306.81,5211.78,128,2
646,10604,WEB,25-34,Paris,2025-11-01,2025-11-13,Actif,1,Épargnants peu actifs,3,4,1,1,1,7,6730.17,582.83,13,0
647,10605,MOBILE,55+,Lyon,2025-09-01,2025-09-05,Actif,1,Champions,1,3,1,1,1,3,1531.07,6840.92,144,6
648,10606,MOBILE,18-24,Paris,2025-09-01,2025-09-20,Actif,1,Clients réguliers,2,0,1,1,1,3,5247.7,1288.3,18,0
649,10607,MOBILE,25-34,Saint-Étienne,2025-09-01,2025-09-29,Actif,1,Champions,1,3,1,1,1,2,465.6,5215.41,111,22
650,10608,MOBILE,35-44,Nantes,2025-09-01,2025-09-24,Actif,1,Champions,1,19,0,1,1,2,7372.81,5163.25,111,3
651,10609,MOBILE,35-44,Strasbourg,2025-09-01,2025-09-08,Actif,1,Clients réguliers,2,2,1,1,1,0,1512.51,1400.49,44,0
652,10610,MOBILE,18-24,Grenoble,2025-09-01,2025-09-11,Actif,1,Clients réguliers,2,5,1,1,1,1,979.16,1633.84,44,13
653,10611,MOBILE,25-34,Lyon,2025-09-01,2025-09-21,Actif,1,Champions,1,3,1,1,1,3,339.74,5456.17,132,15
654,10612,PARTNER,25-34,Lyon,2025-09-01,2025-09-15,Jamais alimenté,3,Hors segmentation,7,,0,0,1,250,0.0,0.0,0,0
655,10613,WEB,55+,Strasbourg,2025-09-01,2025-09-06,Dormant,2,Endormis,6,0,1,1,1,178,1667.9,681.1,13,11
656,10614,PARTNER,25-34,Rennes,2025-09-01,2025-09-04,Actif,1,Clients réguliers,2,10,0,1,1,1,8749.16,1862.84,55,5
657,10615,MOBILE,25-34,Lille,2025-09-01,2025-09-28,Actif,1,Champions,1,7,1,1,1,0,2858.98,4521.9,114,10
658,10616,MOBILE,25-34,Rennes,2025-09-01,2025-09-07,Dormant,2,Endormis,6,2,1,1,1,130,340.56,727.44,23,17
659,10617,MOBILE,18-24,Grenoble,2025-09-01,2025-09-19,Actif,1,Clients réguliers,2,0,1,1,1,1,4094.24,2021.76,61,0
660,10617,MOBILE,18-24,Grenoble,2026-02-01,2026-02-21,Actif,1,Épargnants peu actifs,3,1,1,1,1,18,2635.85,1222.15,10,0
661,10618,WEB,35-44,Non renseignée,2025-09-01,2025-09-30,Clôturé,4,Hors segmentation,7,1,1,1,1,90,0.0,922.54,17,0
662,10619,MOBILE,25-34,Lyon,2025-09-01,2025-09-23,Actif,1,Champions,1,1,1,1,1,6,684.13,5404.11,127,12
663,10620,MOBILE,18-24,Paris,2025-09-01,2025-09-22,Actif,1,Champions,1,0,1,1,1,0,350.46,6369.08,138,6
664,10621,MOBILE,18-24,Grenoble,2025-09-01,2025-09-10,Actif,1,Champions,1,0,1,1,1,0,2702.31,5323.65,131,18
665,10622,WEB,25-34,Lyon,2025-09-01,2025-09-13,Jamais alimenté,3,Hors segmentation,7,,0,0,1,,0.0,0.0,0,0
666,10623,MOBILE,18-24,Dijon,2025-09-01,2025-09-10,Actif,1,Clients réguliers,2,1,1,1,1,5,4215.79,1717.21,38,2
667,10624,MOBILE,45-54,Paris,2025-09-01,2025-09-01,Actif,1,Clients réguliers,2,3,1,1,1,1,310.12,1432.88,49,0
668,10625,WEB,35-44,Paris,2025-09-01,2025-09-11,Dormant,2,Endormis,6,2,1,1,1,128,827.13,745.87,15,14
669,10626,MOBILE,35-44,Paris,2025-09-01,2025-09-24,Actif,1,Champions,1,2,1,1,1,1,619.64,5260.11,120,21
670,10627,MOBILE,25-34,Dijon,2025-09-01,2025-09-06,Actif,1,Clients réguliers,2,1,1,1,1,2,2015.48,1201.52,39,21
671,10628,WEB,35-44,Nantes,2025-09-01,2025-09-27,Actif,1,Clients réguliers,2,6,1,1,1,5,3514.59,1696.41,34,1
672,10628,WEB,35-44,Nantes,2025-10-01,2025-10-28,Actif,1,Clients réguliers,2,2,1,1,1,2,13285.02,801.98,19,0
673,10629,MOBILE,18-24,Paris,2025-09-01,2025-09-26,Actif,1,À risque,5,6,1,1,1,71,1041.23,3585.66,85,22
674,10630,MOBILE,25-34,Reims,2025-09-01,2025-09-23,Actif,1,Champions,1,1,1,1,1,1,1.33,6974.6,151,5
675,10631,MOBILE,18-24,Paris,2025-09-01,2025-09-25,Clôturé,4,Hors segmentation,7,0,1,1,1,140,0.0,85.84,4,2
676,10632,WEB,35-44,Paris,2025-09-01,2025-09-09,Actif,1,Champions,1,2,1,1,1,2,453.24,5667.01,132,2
677,10633,WEB,55+,Lille,2025-09-01,2025-09-05,Actif,1,Champions,1,0,1,1,1,1,335.73,5802.97,136,0
678,10634,PARTNER,25-34,Paris,2025-09-01,2025-09-11,Actif,1,Champions,1,13,0,1,1,4,901.34,5705.01,147,0
679,10635,MOBILE,18-24,Toulouse,2025-09-01,2025-09-22,Actif,1,Champions,1,0,1,1,1,1,1164.54,4955.14,140,1
680,10636,WEB,55+,Marseille,2025-09-01,2025-09-13,Actif,1,Épargnants peu actifs,3,6,1,1,1,0,35820.43,1601.57,22,0
681,10637,WEB,35-44,Lyon,2025-09-01,2025-09-17,Clôturé,4,Hors segmentation,7,3,1,1,1,39,0.0,1203.59,35,0
682,10637,WEB,45-54,Lyon,2026-02-01,2026-02-23,Actif,1,Épargnants peu actifs,3,8,0,1,1,0,9268.06,460.94,11,0
683,10638,MOBILE,25-34,Paris,2025-09-01,2025-09-25,Dormant,2,Endormis,6,3,1,1,1,114,2203.52,462.48,19,15
684,10639,PARTNER,55+,Paris,2025-09-01,2025-09-23,Clôturé,4,Hors segmentation,7,0,1,1,1,83,0.0,656.77,18,5
685,10640,MOBILE,25-34,Toulouse,2025-09-01,2025-09-19,Actif,1,Occasionnels,4,4,1,1,1,1,230.23,1316.77,37,15
686,10641,MOBILE,55+,Grenoble,2025-09-01,2025-09-28,Actif,1,Champions,1,0,1,1,1,0,428.82,5727.14,144,8
687,10642,WEB,18-24,Marseille,2025-09-01,2025-09-02,Actif,1,Champions,1,3,1,1,1,0,3133.63,2148.37,44,2
688,10643,MOBILE,45-54,Strasbourg,2025-09-01,2025-09-10,Dormant,2,Endormis,6,0,1,1,1,124,264.41,698.59,17,18
689,10644,MOBILE,25-34,Toulouse,2025-09-01,2025-09-15,Actif,1,Champions,1,4,1,1,1,2,95.75,7540.83,144,0
690,10645,WEB,55+,Marseille,2025-09-01,2025-09-30,Actif,1,Épargnants peu actifs,3,6,1,1,1,0,7720.1,656.9,18,0
691,10646,WEB,Inconnu,Paris,2025-09-01,2025-09-04,Actif,1,À risque,5,2,1,1,1,63,3715.15,2108.85,50,4
692,10646,WEB,Inconnu,Paris,2025-11-01,2025-11-14,Actif,1,Clients réguliers,2,7,1,1,1,8,7844.37,738.63,16,0
693,10647,WEB,25-34,Strasbourg,2025-09-01,2025-09-01,Actif,1,Champions,1,3,1,1,1,0,118.04,5675.18,149,4
694,10647,WEB,35-44,Strasbourg,2026-04-01,2026-04-01,Actif,1,Épargnants peu actifs,3,2,1,1,1,12,11820.11,858.89,13,0
695,10648,WEB,Inconnu,Paris,2025-09-01,2025-09-01,Actif,1,Champions,1,0,1,1,1,0,1587.39,2142.61,52,4
696,10649,WEB,55+,Lyon,2025-09-01,2025-09-27,Actif,1,Épargnants peu actifs,3,2,1,1,1,4,6349.95,1143.05,20,0
697,10650,MOBILE,25-34,Paris,2025-09-01,2025-09-06,Actif,1,Champions,1,8,0,1,1,1,1739.8,4452.8,126,0
698,10651,WEB,25-34,Marseille,2025-09-01,2025-09-14,Actif,1,Champions,1,0,1,1,1,1,85.09,5472.53,134,29
699,10651,WEB,25-34,Marseille,2025-12-01,2025-12-15,Actif,1,Épargnants peu actifs,3,0,1,1,1,0,9679.81,474.19,7,0
700,10652,MOBILE,18-24,Toulouse,2025-09-01,2025-09-04,Actif,1,Champions,1,0,1,1,1,0,3109.28,6175.26,172,4
701,10653,WEB,25-34,Toulouse,2025-09-01,2025-09-01,Jamais alimenté,3,Hors segmentation,7,,0,0,1,292,0.0,0.0,0,0
702,10654,MOBILE,35-44,Paris,2025-09-01,2025-09-22,Actif,1,Clients réguliers,2,2,1,1,1,3,2604.57,2248.43,48,0
703,10655,WEB,25-34,Paris,2025-09-01,2025-09-10,Actif,1,Clients réguliers,2,4,1,1,1,0,281.8,1213.2,40,6
704,10656,WEB,18-24,Nantes,2025-09-01,2025-09-15,Actif,1,Épargnants peu actifs,3,1,1,1,1,8,11832.29,1796.71,24,0
705,10657,WEB,25-34,Marseille,2025-09-01,2025-09-13,Actif,1,Champions,1,10,0,1,1,0,128.23,5662.74,143,0
706,10657,WEB,25-34,Marseille,2025-12-01,2025-12-21,Actif,1,Clients réguliers,2,5,1,1,1,11,6324.75,450.25,10,0
707,10658,PARTNER,55+,Grenoble,2025-09-01,2025-09-27,Jamais alimenté,3,Hors segmentation,7,,0,0,1,256,0.0,0.0,0,0
708,10659,WEB,45-54,Angers,2025-09-01,2025-09-12,Actif,1,Champions,1,3,1,1,1,3,258.35,6368.73,156,1
709,10660,MOBILE,25-34,Lyon,2025-09-01,2025-09-30,Clôturé,4,Hors segmentation,7,1,1,1,1,23,0.0,449.47,13,8
710,10661,WEB,25-34,Reims,2025-09-01,2025-09-10,Dormant,2,Endormis,6,3,1,1,1,218,1780.1,735.9,15,0
711,10662,MOBILE,18-24,Paris,2025-09-01,2025-09-08,Actif,1,Épargnants peu actifs,3,1,1,1,1,2,4910.31,1854.69,28,0
712,10663,MOBILE,25-34,Marseille,2025-09-01,2025-09-30,Actif,1,Champions,1,1,1,1,1,0,0.76,5699.19,126,14
713,10664,PARTNER,25-34,Paris,2025-09-01,2025-09-11,Actif,1,Clients réguliers,2,2,1,1,1,5,2160.83,2054.17,60,0
714,10665,MOBILE,18-24,Toulouse,2025-09-01,2025-09-26,Actif,1,Clients réguliers,2,2,1,1,1,1,371.13,1032.87,34,4
715,10666,MOBILE,45-54,Strasbourg,2025-09-01,2025-09-23,Actif,1,Champions,1,1,1,1,1,0,639.81,6039.99,139,10
716,10667,MOBILE,25-34,Lyon,2025-09-01,2025-09-25,Clôturé,4,Hors segmentation,7,5,1,1,1,160,0.0,323.12,7,10
717,10668,MOBILE,45-54,Strasbourg,2025-09-01,2025-09-22,Jamais alimenté,3,Hors segmentation,7,,0,0,1,244,0.0,0.0,0,0
718,10669,WEB,55+,Nice,2025-09-01,2025-09-20,Actif,1,Champions,1,10,0,1,1,1,1105.44,1901.56,60,2
719,10670,WEB,18-24,Rennes,2025-09-01,2025-09-03,Jamais alimenté,3,Hors segmentation,7,,0,0,1,300,0.0,0.0,0,0
720,10671,PARTNER,25-34,Strasbourg,2025-09-01,2025-09-25,Actif,1,Champions,1,3,1,1,1,0,195.16,5739.7,127,1
721,10672,WEB,35-44,Rennes,2025-09-01,2025-09-08,Actif,1,Champions,1,0,1,1,1,0,45.76,5282.16,144,8
722,10673,MOBILE,45-54,Bordeaux,2025-09-01,2025-09-08,Actif,1,Clients réguliers,2,5,1,1,1,3,2140.01,1035.99,29,10
723,10674,MOBILE,25-34,Strasbourg,2025-09-01,2025-09-30,Actif,1,Champions,1,3,1,1,1,0,359.13,5309.97,134,3
724,10674,MOBILE,25-34,Strasbourg,2026-03-01,2026-03-22,Actif,1,Occasionnels,4,2,1,1,1,2,1928.56,410.44,12,2
725,10675,WEB,25-34,Paris,2025-09-01,2025-09-07,Actif,1,Clients réguliers,2,1,1,1,1,0,9567.61,1371.39,26,0
726,10676,MOBILE,25-34,Lille,2025-09-01,2025-09-25,Actif,1,Champions,1,0,1,1,1,0,1736.88,5256.8,154,5
727,10676,MOBILE,25-34,Lille,2026-05-01,2026-05-15,Actif,1,Occasionnels,4,0,1,1,1,14,474.0,341.0,5,0
728,10677,MOBILE,25-34,Dijon,2025-09-01,2025-09-05,Clôturé,4,Hors segmentation,7,0,1,1,1,51,0.0,528.99,18,21
729,10678,WEB,45-54,Strasbourg,2025-09-01,2025-09-29,Actif,1,Champions,1,16,0,1,1,0,1330.65,5810.61,143,3
730,10679,MOBILE,18-24,Paris,2025-09-01,2025-09-22,Jamais alimenté,3,Hors segmentation,7,,0,0,1,258,0.0,0.0,0,0
731,10680,PARTNER,45-54,Marseille,2025-09-01,2025-09-25,Actif,1,Champions,1,19,0,1,1,0,92.44,1795.56,52,2
732,10681,WEB,18-24,Bordeaux,2025-09-01,2025-09-14,Actif,1,Champions,1,3,1,1,1,1,689.28,5492.98,131,18
733,10682,MOBILE,25-34,Montpellier,2025-09-01,2025-09-20,Actif,1,Champions,1,4,1,1,1,2,961.22,5519.99,138,0
734,10682,MOBILE,25-34,Montpellier,2026-04-01,2026-04-08,Actif,1,Clients réguliers,2,3,1,1,1,0,11066.88,487.12,13,0
735,10683,MOBILE,18-24,Angers,2025-09-01,2025-09-24,Actif,1,Champions,1,1,1,1,1,1,4389.43,2292.57,47,0
736,10684,MOBILE,18-24,Paris,2025-09-01,2025-09-21,Actif,1,Clients réguliers,2,0,1,1,1,6,488.88,1132.12,40,0
737,10684,MOBILE,18-24,Paris,2026-01-01,2026-01-03,Actif,1,Épargnants peu actifs,3,6,1,1,1,4,4238.64,486.36,13,0
738,10685,PARTNER,55+,Montpellier,2025-09-01,2025-09-11,Dormant,2,Endormis,6,11,0,1,1,246,766.67,640.11,17,6
739,10686,WEB,25-34,Lyon,2025-09-01,2025-09-20,Actif,1,Champions,1,5,1,1,1,0,668.9,4849.01,140,9
740,10686,WEB,25-34,Lyon,2025-12-01,2025-12-13,Actif,1,Épargnants peu actifs,3,8,0,1,1,2,9030.44,624.56,15,0
741,10687,WEB,25-34,Paris,2025-09-01,2025-09-06,Dormant,2,Endormis,6,1,1,1,1,223,390.68,210.32,7,9
742,10688,MOBILE,35-44,Paris,2025-09-01,2025-09-24,Actif,1,Clients réguliers,2,6,1,1,1,2,2232.11,1389.89,42,0
743,10689,MOBILE,25-34,Toulouse,2025-09-01,2025-09-06,Actif,1,Clients réguliers,2,4,1,1,1,1,3728.69,1613.31,47,1
744,10690,MOBILE,55+,Marseille,2025-09-01,2025-09-09,Jamais alimenté,3,Hors segmentation,7,,0,0,1,,0.0,0.0,0,0
745,10691,WEB,25-34,Nantes,2025-09-01,2025-09-26,Actif,1,Clients réguliers,2,12,0,1,1,7,14676.9,1083.1,23,4
746,10692,WEB,55+,Lyon,2025-09-01,2025-09-01,Actif,1,Clients réguliers,2,1,1,1,1,6,4252.68,1294.32,29,0
747,10693,MOBILE,35-44,Paris,2025-09-01,2025-09-19,Actif,1,Champions,1,1,1,1,1,0,1212.09,5918.33,136,19
748,10694,WEB,25-34,Marseille,2025-09-01,2025-09-27,Actif,1,Champions,1,4,1,1,1,3,1007.2,6017.75,148,3
749,10695,WEB,55+,Saint-Étienne,2025-09-01,2025-09-06,Actif,1,Champions,1,0,1,1,1,1,970.91,4863.21,139,30
750,10696,MOBILE,25-34,Strasbourg,2025-09-01,2025-09-01,Actif,1,Champions,1,2,1,1,1,1,154.25,7208.37,157,19
751,10697,MOBILE,35-44,Angers,2025-09-01,2025-09-23,Actif,1,Épargnants peu actifs,3,0,1,1,1,2,27720.94,1078.06,26,0
752,10698,MOBILE,Inconnu,Paris,2025-09-01,2025-09-09,Clôturé,4,Hors segmentation,7,1,1,1,1,206,0.0,357.31,6,2
753,10699,WEB,55+,Paris,2025-09-01,2025-09-20,Actif,1,Champions,1,0,1,1,1,0,1370.25,1771.75,54,2
754,10700,MOBILE,35-44,Montpellier,2025-09-01,2025-09-28,Actif,1,Clients réguliers,2,0,1,1,1,2,1817.14,2000.86,42,0
755,10700,MOBILE,35-44,Montpellier,2026-03-01,2026-03-26,Actif,1,Épargnants peu actifs,3,1,1,1,1,18,3997.88,352.12,3,0
756,10701,MOBILE,35-44,Nantes,2025-09-01,2025-09-09,Actif,1,Occasionnels,4,0,1,1,1,0,262.46,898.54,29,19
757,10702,WEB,Inconnu,Montpellier,2025-09-01,2025-09-14,Clôturé,4,Hors segmentation,7,1,1,1,1,134,0.0,2578.77,72,7
758,10703,MOBILE,25-34,Paris,2025-09-01,2025-09-02,Actif,1,Champions,1,1,1,1,1,1,2466.14,4898.02,146,17
759,10704,WEB,35-44,Rennes,2025-09-01,2025-09-08,Actif,1,Champions,1,6,1,1,1,0,9.61,6069.99,147,10
760,10705,MOBILE,25-34,Saint-Étienne,2025-09-01,2025-09-19,Dormant,2,Épargnants peu actifs,3,3,1,1,1,165,2854.98,793.02,20,0
761,10706,MOBILE,25-34,Paris,2025-09-01,2025-09-18,Jamais alimenté,3,Hors segmentation,7,,0,0,1,,0.0,0.0,0,0
762,10707,MOBILE,25-34,Strasbourg,2025-09-01,2025-09-23,Actif,1,Champions,1,2,1,1,1,0,383.4,6074.95,161,3
763,10708,WEB,35-44,Bordeaux,2025-09-01,2025-09-27,Clôturé,4,Hors segmentation,7,1,1,1,1,93,0.0,701.62,24,0
764,10709,WEB,18-24,Marseille,2025-09-01,2025-09-28,Actif,1,Clients réguliers,2,3,1,1,1,10,184.69,1131.31,30,3
765,10710,MOBILE,25-34,Saint-Étienne,2025-09-01,2025-09-18,Actif,1,Champions,1,3,1,1,1,0,892.23,6307.37,158,3
766,10711,WEB,35-44,Saint-Étienne,2025-09-01,2025-09-04,Actif,1,Champions,1,2,1,1,1,1,800.31,4636.06,125,10
767,10712,MOBILE,45-54,Toulouse,2025-09-01,2025-09-02,Dormant,2,Endormis,6,1,1,1,1,183,114.96,434.04,12,18
768,10713,WEB,18-24,Strasbourg,2025-09-01,2025-09-26,Actif,1,Clients réguliers,2,4,1,1,1,10,4580.91,1059.09,40,8
769,10714,MOBILE,45-54,Paris,2025-09-01,2025-09-06,Actif,1,Champions,1,7,1,1,1,0,1338.88,6192.6,136,0
770,10715,WEB,45-54,Lyon,2025-09-01,2025-09-27,Actif,1,Champions,1,6,1,1,1,4,236.64,4173.34,124,40
771,10716,MOBILE,35-44,Strasbourg,2025-09-01,2025-09-27,Jamais alimenté,3,Hors segmentation,7,,0,0,1,,0.0,0.0,0,0
772,10717,MOBILE,25-34,Strasbourg,2025-09-01,2025-09-28,Actif,1,À risque,5,0,1,1,1,75,425.01,520.99,18,16
773,10718,PARTNER,55+,Rennes,2025-09-01,2025-09-06,Actif,1,Champions,1,0,1,1,1,1,1443.9,7168.04,164,8
774,10719,MOBILE,35-44,Paris,2025-09-01,2025-09-03,Clôturé,4,Hors segmentation,7,4,1,1,1,72,0.0,3610.52,81,11
775,10720,WEB,55+,Marseille,2025-09-01,2025-09-23,Actif,1,Champions,1,6,1,1,1,0,1132.18,6093.69,150,1
776,10721,WEB,55+,Montpellier,2025-09-01,2025-09-25,Actif,1,Champions,1,8,0,1,1,0,1312.55,5159.85,117,21
777,10722,PARTNER,18-24,Lyon,2025-09-01,2025-09-22,Actif,1,Clients réguliers,2,3,1,1,1,1,6202.29,1123.71,23,0
778,10723,WEB,45-54,Paris,2025-09-01,2025-09-27,Actif,1,À risque,5,4,1,1,1,55,11.64,1457.36,44,3
779,10724,PARTNER,35-44,Toulouse,2025-09-01,2025-09-24,Actif,1,À risque,5,10,0,1,1,75,757.39,1251.61,31,0
780,10725,WEB,Inconnu,Paris,2025-09-01,2025-09-23,Actif,1,Épargnants peu actifs,3,1,1,1,1,1,10115.63,1548.37,23,0
781,10726,MOBILE,18-24,Lyon,2025-09-01,2025-09-16,Actif,1,Clients réguliers,2,8,0,1,1,4,310.72,1386.28,41,4
782,10727,WEB,25-34,Marseille,2025-09-01,2025-09-11,Actif,1,Clients réguliers,2,7,1,1,1,11,11548.06,824.94,17,0
783,10728,WEB,25-34,Marseille,2025-09-01,2025-09-21,Actif,1,Épargnants peu actifs,3,5,1,1,1,1,19155.81,1407.19,20,0
784,10729,MOBILE,18-24,Marseille,2025-09-01,2025-09-17,Actif,1,Clients réguliers,2,4,1,1,1,4,273.8,1256.2,38,14
785,10730,PARTNER,35-44,Paris,2025-09-01,2025-09-09,Jamais alimenté,3,Hors segmentation,7,,0,0,1,273,0.0,0.0,0,0
786,10731,MOBILE,55+,Nice,2025-09-01,2025-09-24,Dormant,2,Endormis,6,1,1,1,1,220,551.75,610.3,16,17
787,10732,WEB,35-44,Montpellier,2025-09-01,2025-09-16,Actif,1,Champions,1,8,0,1,1,1,74.86,5209.84,128,5
788,10733,MOBILE,45-54,Lyon,2025-09-01,2025-09-10,Clôturé,4,Hors segmentation,7,1,1,1,1,176,0.0,2168.72,45,0
789,10734,MOBILE,18-24,Lyon,2025-09-01,2025-09-05,Actif,1,Champions,1,6,1,1,1,2,216.9,5370.85,146,18
790,10735,WEB,45-54,Paris,2025-09-01,2025-09-07,Actif,1,Champions,1,5,1,1,1,1,155.67,5278.69,153,2
791,10736,WEB,55+,Rennes,2025-09-01,2025-09-03,Dormant,2,Endormis,6,1,1,1,1,107,81.04,1433.96,34,6
792,10737,WEB,35-44,Rennes,2025-09-01,2025-09-26,Actif,1,Champions,1,2,1,1,1,0,1756.3,5725.45,150,0
793,10738,MOBILE,35-44,Paris,2025-09-01,2025-09-27,Actif,1,Champions,1,8,0,1,1,0,941.64,5109.46,128,10
794,10739,WEB,25-34,Lyon,2025-09-01,2025-09-09,Dormant,2,Endormis,6,8,0,1,1,187,1982.78,1167.22,27,2
795,10740,WEB,45-54,Nice,2025-09-01,2025-09-01,Actif,1,Champions,1,4,1,1,1,1,7.43,6630.2,153,16
796,10741,MOBILE,55+,Bordeaux,2025-09-01,2025-09-02,Actif,1,Champions,1,3,1,1,1,1,4686.21,6322.34,150,1
797,10742,WEB,35-44,Nice,2025-09-01,2025-09-12,Actif,1,Clients réguliers,2,3,1,1,1,1,1210.5,1475.5,43,10
798,10742,WEB,45-54,Nice,2025-12-01,2025-12-07,Actif,1,Clients réguliers,2,0,1,1,1,3,26789.81,875.19,20,0
799,10743,WEB,35-44,Toulouse,2025-09-01,2025-09-02,Actif,1,Champions,1,4,1,1,1,3,1920.05,6079.08,144,7
800,10743,WEB,35-44,Toulouse,2026-01-01,2026-01-01,Actif,1,Clients réguliers,2,0,1,1,1,26,19356.82,506.18,13,0
801,10744,WEB,35-44,Paris,2025-09-01,2025-09-20,Actif,1,Champions,1,9,0,1,1,0,384.24,5427.53,130,1
802,10745,WEB,35-44,Nice,2025-09-01,2025-09-10,Actif,1,Champions,1,0,1,1,1,2,66.05,7129.3,156,4
803,10746,PARTNER,35-44,Marseille,2025-09-01,2025-09-02,Clôturé,4,Hors segmentation,7,9,0,1,1,104,0.0,2517.55,60,3
804,10747,WEB,25-34,Marseille,2025-09-01,2025-09-20,Actif,1,Champions,1,8,0,1,1,1,14.25,7052.58,154,2
805,10747,WEB,25-34,Marseille,2026-01-01,2026-01-08,Actif,1,Épargnants peu actifs,3,5,1,1,1,2,6437.56,560.44,10,0
806,10748,WEB,25-34,Bordeaux,2025-09-01,2025-09-29,Jamais alimenté,3,Hors segmentation,7,,0,0,1,,0.0,0.0,0,0
807,10749,WEB,35-44,Paris,2025-09-01,2025-09-12,Actif,1,À risque,5,0,1,1,1,59,2167.64,2020.36,56,7
808,10750,MOBILE,18-24,Grenoble,2025-09-01,2025-09-05,Actif,1,À risque,5,1,1,1,1,66,284.11,1044.89,29,23
809,10751,MOBILE,18-24,Nice,2025-09-01,2025-09-22,Actif,1,Champions,1,0,1,1,1,3,413.23,6422.06,153,21
810,10752,MOBILE,55+,Grenoble,2025-09-01,2025-09-29,Dormant,2,Endormis,6,6,1,1,1,148,1667.01,487.99,17,5
811,10753,WEB,55+,Paris,2025-09-01,2025-09-04,Actif,1,Épargnants peu actifs,3,1,1,1,1,60,3709.11,1078.89,34,4
812,10754,MOBILE,55+,Paris,2025-09-01,2025-09-27,Actif,1,Champions,1,7,1,1,1,0,199.27,4905.37,120,9
813,10755,MOBILE,Inconnu,Lille,2025-09-01,2025-09-30,Actif,1,Champions,1,1,1,1,1,0,170.47,4672.89,125,7
814,10756,MOBILE,45-54,Bordeaux,2025-09-01,2025-09-17,Actif,1,Champions,1,4,1,1,1,0,2072.12,6472.54,151,4
815,10757,MOBILE,35-44,Grenoble,2025-09-01,2025-09-27,Actif,1,Champions,1,5,1,1,1,3,1300.33,4744.89,128,0
816,10758,PARTNER,25-34,Paris,2025-09-01,2025-09-07,Actif,1,Champions,1,12,0,1,1,1,419.1,4792.2,132,7
817,10759,MOBILE,35-44,Paris,2025-09-01,2025-09-16,Actif,1,À risque,5,3,1,1,1,84,141.86,734.14,22,21
818,10760,MOBILE,18-24,Montpellier,2025-09-01,2025-09-03,Actif,1,Champions,1,3,1,1,1,2,656.45,4874.67,151,16
819,10761,PARTNER,35-44,Bordeaux,2025-09-01,2025-09-04,Dormant,2,Épargnants peu actifs,3,10,0,1,1,210,2755.17,401.83,13,0
820,10762,WEB,35-44,Angers,2025-09-01,2025-09-05,Actif,1,Épargnants peu actifs,3,0,1,1,1,80,3545.77,1911.23,41,0
821,10763,MOBILE,25-34,Angers,2025-09-01,2025-09-04,Actif,1,Champions,1,3,1,1,1,3,840.25,5794.46,141,5
822,10764,WEB,25-34,Marseille,2025-09-01,2025-09-23,Actif,1,Champions,1,0,1,1,1,1,174.05,6963.44,157,1
823,10765,MOBILE,18-24,Paris,2025-09-01,2025-09-11,Actif,1,Champions,1,0,1,1,1,1,1660.41,5903.09,129,3
824,10766,MOBILE,35-44,Paris,2025-09-01,2025-09-20,Actif,1,Champions,1,0,1,1,1,1,774.21,4718.64,133,1
825,10767,MOBILE,25-34,Strasbourg,2025-10-01,2025-10-14,Actif,1,Clients réguliers,2,1,1,1,1,9,1534.73,1814.27,46,4
826,10768,PARTNER,55+,Lyon,2025-10-01,2025-10-11,Jamais alimenté,3,Hors segmentation,7,,0,0,1,231,0.0,0.0,0,0
827,10769,MOBILE,18-24,Strasbourg,2025-10-01,2025-10-14,Actif,1,À risque,5,2,1,1,1,81,396.61,3275.38,85,14
828,10770,WEB,35-44,Marseille,2025-10-01,2025-10-11,Actif,1,Clients réguliers,2,0,1,1,1,0,1680.58,1604.42,38,0
829,10771,MOBILE,25-34,Montpellier,2025-10-01,2025-10-31,Actif,1,Champions,1,3,1,1,1,0,3649.06,5593.19,119,0
830,10772,MOBILE,25-34,Paris,2025-10-01,2025-10-12,Clôturé,4,Hors segmentation,7,3,1,1,1,132,0.0,600.69,19,0
831,10773,WEB,25-34,Paris,2025-10-01,2025-10-23,Actif,1,À risque,5,5,1,1,1,39,1030.01,1551.99,41,12
832,10774,MOBILE,25-34,Lille,2025-10-01,2025-10-02,Dormant,2,Endormis,6,1,1,1,1,241,327.04,321.96,8,0
833,10775,MOBILE,25-34,Paris,2025-10-01,2025-10-18,Actif,1,Champions,1,3,1,1,1,1,1166.05,6041.32,128,5
834,10776,WEB,45-54,Bordeaux,2025-10-01,2025-10-02,Actif,1,Champions,1,7,1,1,1,0,708.59,6429.66,142,2
835,10777,MOBILE,25-34,Lille,2025-10-01,2025-10-07,Actif,1,Clients réguliers,2,3,1,1,1,3,2307.84,1343.16,40,2
836,10778,MOBILE,25-34,Nice,2025-10-01,2025-10-16,Jamais alimenté,3,Hors segmentation,7,,0,0,1,256,0.0,0.0,0,0
837,10779,MOBILE,25-34,Bordeaux,2025-10-01,2025-10-07,Actif,1,Épargnants peu actifs,3,3,1,1,1,6,12303.66,1382.34,34,0
838,10780,MOBILE,18-24,Angers,2025-10-01,2025-10-06,Actif,1,Champions,1,1,1,1,1,3,238.51,5153.85,130,3
839,10781,MOBILE,45-54,Dijon,2025-10-01,2025-10-12,Actif,1,Champions,1,0,1,1,1,0,483.41,5851.97,143,11
840,10782,PARTNER,25-34,Montpellier,2025-10-01,2025-10-04,Actif,1,Champions,1,20,0,1,1,0,918.65,4845.83,115,0
841,10783,MOBILE,18-24,Paris,2025-10-01,2025-10-26,Actif,1,Champions,1,0,1,1,1,0,643.15,6553.54,141,10
842,10784,MOBILE,18-24,Paris,2025-10-01,2025-10-01,Actif,1,Clients réguliers,2,6,1,1,1,0,2712.85,1699.15,44,1
843,10785,WEB,25-34,Angers,2025-10-01,2025-10-09,Actif,1,Clients réguliers,2,1,1,1,1,0,2459.2,1461.8,46,0
844,10786,PARTNER,35-44,Rennes,2025-10-01,2025-10-28,Jamais alimenté,3,Hors segmentation,7,,0,0,1,219,0.0,0.0,0,0
845,10787,PARTNER,35-44,Lille,2025-10-01,2025-10-25,Actif,1,Champions,1,0,1,1,1,2,783.23,5689.18,137,2
846,10788,WEB,18-24,Paris,2025-10-01,2025-10-23,Dormant,2,Endormis,6,4,1,1,1,226,527.94,61.06,3,1
847,10789,MOBILE,18-24,Lille,2025-10-01,2025-10-30,Actif,1,Clients réguliers,2,1,1,1,1,3,2412.82,2017.18,39,6
848,10790,MOBILE,25-34,Grenoble,2025-10-01,2025-10-08,Clôturé,4,Hors segmentation,7,0,1,1,1,113,0.0,1122.34,19,0
849,10791,PARTNER,25-34,Montpellier,2025-10-01,2025-10-13,Dormant,2,Épargnants peu actifs,3,5,1,1,1,222,2967.06,449.94,7,0
850,10792,MOBILE,25-34,Saint-Étienne,2025-10-01,2025-10-14,Clôturé,4,Hors segmentation,7,3,1,1,1,82,0.0,38.48,3,27
851,10793,WEB,35-44,Rennes,2025-10-01,2025-10-09,Dormant,2,Endormis,6,5,1,1,1,259,1074.0,0.0,0,0
852,10794,MOBILE,25-34,Lille,2025-10-01,2025-10-24,Dormant,2,Endormis,6,2,1,1,1,140,190.79,1865.23,52,3
853,10795,MOBILE,Inconnu,Toulouse,2025-10-01,2025-10-11,Dormant,2,Épargnants peu actifs,3,1,1,1,1,117,4594.54,1292.46,26,0
854,10796,MOBILE,35-44,Lyon,2025-10-01,2025-10-18,Jamais alimenté,3,Hors segmentation,7,,0,0,1,244,0.0,0.0,0,0
855,10797,MOBILE,25-34,Grenoble,2025-10-01,2025-10-07,Actif,1,Clients réguliers,2,3,1,1,1,2,1252.95,1317.05,33,0
856,10798,MOBILE,18-24,Paris,2025-10-01,2025-10-24,Actif,1,Champions,1,2,1,1,1,2,767.47,6055.86,138,11
857,10799,MOBILE,25-34,Paris,2025-10-01,2025-10-20,Dormant,2,Endormis,6,6,1,1,1,220,263.6,220.4,6,0
858,10800,MOBILE,18-24,Montpellier,2025-10-01,2025-10-26,Actif,1,Clients réguliers,2,0,1,1,1,0,803.78,1431.22,40,1
859,10801,MOBILE,35-44,Angers,2025-10-01,2025-10-07,Actif,1,Épargnants peu actifs,3,3,1,1,1,65,6370.83,1431.17,39,0
860,10802,WEB,25-34,Bordeaux,2025-10-01,2025-10-05,Actif,1,Épargnants peu actifs,3,4,1,1,1,17,15904.61,1783.39,27,0
861,10803,MOBILE,18-24,Paris,2025-10-01,2025-10-25,Actif,1,Clients réguliers,2,9,0,1,1,9,2866.81,1653.19,38,4
862,10804,MOBILE,18-24,Marseille,2025-10-01,2025-10-14,Actif,1,Clients réguliers,2,4,1,1,1,8,880.53,1093.47,26,0
863,10805,WEB,25-34,Paris,2025-10-01,2025-10-18,Actif,1,À risque,5,0,1,1,1,39,484.28,770.72,24,24
864,10806,MOBILE,35-44,Lyon,2025-10-01,2025-10-15,Actif,1,Champions,1,0,1,1,1,0,588.53,5886.0,137,5
865,10807,MOBILE,25-34,Montpellier,2025-10-01,2025-10-24,Actif,1,Clients réguliers,2,2,1,1,1,0,17541.81,1148.19,24,0
866,10808,MOBILE,35-44,Grenoble,2025-10-01,2025-10-09,Actif,1,Épargnants peu actifs,3,2,1,1,1,62,12577.99,971.01,21,0
867,10809,MOBILE,55+,Toulouse,2025-10-01,2025-10-19,Actif,1,Champions,1,5,1,1,1,0,739.46,5147.17,132,8
868,10810,WEB,45-54,Saint-Étienne,2025-10-01,2025-10-11,Actif,1,Occasionnels,4,3,1,1,1,6,2364.22,1112.78,24,0
869,10811,MOBILE,18-24,Paris,2025-10-01,2025-10-21,Actif,1,Épargnants peu actifs,3,2,1,1,1,3,13427.62,1264.38,22,0
870,10812,MOBILE,25-34,Marseille,2025-10-01,2025-10-01,Actif,1,Clients réguliers,2,3,1,1,1,5,260.59,1774.41,49,5
871,10813,PARTNER,45-54,Bordeaux,2025-10-01,2025-10-28,Actif,1,Champions,1,8,0,1,1,1,1830.72,4353.08,116,13
872,10814,MOBILE,18-24,Strasbourg,2025-10-01,2025-10-05,Actif,1,Clients réguliers,2,2,1,1,1,4,81.25,1275.75,43,0
873,10815,MOBILE,55+,Reims,2025-10-01,2025-10-10,Actif,1,Champions,1,3,1,1,1,2,734.95,7847.98,135,23
874,10816,MOBILE,25-34,Paris,2025-10-01,2025-10-01,Jamais alimenté,3,Hors segmentation,7,,0,0,1,264,0.0,0.0,0,0
875,10817,MOBILE,18-24,Saint-Étienne,2025-10-01,2025-10-14,Actif,1,Clients réguliers,2,0,1,1,1,0,943.86,1612.14,46,5
876,10818,WEB,25-34,Montpellier,2025-10-01,2025-10-29,Actif,1,Champions,1,11,0,1,1,1,11.69,5589.92,117,23
877,10819,MOBILE,25-34,Grenoble,2025-10-01,2025-10-27,Actif,1,Champions,1,7,1,1,1,2,640.31,5159.6,126,10
878,10820,MOBILE,25-34,Toulouse,2025-10-01,2025-10-28,Actif,1,Champions,1,0,1,1,1,0,318.44,5130.58,140,8
879,10821,PARTNER,25-34,Nantes,2025-10-01,2025-10-18,Dormant,2,Endormis,6,23,0,1,1,203,41.13,510.87,10,1
880,10822,WEB,35-44,Nice,2025-10-01,2025-10-14,Jamais alimenté,3,Hors segmentation,7,,0,0,1,254,0.0,0.0,0,0
881,10823,MOBILE,45-54,Angers,2025-10-01,2025-10-19,Actif,1,Champions,1,2,1,1,1,2,981.52,5353.13,127,8
882,10824,MOBILE,Inconnu,Marseille,2025-10-01,2025-10-16,Clôturé,4,Hors segmentation,7,1,1,1,1,15,0.0,755.2,28,3
883,10825,MOBILE,18-24,Paris,2025-10-01,2025-10-09,Actif,1,Champions,1,3,1,1,1,1,2809.02,5942.37,147,9
884,10826,MOBILE,45-54,Lyon,2025-10-01,2025-10-04,Actif,1,Champions,1,2,1,1,1,0,311.56,4727.35,128,9
885,10827,WEB,Inconnu,Lyon,2025-10-01,2025-10-04,Clôturé,4,Hors segmentation,7,1,1,1,1,123,0.0,499.74,17,4
886,10828,MOBILE,18-24,Bordeaux,2025-10-01,2025-10-09,Jamais alimenté,3,Hors segmentation,7,,0,0,1,244,0.0,0.0,0,0
887,10829,MOBILE,35-44,Rennes,2025-10-01,2025-10-07,Actif,1,Occasionnels,4,1,1,1,1,30,7.52,1389.48,31,17
888,10830,MOBILE,35-44,Paris,2025-10-01,2025-10-04,Dormant,2,Endormis,6,7,1,1,1,260,255.09,25.91,1,0
889,10831,MOBILE,18-24,Strasbourg,2025-10-01,2025-10-20,Jamais alimenté,3,Hors segmentation,7,,0,0,1,,0.0,0.0,0,0
890,10832,MOBILE,35-44,Angers,2025-10-01,2025-10-31,Actif,1,Champions,1,2,1,1,1,2,549.23,5357.11,121,17
891,10833,MOBILE,Inconnu,Montpellier,2025-10-01,2025-10-14,Clôturé,4,Hors segmentation,7,5,1,1,1,51,0.0,983.93,25,0
892,10834,MOBILE,25-34,Toulouse,2025-10-01,2025-10-15,Actif,1,Champions,1,5,1,1,1,5,796.43,4802.81,129,1
893,10835,MOBILE,25-34,Saint-Étienne,2025-10-01,2025-10-05,Actif,1,Clients réguliers,2,10,0,1,1,2,2353.02,1694.98,43,2
894,10836,PARTNER,25-34,Lille,2025-10-01,2025-10-26,Jamais alimenté,3,Hors segmentation,7,,0,0,1,240,0.0,0.0,0,0
895,10837,WEB,18-24,Marseille,2025-10-01,2025-10-14,Actif,1,Clients réguliers,2,1,1,1,1,3,2393.65,1239.35,40,0
896,10838,WEB,35-44,Toulouse,2025-10-01,2025-10-23,Jamais alimenté,3,Hors segmentation,7,,0,0,1,,0.0,0.0,0,0
897,10839,MOBILE,18-24,Grenoble,2025-10-01,2025-10-16,Actif,1,Champions,1,0,1,1,1,2,809.15,5431.51,143,13
898,10840,WEB,35-44,Toulouse,2025-10-01,2025-10-20,Clôturé,4,Hors segmentation,7,1,1,1,1,66,0.0,1070.65,28,1
899,10841,MOBILE,25-34,Lyon,2025-10-01,2025-10-12,Dormant,2,Endormis,6,2,1,1,1,219,383.41,752.23,22,3
900,10842,PARTNER,45-54,Reims,2025-10-01,2025-10-18,Jamais alimenté,3,Hors segmentation,7,,0,0,1,248,0.0,0.0,0,0
901,10843,MOBILE,35-44,Paris,2025-10-01,2025-10-01,Actif,1,Clients réguliers,2,0,1,1,1,0,128.56,1104.44,36,19
902,10843,MOBILE,35-44,Paris,2025-11-01,2025-11-20,Actif,1,Clients réguliers,2,0,1,1,1,3,6496.7,705.3,20,0
903,10844,MOBILE,35-44,Lyon,2025-10-01,2025-10-04,Actif,1,Épargnants peu actifs,3,2,1,1,1,5,5669.89,1183.11,22,0
904,10845,WEB,25-34,Lyon,2025-10-01,2025-10-29,Jamais alimenté,3,Hors segmentation,7,,0,0,1,240,0.0,0.0,0,0
905,10846,WEB,35-44,Nice,2025-10-01,2025-10-02,Actif,1,Champions,1,1,1,1,1,0,74.35,5300.33,143,4
906,10847,MOBILE,25-34,Lille,2025-10-01,2025-10-26,Actif,1,Clients réguliers,2,1,1,1,1,3,2457.22,2083.78,41,3
907,10848,WEB,35-44,Nantes,2025-10-01,2025-10-13,Actif,1,Champions,1,3,1,1,1,0,274.72,6294.59,155,0
908,10849,MOBILE,25-34,Marseille,2025-10-01,2025-10-21,Clôturé,4,Hors segmentation,7,3,1,1,1,58,0.0,980.76,23,0
909,10850,WEB,35-44,Bordeaux,2025-10-01,2025-10-23,Actif,1,Clients réguliers,2,4,1,1,1,23,1193.89,956.11,27,3
910,10851,MOBILE,35-44,Bordeaux,2025-10-01,2025-10-13,Clôturé,4,Hors segmentation,7,2,1,1,1,44,0.0,828.92,26,8
911,10852,MOBILE,45-54,Lille,2025-10-01,2025-10-14,Actif,1,Champions,1,1,1,1,1,0,145.2,3300.89,96,33
912,10853,PARTNER,25-34,Lille,2025-10-01,2025-10-20,Actif,1,À risque,5,4,1,1,1,71,981.72,1369.28,34,4
913,10853,PARTNER,25-34,Lille,2026-03-01,2026-03-20,Actif,1,Épargnants peu actifs,3,8,0,1,1,10,7026.51,139.49,3,0
914,10854,MOBILE,18-24,Nantes,2025-10-01,2025-10-18,Clôturé,4,Hors segmentation,7,3,1,1,1,135,0.0,63.42,4,8
915,10855,MOBILE,25-34,Saint-Étienne,2025-10-01,2025-10-31,Actif,1,Occasionnels,4,4,1,1,1,5,1694.47,1237.53,42,0
916,10856,WEB,35-44,Toulouse,2025-10-01,2025-10-31,Actif,1,Champions,1,5,1,1,1,3,713.18,4347.74,114,10
917,10857,WEB,55+,Marseille,2025-10-01,2025-10-30,Actif,1,Champions,1,0,1,1,1,3,716.02,4272.91,109,5
918,10858,MOBILE,25-34,Marseille,2025-10-01,2025-10-11,Jamais alimenté,3,Hors segmentation,7,,0,0,1,,0.0,0.0,0,0
919,10859,MOBILE,25-34,Strasbourg,2025-10-01,2025-10-17,Actif,1,Clients réguliers,2,6,1,1,1,0,4493.46,1326.54,38,0
920,10860,MOBILE,25-34,Strasbourg,2025-10-01,2025-10-14,Actif,1,Champions,1,0,1,1,1,3,854.15,4243.07,133,5
921,10861,WEB,35-44,Toulouse,2025-10-01,2025-10-02,Jamais alimenté,3,Hors segmentation,7,,0,0,1,,0.0,0.0,0,0
922,10862,WEB,35-44,Paris,2025-10-01,2025-10-09,Actif,1,Champions,1,0,1,1,1,2,53.76,4834.48,132,0
923,10863,WEB,55+,Bordeaux,2025-10-01,2025-10-04,Jamais alimenté,3,Hors segmentation,7,,0,0,1,268,0.0,0.0,0,0
924,10864,WEB,25-34,Reims,2025-10-01,2025-10-22,Actif,1,Clients réguliers,2,0,1,1,1,2,1977.23,727.77,19,0
925,10865,WEB,35-44,Marseille,2025-10-01,2025-10-24,Actif,1,Clients réguliers,2,7,1,1,1,3,6437.7,1010.3,18,0
926,10866,WEB,35-44,Marseille,2025-10-01,2025-10-09,Dormant,2,Endormis,6,1,1,1,1,136,319.16,434.84,15,8
927,10867,PARTNER,55+,Bordeaux,2025-10-01,2025-10-09,Actif,1,Clients réguliers,2,7,1,1,1,0,4350.89,1978.11,46,0
928,10868,WEB,35-44,Montpellier,2025-10-01,2025-10-20,Actif,1,Champions,1,1,1,1,1,0,541.36,6008.36,123,6
929,10869,WEB,35-44,Montpellier,2025-10-01,2025-10-18,Actif,1,Épargnants peu actifs,3,3,1,1,1,3,3300.81,974.19,20,0
930,10870,WEB,55+,Lyon,2025-10-01,2025-10-19,Actif,1,Épargnants peu actifs,3,0,1,1,1,1,3522.76,1150.24,25,0
931,10871,MOBILE,55+,Paris,2025-10-01,2025-10-12,Actif,1,Clients réguliers,2,4,1,1,1,0,2256.97,1232.03,29,16
932,10872,MOBILE,Inconnu,Lyon,2025-10-01,2025-10-17,Clôturé,4,Hors segmentation,7,1,1,1,1,19,0.0,636.49,19,11
933,10873,MOBILE,18-24,Angers,2025-10-01,2025-10-18,Clôturé,4,Hors segmentation,7,3,1,1,1,21,0.0,1812.06,39,17
934,10874,WEB,45-54,Paris,2025-10-01,2025-10-09,Actif,1,Clients réguliers,2,4,1,1,1,2,8970.83,1549.17,22,0
935,10874,WEB,45-54,Paris,2025-12-01,2025-12-05,Actif,1,Épargnants peu actifs,3,7,1,1,1,12,4251.57,651.43,12,0
936,10875,PARTNER,55+,Marseille,2025-10-01,2025-10-08,Jamais alimenté,3,Hors segmentation,7,,0,0,1,235,0.0,0.0,0,0
937,10876,PARTNER,45-54,Saint-Étienne,2025-10-01,2025-10-27,Clôturé,4,Hors segmentation,7,1,1,1,1,125,0.0,585.59,15,0
938,10877,MOBILE,18-24,Paris,2025-10-01,2025-10-26,Actif,1,Champions,1,0,1,1,1,4,7.23,6971.51,147,11
939,10878,MOBILE,55+,Reims,2025-10-01,2025-10-08,Actif,1,Champions,1,3,1,1,1,2,2794.38,5493.48,148,10
940,10879,MOBILE,25-34,Nantes,2025-10-01,2025-10-11,Actif,1,Clients réguliers,2,0,1,1,1,2,855.75,1250.25,37,0
941,10880,MOBILE,25-34,Paris,2025-10-01,2025-10-01,Actif,1,Champions,1,0,1,1,1,0,2511.35,5218.12,152,15
942,10881,MOBILE,55+,Angers,2025-10-01,2025-10-28,Actif,1,Champions,1,0,1,1,1,0,2632.57,6454.84,137,2
943,10882,MOBILE,25-34,Marseille,2025-10-01,2025-10-12,Jamais alimenté,3,Hors segmentation,7,,0,0,1,,0.0,0.0,0,0
944,10883,WEB,18-24,Toulouse,2025-10-01,2025-10-14,Actif,1,Champions,1,0,1,1,1,2,887.25,4608.49,117,23
945,10884,MOBILE,25-34,Angers,2025-10-01,2025-10-01,Clôturé,4,Hors segmentation,7,2,1,1,1,55,0.0,697.06,19,3
946,10885,MOBILE,35-44,Toulouse,2025-10-01,2025-10-22,Actif,1,Clients réguliers,2,5,1,1,1,0,235.29,1085.71,34,6
947,10886,WEB,18-24,Paris,2025-10-01,2025-10-31,Actif,1,Clients réguliers,2,2,1,1,1,21,3060.8,1265.2,39,1
948,10887,MOBILE,45-54,Bordeaux,2025-10-01,2025-10-24,Actif,1,Champions,1,9,0,1,1,0,44.24,5014.02,129,6
949,10888,MOBILE,35-44,Paris,2025-10-01,2025-10-24,Actif,1,Champions,1,0,1,1,1,0,419.45,5389.87,137,2
950,10889,MOBILE,35-44,Bordeaux,2025-10-01,2025-10-08,Actif,1,Champions,1,3,1,1,1,0,1765.85,5146.89,146,2
951,10890,WEB,55+,Saint-Étienne,2025-10-01,2025-10-05,Actif,1,Clients réguliers,2,1,1,1,1,1,3137.8,1097.2,34,9
952,10891,MOBILE,25-34,Grenoble,2025-10-01,2025-10-22,Actif,1,Champions,1,1,1,1,1,1,1944.74,5607.65,143,6
953,10892,WEB,25-34,Strasbourg,2025-10-01,2025-10-31,Actif,1,Champions,1,4,1,1,1,0,298.65,5200.74,122,3
954,10893,MOBILE,25-34,Paris,2025-10-01,2025-10-14,Actif,1,Champions,1,0,1,1,1,1,149.48,6076.78,144,15
955,10894,WEB,45-54,Rennes,2025-10-01,2025-10-23,Actif,1,Épargnants peu actifs,3,0,1,1,1,3,12346.49,1149.51,19,0
956,10895,PARTNER,35-44,Montpellier,2025-10-01,2025-10-19,Dormant,2,Endormis,6,10,0,1,1,137,909.23,651.77,23,0
957,10896,MOBILE,25-34,Nice,2025-10-01,2025-10-30,Actif,1,Champions,1,6,1,1,1,0,115.37,1648.63,42,4
958,10897,MOBILE,35-44,Bordeaux,2025-10-01,2025-10-13,Actif,1,Champions,1,0,1,1,1,0,16027.09,4913.96,120,15
959,10898,MOBILE,25-34,Marseille,2025-10-01,2025-10-21,Jamais alimenté,3,Hors segmentation,7,,0,0,1,252,0.0,0.0,0,0
960,10899,MOBILE,25-34,Lyon,2025-10-01,2025-10-09,Actif,1,Champions,1,3,1,1,1,3,2102.8,5938.34,157,3
961,10900,MOBILE,35-44,Rennes,2025-10-01,2025-10-06,Actif,1,Clients réguliers,2,0,1,1,1,5,88.24,1381.76,46,9
962,10901,WEB,55+,Paris,2025-10-01,2025-10-05,Actif,1,Champions,1,0,1,1,1,0,1714.09,5182.42,116,7
963,10902,MOBILE,25-34,Lille,2025-10-01,2025-10-19,Actif,1,Champions,1,1,1,1,1,0,884.16,5609.23,147,7
964,10903,MOBILE,35-44,Lyon,2025-10-01,2025-10-21,Actif,1,Clients réguliers,2,5,1,1,1,2,16374.38,1165.62,26,0
965,10904,MOBILE,25-34,Paris,2025-10-01,2025-10-07,Actif,1,Clients réguliers,2,1,1,1,1,4,2688.28,1212.72,41,0
966,10905,MOBILE,55+,Nantes,2025-11-01,2025-11-06,Actif,1,Champions,1,7,1,1,1,0,281.18,4998.11,115,2
967,10906,WEB,35-44,Montpellier,2025-11-01,2025-11-11,Actif,1,Clients réguliers,2,14,0,1,1,1,2171.78,1315.22,36,0
968,10907,MOBILE,55+,Bordeaux,2025-11-01,2025-11-14,Actif,1,Clients réguliers,2,1,1,1,1,0,681.99,723.01,24,20
969,10908,MOBILE,35-44,Montpellier,2025-11-01,2025-11-26,Actif,1,Clients réguliers,2,2,1,1,1,4,397.23,861.77,25,3
970,10909,WEB,35-44,Nantes,2025-11-01,2025-11-25,Actif,1,Champions,1,3,1,1,1,3,12.21,4209.55,105,11
971,10910,MOBILE,45-54,Rennes,2025-11-01,2025-11-11,Actif,1,Champions,1,8,0,1,1,0,354.78,5160.95,107,0
972,10911,WEB,35-44,Paris,2025-11-01,2025-11-20,Actif,1,Champions,1,0,1,1,1,1,1428.22,4479.04,112,0
973,10912,WEB,45-54,Lyon,2025-11-01,2025-11-28,Dormant,2,Endormis,6,0,1,1,1,154,1885.26,1657.17,29,0
974,10913,WEB,35-44,Nantes,2025-11-01,2025-11-05,Actif,1,Champions,1,2,1,1,1,0,432.36,3957.68,107,5
975,10914,WEB,55+,Rennes,2025-11-01,2025-11-20,Actif,1,Clients réguliers,2,1,1,1,1,5,1176.22,971.78,34,0
976,10915,MOBILE,25-34,Paris,2025-11-01,2025-11-12,Actif,1,Clients réguliers,2,2,1,1,1,1,1003.81,1034.19,24,7
977,10916,MOBILE,25-34,Dijon,2025-11-01,2025-11-30,Actif,1,Champions,1,0,1,1,1,1,3861.86,4701.74,118,0
978,10917,MOBILE,55+,Saint-Étienne,2025-11-01,2025-11-11,Actif,1,Champions,1,5,1,1,1,1,1119.98,5309.96,132,11
979,10918,WEB,25-34,Saint-Étienne,2025-11-01,2025-11-20,Actif,1,Clients réguliers,2,2,1,1,1,6,2155.71,1472.29,36,0
980,10919,MOBILE,55+,Lille,2025-11-01,2025-11-09,Actif,1,Clients réguliers,2,1,1,1,1,11,3371.47,1298.53,41,0
981,10920,PARTNER,18-24,Marseille,2025-11-01,2025-11-04,Clôturé,4,Hors segmentation,7,22,0,1,1,32,0.0,948.5,26,8
982,10921,MOBILE,25-34,Nice,2025-11-01,2025-11-05,Actif,1,Clients réguliers,2,0,1,1,1,0,2165.67,1423.33,42,9
983,10922,WEB,18-24,Grenoble,2025-11-01,2025-11-03,Jamais alimenté,3,Hors segmentation,7,,0,0,1,236,0.0,0.0,0,0
984,10923,MOBILE,45-54,Toulouse,2025-11-01,2025-11-17,Actif,1,Champions,1,0,1,1,1,0,96.76,4692.63,101,17
985,10924,MOBILE,25-34,Bordeaux,2025-11-01,2025-11-11,Actif,1,Champions,1,0,1,1,1,0,944.98,5806.05,107,4
986,10925,MOBILE,25-34,Grenoble,2025-11-01,2025-11-02,Actif,1,Champions,1,0,1,1,1,3,385.12,4708.09,118,4
987,10926,WEB,25-34,Marseille,2025-11-01,2025-11-12,Actif,1,Clients réguliers,2,1,1,1,1,0,1358.75,1101.25,28,7
988,10927,MOBILE,18-24,Rennes,2025-11-01,2025-11-17,Actif,1,Champions,1,0,1,1,1,0,943.22,1408.78,39,0
989,10928,WEB,35-44,Toulouse,2025-11-01,2025-11-03,Actif,1,Champions,1,1,1,1,1,1,1908.13,5619.46,119,13
990,10929,MOBILE,25-34,Reims,2025-11-01,2025-11-04,Dormant,2,Endormis,6,0,1,1,1,206,260.0,140.0,6,1
991,10930,WEB,55+,Paris,2025-11-01,2025-11-18,Actif,1,Clients réguliers,2,2,1,1,1,16,9810.52,1385.48,22,1
992,10931,WEB,25-34,Montpellier,2025-11-01,2025-11-03,Jamais alimenté,3,Hors segmentation,7,,0,0,1,225,0.0,0.0,0,0
993,10932,MOBILE,18-24,Lille,2025-11-01,2025-11-05,Actif,1,Clients réguliers,2,0,1,1,1,7,1019.63,1010.37,34,0
994,10933,PARTNER,25-34,Nice,2025-11-01,2025-11-10,Clôturé,4,Hors segmentation,7,4,1,1,1,31,0.0,512.35,15,9
995,10934,MOBILE,25-34,Paris,2025-11-01,2025-11-20,Jamais alimenté,3,Hors segmentation,7,,0,0,1,219,0.0,0.0,0,0
996,10935,WEB,25-34,Marseille,2025-11-01,2025-11-07,Actif,1,Champions,1,1,1,1,1,0,174.5,5262.8,132,8
997,10936,MOBILE,35-44,Lille,2025-11-01,2025-11-12,Actif,1,Champions,1,2,1,1,1,1,122.01,6274.03,111,10
998,10937,WEB,45-54,Paris,2025-11-01,2025-11-17,Actif,1,Champions,1,1,1,1,1,7,9.9,5996.55,108,26
999,10938,PARTNER,45-54,Lille,2025-11-01,2025-11-30,Jamais alimenté,3,Hors segmentation,7,,0,0,1,,0.0,0.0,0,0
1000,10939,MOBILE,18-24,Bordeaux,2025-11-01,2025-11-20,Actif,1,Champions,1,1,1,1,1,4,1342.69,5812.51,115,5
1001,10940,WEB,45-54,Paris,2025-11-01,2025-11-29,Actif,1,Clients réguliers,2,1,1,1,1,19,10992.19,887.81,20,0
1002,10941,MOBILE,25-34,Paris,2025-11-01,2025-11-22,Actif,1,Champions,1,0,1,1,1,2,980.84,5104.14,104,2
1003,10942,MOBILE,18-24,Marseille,2025-11-01,2025-11-14,Clôturé,4,Hors segmentation,7,2,1,1,1,64,0.0,792.23,21,0
1004,10943,MOBILE,Inconnu,Lille,2025-11-01,2025-11-04,Actif,1,Clients réguliers,2,4,1,1,1,0,1455.99,1434.01,31,0
1005,10944,MOBILE,25-34,Bordeaux,2025-11-01,2025-11-04,Actif,1,Clients réguliers,2,2,1,1,1,1,4909.44,862.56,28,0
1006,10945,MOBILE,18-24,Lyon,2025-11-01,2025-11-16,Actif,1,À risque,5,0,1,1,1,87,1333.6,437.4,18,10
1007,10946,MOBILE,55+,Dijon,2025-11-01,2025-11-21,Actif,1,Clients réguliers,2,4,1,1,1,26,1082.71,1463.29,39,5
1008,10947,WEB,25-34,Saint-Étienne,2025-11-01,2025-11-04,Actif,1,Champions,1,4,1,1,1,1,879.11,4846.6,128,5
1009,10948,WEB,55+,Saint-Étienne,2025-11-01,2025-11-20,Actif,1,Champions,1,4,1,1,1,2,158.18,4509.1,120,2
1010,10948,WEB,55+,Saint-Étienne,2025-12-01,2025-12-24,Actif,1,Épargnants peu actifs,3,2,1,1,1,5,9328.85,147.15,3,0
1011,10949,MOBILE,25-34,Marseille,2025-11-01,2025-11-12,Actif,1,À risque,5,6,1,1,1,71,3.28,801.72,29,13
1012,10950,MOBILE,35-44,Nice,2025-11-01,2025-11-30,Jamais alimenté,3,Hors segmentation,7,,0,0,1,197,0.0,0.0,0,0
1013,10951,WEB,55+,Reims,2025-11-01,2025-11-19,Actif,1,Champions,1,0,1,1,1,0,317.57,5700.45,118,12
1014,10952,PARTNER,35-44,Marseille,2025-11-01,2025-11-16,Jamais alimenté,3,Hors segmentation,7,,0,0,1,,0.0,0.0,0,0
1015,10953,WEB,45-54,Nice,2025-11-01,2025-11-27,Actif,1,Clients réguliers,2,0,1,1,1,13,224.13,1167.87,30,2
1016,10954,MOBILE,35-44,Paris,2025-11-01,2025-11-21,Clôturé,4,Hors segmentation,7,1,1,1,1,58,0.0,639.55,20,3
1017,10955,MOBILE,55+,Montpellier,2025-11-01,2025-11-02,Actif,1,À risque,5,0,1,1,1,38,996.33,756.67,24,3
1018,10956,MOBILE,18-24,Marseille,2025-11-01,2025-11-18,Jamais alimenté,3,Hors segmentation,7,,0,0,1,219,0.0,0.0,0,0
1019,10957,WEB,55+,Paris,2025-11-01,2025-11-01,Actif,1,Épargnants peu actifs,3,3,1,1,1,0,16362.26,1234.74,15,0
1020,10958,MOBILE,35-44,Paris,2025-11-01,2025-11-10,Actif,1,Clients réguliers,2,1,1,1,1,2,1471.34,1314.66,42,1
1021,10959,WEB,45-54,Strasbourg,2025-11-01,2025-11-24,Actif,1,Clients réguliers,2,3,1,1,1,4,4418.61,909.39,31,1
1022,10960,MOBILE,25-34,Reims,2025-11-01,2025-11-05,Actif,1,Clients réguliers,2,2,1,1,1,7,721.61,1491.39,46,0
1023,10961,MOBILE,25-34,Dijon,2025-11-01,2025-11-29,Actif,1,Champions,1,1,1,1,1,0,862.53,5492.74,113,0
1024,10962,WEB,35-44,Lille,2025-11-01,2025-11-30,Actif,1,Champions,1,9,0,1,1,0,2402.57,3349.52,87,8
1025,10963,MOBILE,25-34,Lyon,2025-11-01,2025-11-12,Actif,1,Champions,1,1,1,1,1,0,1219.0,3657.15,107,5
1026,10964,WEB,45-54,Bordeaux,2025-11-01,2025-11-10,Actif,1,Champions,1,3,1,1,1,7,1338.34,3863.31,102,17
1027,10965,MOBILE,25-34,Toulouse,2025-11-01,2025-11-13,Actif,1,Champions,1,6,1,1,1,0,2578.75,5134.22,122,6
1028,10966,MOBILE,25-34,Rennes,2025-11-01,2025-11-13,Actif,1,Champions,1,1,1,1,1,18,3.83,1499.17,37,8
1029,10967,MOBILE,45-54,Paris,2025-11-01,2025-11-06,Clôturé,4,Hors segmentation,7,0,1,1,1,65,0.0,165.97,7,17
1030,10968,MOBILE,18-24,Nice,2025-11-01,2025-11-19,Actif,1,Clients réguliers,2,2,1,1,1,0,523.28,1078.72,31,5
1031,10969,MOBILE,25-34,Nice,2025-11-01,2025-11-23,Actif,1,Clients réguliers,2,3,1,1,1,25,1840.14,956.86,23,9
1032,10970,WEB,35-44,Grenoble,2025-11-01,2025-11-24,Actif,1,Champions,1,8,0,1,1,0,4244.15,3595.2,94,15
1033,10971,PARTNER,45-54,Marseille,2025-11-01,2025-11-28,Actif,1,Champions,1,5,1,1,1,1,656.21,3176.74,88,16
1034,10972,MOBILE,55+,Montpellier,2025-11-01,2025-11-11,Actif,1,Clients réguliers,2,2,1,1,1,3,14692.3,1318.7,23,0
1035,10973,MOBILE,35-44,Strasbourg,2025-11-01,2025-11-30,Dormant,2,Endormis,6,15,0,1,1,99,796.54,1691.85,44,6
1036,10974,WEB,55+,Lille,2025-11-01,2025-11-07,Actif,1,À risque,5,5,1,1,1,54,1554.11,1172.89,42,4
1037,10975,PARTNER,55+,Montpellier,2025-11-01,2025-11-12,Actif,1,Clients réguliers,2,30,0,1,1,11,40.9,1169.1,30,8
1038,10976,WEB,25-34,Marseille,2025-11-01,2025-11-06,Actif,1,Champions,1,0,1,1,1,3,602.43,4825.2,115,5
1039,10977,WEB,45-54,Rennes,2025-11-01,2025-11-06,Dormant,2,Endormis,6,1,1,1,1,182,456.53,453.15,15,9
1040,10978,MOBILE,18-24,Bordeaux,2025-11-01,2025-11-29,Actif,1,Clients réguliers,2,2,1,1,1,3,18261.78,751.22,17,0
1041,10979,MOBILE,35-44,Marseille,2025-11-01,2025-11-17,Actif,1,Clients réguliers,2,1,1,1,1,1,314.41,1250.59,33,1
1042,10980,MOBILE,25-34,Angers,2025-11-01,2025-11-30,Dormant,2,Endormis,6,10,0,1,1,116,631.12,1033.88,13,2
1043,10981,MOBILE,35-44,Montpellier,2025-11-01,2025-11-03,Actif,1,Champions,1,0,1,1,1,3,3986.43,5731.86,132,8
1044,10982,WEB,25-34,Lille,2025-11-01,2025-11-27,Actif,1,Champions,1,4,1,1,1,1,1034.82,4744.75,110,6
1045,10983,WEB,35-44,Lyon,2025-11-01,2025-11-07,Actif,1,Clients réguliers,2,0,1,1,1,5,9.36,1405.64,39,9
1046,10984,WEB,25-34,Paris,2025-11-01,2025-11-06,Actif,1,Champions,1,2,1,1,1,1,384.22,1658.78,36,6
1047,10985,MOBILE,25-34,Paris,2025-11-01,2025-11-23,Actif,1,Clients réguliers,2,18,0,1,1,1,949.82,1150.18,32,0
1048,10985,MOBILE,25-34,Paris,2026-02-01,2026-02-16,Actif,1,Épargnants peu actifs,3,0,1,1,1,2,14669.16,740.84,11,0
1049,10986,WEB,35-44,Angers,2025-11-01,2025-11-03,Clôturé,4,Hors segmentation,7,1,1,1,1,14,0.0,997.91,26,14
1050,10987,MOBILE,25-34,Paris,2025-11-01,2025-11-01,Actif,1,Champions,1,0,1,1,1,0,384.93,5285.68,122,5
1051,10988,MOBILE,35-44,Strasbourg,2025-11-01,2025-11-20,Actif,1,À risque,5,5,1,1,1,49,1596.12,4374.65,94,2
1052,10989,WEB,55+,Strasbourg,2025-11-01,2025-11-03,Actif,1,Épargnants peu actifs,3,2,1,1,1,3,6077.65,1234.35,23,0
1053,10990,MOBILE,35-44,Paris,2025-11-01,2025-11-06,Actif,1,Champions,1,8,0,1,1,1,544.11,3355.6,112,14
1054,10991,PARTNER,55+,Toulouse,2025-11-01,2025-11-27,Actif,1,Champions,1,2,1,1,1,3,3638.7,4448.36,118,5
1055,10992,PARTNER,45-54,Toulouse,2025-11-01,2025-11-12,Clôturé,4,Hors segmentation,7,12,0,1,1,88,0.0,902.27,16,2
1056,10992,PARTNER,55+,Toulouse,2026-05-01,2026-05-07,Actif,1,Occasionnels,4,26,0,1,1,0,1157.42,160.58,4,0
1057,10993,MOBILE,35-44,Paris,2025-11-01,2025-11-09,Actif,1,Clients réguliers,2,0,1,1,1,2,540.51,1049.49,38,0
1058,10994,MOBILE,35-44,Nantes,2025-11-01,2025-11-07,Actif,1,Épargnants peu actifs,3,1,1,1,1,0,13155.48,852.52,16,0
1059,10995,PARTNER,25-34,Saint-Étienne,2025-12-01,2025-12-29,Dormant,2,Endormis,6,3,1,1,1,110,2.13,143.87,4,11
1060,10996,MOBILE,25-34,Lyon,2025-12-01,2025-12-22,Jamais alimenté,3,Hors segmentation,7,,0,0,1,,0.0,0.0,0,0
1061,10997,WEB,35-44,Paris,2025-12-01,2025-12-22,Actif,1,Clients réguliers,2,0,1,1,1,8,556.47,913.53,31,0
1062,10997,WEB,35-44,Paris,2026-06-01,2026-06-04,Actif,1,Occasionnels,4,6,1,1,0,5,100.27,76.73,2,0
1063,10998,WEB,35-44,Angers,2025-12-01,2025-12-05,Jamais alimenté,3,Hors segmentation,7,,0,0,1,200,0.0,0.0,0,0
1064,10999,PARTNER,25-34,Rennes,2025-12-01,2025-12-28,Jamais alimenté,3,Hors segmentation,7,,0,0,1,179,0.0,0.0,0,0
1065,11000,WEB,55+,Angers,2025-12-01,2025-12-07,Actif,1,Occasionnels,4,0,1,1,1,28,5.0,1185.0,29,16
1066,11001,MOBILE,18-24,Angers,2025-12-01,2025-12-27,Actif,1,Clients réguliers,2,6,1,1,1,0,2263.46,872.54,20,1
1067,11002,WEB,25-34,Nice,2025-12-01,2025-12-28,Actif,1,Épargnants peu actifs,3,3,1,1,1,3,7524.72,1142.28,21,0
1068,11003,WEB,55+,Lyon,2025-12-01,2025-12-19,Actif,1,Champions,1,1,1,1,1,0,34.75,4400.61,112,3
1069,11004,MOBILE,25-34,Toulouse,2025-12-01,2025-12-23,Actif,1,Champions,1,10,0,1,1,0,1173.43,3465.48,88,6
1070,11005,PARTNER,25-34,Marseille,2025-12-01,2025-12-16,Dormant,2,Endormis,6,8,0,1,1,93,2.22,945.78,22,1
1071,11006,MOBILE,18-24,Non renseignée,2025-12-01,2025-12-10,Actif,1,Clients réguliers,2,1,1,1,1,1,2537.84,1156.16,35,0
1072,11007,PARTNER,45-54,Reims,2025-12-01,2025-12-13,Actif,1,Champions,1,5,1,1,1,4,765.35,4216.08,98,0
1073,11008,WEB,25-34,Nantes,2025-12-01,2025-12-22,Actif,1,Clients réguliers,2,4,1,1,1,3,6963.9,785.1,16,0
1074,11009,WEB,35-44,Rennes,2025-12-01,2025-12-10,Actif,1,Champions,1,4,1,1,1,1,131.09,4034.84,99,5
1075,11010,MOBILE,18-24,Bordeaux,2025-12-01,2025-12-05,Jamais alimenté,3,Hors segmentation,7,,0,0,1,193,0.0,0.0,0,0
1076,11011,MOBILE,25-34,Reims,2025-12-01,2025-12-08,Actif,1,Champions,1,7,1,1,1,0,252.11,4443.8,85,12
1077,11012,WEB,35-44,Angers,2025-12-01,2025-12-07,Actif,1,Champions,1,0,1,1,1,0,1080.76,3278.78,99,14
1078,11013,MOBILE,18-24,Paris,2025-12-01,2025-12-15,Actif,1,Champions,1,7,1,1,1,2,2630.21,3631.97,82,6
1079,11014,PARTNER,35-44,Rennes,2025-12-01,2025-12-03,Actif,1,Champions,1,6,1,1,1,2,1516.22,5923.98,109,4
1080,11015,WEB,18-24,Lyon,2025-12-01,2025-12-22,Actif,1,Clients réguliers,2,0,1,1,1,2,328.0,926.0,34,1
1081,11016,PARTNER,35-44,Toulouse,2025-12-01,2025-12-30,Clôturé,4,Hors segmentation,7,35,0,0,1,1,0.0,481.41,12,2
1082,11017,MOBILE,35-44,Toulouse,2025-12-01,2025-12-12,Jamais alimenté,3,Hors segmentation,7,,0,0,1,183,0.0,0.0,0,0
1083,11018,WEB,Inconnu,Nice,2025-12-01,2025-12-22,Jamais alimenté,3,Hors segmentation,7,,0,0,1,180,0.0,0.0,0,0
1084,11019,MOBILE,25-34,Lyon,2025-12-01,2025-12-09,Clôturé,4,Hors segmentation,7,3,1,1,1,60,0.0,441.13,14,1
1085,11020,WEB,25-34,Nice,2025-12-01,2025-12-09,Actif,1,Champions,1,0,1,1,1,0,363.96,3804.49,103,4
1086,11021,PARTNER,Inconnu,Grenoble,2025-12-01,2025-12-16,Actif,1,Clients réguliers,2,23,0,1,1,7,4537.47,766.53,25,8
1087,11022,WEB,25-34,Marseille,2025-12-01,2025-12-08,Actif,1,Champions,1,0,1,1,1,3,580.41,4117.66,94,16
1088,11023,WEB,55+,Nantes,2025-12-01,2025-12-22,Jamais alimenté,3,Hors segmentation,7,,0,0,1,,0.0,0.0,0,0
1089,11024,MOBILE,Inconnu,Marseille,2025-12-01,2025-12-17,Actif,1,Clients réguliers,2,0,1,1,1,0,978.13,801.87,25,0
1090,11025,MOBILE,25-34,Toulouse,2025-12-01,2025-12-24,Jamais alimenté,3,Hors segmentation,7,,0,0,1,154,0.0,0.0,0,0
1091,11026,WEB,45-54,Saint-Étienne,2025-12-01,2025-12-20,Actif,1,Champions,1,7,1,1,1,0,147.03,4686.32,108,4
1092,11027,MOBILE,25-34,Lyon,2025-12-01,2025-12-20,Actif,1,Champions,1,0,1,1,1,0,513.91,3825.44,91,11
1093,11028,MOBILE,25-34,Toulouse,2025-12-01,2025-12-10,Actif,1,Clients réguliers,2,2,1,1,1,0,4343.28,1255.72,37,0
1094,11029,MOBILE,35-44,Toulouse,2025-12-01,2025-12-21,Dormant,2,Endormis,6,3,1,1,1,139,1277.46,61.54,2,5
1095,11030,PARTNER,45-54,Non renseignée,2025-12-01,2025-12-10,Actif,1,Champions,1,2,1,1,1,2,1908.6,1332.4,28,0
1096,11031,MOBILE,35-44,Saint-Étienne,2025-12-01,2025-12-30,Jamais alimenté,3,Hors segmentation,7,,0,0,1,164,0.0,0.0,0,0
1097,11032,WEB,55+,Angers,2025-12-01,2025-12-04,Dormant,2,Épargnants peu actifs,3,3,1,1,1,129,5987.29,1379.09,31,17
1098,11033,MOBILE,55+,Paris,2025-12-01,2025-12-12,Actif,1,Champions,1,0,1,1,1,0,1255.66,3090.64,97,8
1099,11034,WEB,35-44,Lyon,2025-12-01,2025-12-05,Actif,1,Champions,1,0,1,1,1,1,4044.06,3980.86,105,18
1100,11035,WEB,25-34,Angers,2025-12-01,2025-12-18,Jamais alimenté,3,Hors segmentation,7,,0,0,1,193,0.0,0.0,0,0
1101,11036,MOBILE,25-34,Reims,2025-12-01,2025-12-29,Actif,1,Clients réguliers,2,5,1,1,1,0,450.98,770.02,22,4
1102,11037,WEB,25-34,Lille,2025-12-01,2025-12-09,Jamais alimenté,3,Hors segmentation,7,,0,0,1,194,0.0,0.0,0,0
1103,11038,MOBILE,25-34,Dijon,2025-12-01,2025-12-19,Actif,1,Champions,1,1,1,1,1,0,133.07,3364.39,90,8
1104,11039,WEB,45-54,Toulouse,2025-12-01,2025-12-08,Dormant,2,Endormis,6,0,1,1,1,197,1163.87,109.13,2,0
1105,11040,MOBILE,18-24,Toulouse,2025-12-01,2025-12-09,Actif,1,Clients réguliers,2,1,1,1,1,15,36.28,1226.72,32,0
1106,11041,MOBILE,35-44,Non renseignée,2025-12-01,2025-12-04,Jamais alimenté,3,Hors segmentation,7,,0,0,1,196,0.0,0.0,0,0
1107,11042,MOBILE,25-34,Lyon,2025-12-01,2025-12-01,Jamais alimenté,3,Hors segmentation,7,,0,0,1,207,0.0,0.0,0,0
1108,11043,MOBILE,18-24,Paris,2025-12-01,2025-12-14,Jamais alimenté,3,Hors segmentation,7,,0,0,1,,0.0,0.0,0,0
1109,11044,MOBILE,35-44,Paris,2025-12-01,2025-12-22,Actif,1,Champions,1,5,1,1,1,0,1044.24,3423.38,98,0
1110,11045,MOBILE,35-44,Paris,2025-12-01,2025-12-07,Actif,1,À risque,5,4,1,1,1,43,1055.01,2895.96,76,7
1111,11046,MOBILE,25-34,Paris,2025-12-01,2025-12-21,Actif,1,Clients réguliers,2,0,1,1,1,0,851.02,652.98,23,4
1112,11047,WEB,45-54,Paris,2025-12-01,2025-12-28,Actif,1,À risque,5,1,1,1,1,36,693.17,924.83,26,0
1113,11048,MOBILE,18-24,Reims,2025-12-01,2025-12-05,Actif,1,Clients réguliers,2,3,1,1,1,0,48.83,552.17,21,8
1114,11049,MOBILE,25-34,Toulouse,2025-12-01,2025-12-24,Actif,1,Clients réguliers,2,0,1,1,1,0,732.68,711.32,26,11
1115,11050,MOBILE,35-44,Bordeaux,2025-12-01,2025-12-18,Actif,1,Champions,1,0,1,1,1,0,342.81,3424.39,101,13
1116,11051,PARTNER,18-24,Bordeaux,2025-12-01,2025-12-10,Actif,1,À risque,5,0,1,1,1,78,21.3,890.7,26,8
1117,11052,MOBILE,25-34,Rennes,2025-12-01,2025-12-14,Actif,1,Occasionnels,4,0,1,1,1,0,640.07,910.93,22,4
1118,11053,WEB,25-34,Nice,2025-12-01,2025-12-25,Actif,1,À risque,5,0,1,1,1,64,282.57,751.43,20,9
1119,11054,WEB,55+,Lyon,2025-12-01,2025-12-23,Actif,1,Clients réguliers,2,1,1,1,1,0,285.66,1054.34,35,9
1120,11055,WEB,55+,Grenoble,2025-12-01,2025-12-26,Actif,1,Champions,1,1,1,1,1,0,204.09,3672.83,100,11
1121,11056,WEB,25-34,Nantes,2025-12-01,2025-12-30,Actif,1,Champions,1,7,1,1,1,1,595.78,4216.27,81,3
1122,11056,WEB,25-34,Nantes,2026-02-01,2026-02-04,Actif,1,Épargnants peu actifs,3,0,1,1,1,12,8719.86,388.14,8,0
1123,11057,WEB,35-44,Dijon,2025-12-01,2025-12-28,Actif,1,Clients réguliers,2,2,1,1,1,0,429.09,722.91,27,5
1124,11058,MOBILE,25-34,Toulouse,2025-12-01,2025-12-24,Clôturé,4,Hors segmentation,7,0,1,1,1,6,0.0,987.43,19,10
1125,11059,MOBILE,45-54,Paris,2025-12-01,2025-12-04,Actif,1,Champions,1,0,1,1,1,0,334.82,4813.52,97,7
1126,11060,WEB,55+,Strasbourg,2025-12-01,2025-12-30,Jamais alimenté,3,Hors segmentation,7,,0,0,1,,0.0,0.0,0,0
1127,11061,MOBILE,35-44,Marseille,2025-12-01,2025-12-27,Actif,1,Clients réguliers,2,7,1,1,1,0,864.06,1166.94,32,0
1128,11062,MOBILE,25-34,Toulouse,2025-12-01,2025-12-25,Actif,1,Champions,1,16,0,1,1,0,6242.32,2960.39,81,0
1129,11063,WEB,18-24,Nice,2025-12-01,2025-12-26,Actif,1,Clients réguliers,2,0,1,1,1,1,252.72,811.28,27,0
1130,11064,MOBILE,45-54,Saint-Étienne,2025-12-01,2025-12-02,Jamais alimenté,3,Hors segmentation,7,,0,0,1,203,0.0,0.0,0,0
1131,11065,PARTNER,35-44,Paris,2025-12-01,2025-12-19,Actif,1,Clients réguliers,2,20,0,1,1,0,401.77,800.23,28,13
1132,11066,MOBILE,35-44,Angers,2025-12-01,2025-12-06,Actif,1,Clients réguliers,2,5,1,1,1,3,502.22,1043.78,30,0
1133,11067,PARTNER,35-44,Dijon,2025-12-01,2025-12-09,Actif,1,Clients réguliers,2,22,0,1,1,5,1199.1,815.9,24,0
1134,11068,MOBILE,18-24,Paris,2025-12-01,2025-12-18,Jamais alimenté,3,Hors segmentation,7,,0,0,1,,0.0,0.0,0,0
1135,11069,WEB,45-54,Paris,2025-12-01,2025-12-26,Actif,1,Champions,1,0,1,1,1,0,39.73,4454.49,122,1
1136,11070,MOBILE,35-44,Lyon,2025-12-01,2025-12-29,Jamais alimenté,3,Hors segmentation,7,,0,0,1,,0.0,0.0,0,0
1137,11071,PARTNER,18-24,Montpellier,2025-12-01,2025-12-06,Actif,1,Clients réguliers,2,13,0,1,1,0,298.83,985.17,27,0
1138,11072,WEB,35-44,Rennes,2025-12-01,2025-12-24,Actif,1,À risque,5,0,1,1,1,54,69.05,406.95,13,17
1139,11073,WEB,35-44,Grenoble,2025-12-01,2025-12-22,Actif,1,Champions,1,2,1,1,1,0,688.15,3427.13,89,8
1140,11074,MOBILE,25-34,Nantes,2025-12-01,2025-12-13,Actif,1,Épargnants peu actifs,3,3,1,1,1,1,4060.95,527.05,9,0
1141,11075,MOBILE,25-34,Nantes,2025-12-01,2025-12-25,Actif,1,Champions,1,6,1,1,1,0,534.61,4034.65,80,14
1142,11076,MOBILE,25-34,Paris,2025-12-01,2025-12-19,Clôturé,4,Hors segmentation,7,2,1,1,1,82,0.0,87.26,2,6
1143,11077,MOBILE,35-44,Paris,2025-12-01,2025-12-16,Actif,1,À risque,5,1,1,1,1,34,365.26,699.74,20,8
1144,11078,MOBILE,35-44,Lyon,2025-12-01,2025-12-21,Actif,1,Champions,1,5,1,1,1,1,1353.56,1464.44,31,0
1145,11079,WEB,25-34,Paris,2025-12-01,2025-12-21,Actif,1,Champions,1,0,1,1,1,0,540.53,3915.55,77,21
1146,11080,MOBILE,18-24,Paris,2025-12-01,2025-12-20,Actif,1,Clients réguliers,2,7,1,1,1,2,327.63,626.37,25,0
1147,11081,WEB,35-44,Lyon,2025-12-01,2025-12-30,Actif,1,Champions,1,2,1,1,1,1,725.93,4574.65,102,0
1148,11082,MOBILE,45-54,Paris,2025-12-01,2025-12-13,Actif,1,Champions,1,4,1,1,1,2,405.85,4023.57,85,22
1149,11083,MOBILE,25-34,Paris,2025-12-01,2025-12-09,Actif,1,Champions,1,3,1,1,1,1,52.93,4131.44,92,14
1150,11084,MOBILE,25-34,Marseille,2025-12-01,2025-12-10,Actif,1,Champions,1,0,1,1,1,1,4034.08,1982.92,41,1
1151,11085,MOBILE,18-24,Bordeaux,2025-12-01,2025-12-31,Actif,1,Champions,1,1,1,1,1,2,207.21,3122.16,79,1
1152,11086,PARTNER,25-34,Toulouse,2026-01-01,2026-01-09,Actif,1,Champions,1,8,0,1,1,0,158.92,2849.88,68,14
1153,11087,WEB,55+,Paris,2026-01-01,2026-01-19,Jamais alimenté,3,Hors segmentation,7,,0,0,1,148,0.0,0.0,0,0
1154,11088,WEB,45-54,Nantes,2026-01-01,2026-01-23,Actif,1,Épargnants peu actifs,3,2,1,1,1,1,4469.09,755.91,9,0
1155,11089,WEB,25-34,Nice,2026-01-01,2026-01-27,Actif,1,Champions,1,1,1,1,1,0,308.57,3334.29,75,0
1156,11090,WEB,18-24,Marseille,2026-01-01,2026-01-11,Actif,1,Clients réguliers,2,3,1,1,1,1,169.3,524.7,17,8
1157,11091,MOBILE,25-34,Toulouse,2026-01-01,2026-01-04,Actif,1,Champions,1,2,1,1,1,0,656.98,4371.22,93,8
1158,11092,MOBILE,18-24,Montpellier,2026-01-01,2026-01-02,Actif,1,Champions,1,2,1,1,1,0,229.57,3045.16,74,2
1159,11092,MOBILE,18-24,Montpellier,2026-02-01,2026-02-06,Actif,1,Clients réguliers,2,7,1,1,1,2,15946.31,860.69,10,0
1160,11093,MOBILE,18-24,Montpellier,2026-01-01,2026-01-07,Dormant,2,Endormis,6,7,1,1,1,130,30.88,377.12,11,0
1161,11094,WEB,55+,Lyon,2026-01-01,2026-01-16,Dormant,2,Endormis,6,2,1,1,1,157,81.47,292.53,3,0
1162,11095,MOBILE,25-34,Rennes,2026-01-01,2026-01-12,Actif,1,Clients réguliers,2,2,1,1,1,27,1649.86,614.14,20,1
1163,11096,WEB,35-44,Strasbourg,2026-01-01,2026-01-01,Actif,1,Clients réguliers,2,0,1,1,1,0,287.74,627.26,18,0
1164,11097,MOBILE,35-44,Paris,2026-01-01,2026-01-25,Actif,1,Clients réguliers,2,2,1,1,1,0,676.95,517.05,22,7
1165,11098,MOBILE,18-24,Lyon,2026-01-01,2026-01-09,Actif,1,Clients réguliers,2,0,1,1,1,10,1477.65,811.35,25,1
1166,11099,PARTNER,25-34,Paris,2026-01-01,2026-01-13,Actif,1,À risque,5,7,1,1,1,51,336.08,319.92,11,10
1167,11100,MOBILE,45-54,Grenoble,2026-01-01,2026-01-22,Actif,1,Clients réguliers,2,0,1,1,1,12,3077.49,722.51,21,0
1168,11101,MOBILE,18-24,Nantes,2026-01-01,2026-01-19,Actif,1,Épargnants peu actifs,3,1,1,1,1,10,16889.16,344.84,8,0
1169,11102,PARTNER,45-54,Bordeaux,2026-01-01,2026-01-11,Actif,1,Clients réguliers,2,9,0,1,1,10,995.25,701.75,22,3
1170,11103,MOBILE,35-44,Paris,2026-01-01,2026-01-15,Actif,1,Champions,1,2,1,1,1,2,291.19,3275.06,73,7
1171,11104,WEB,35-44,Nice,2026-01-01,2026-01-25,Jamais alimenté,3,Hors segmentation,7,,0,0,1,146,0.0,0.0,0,0
1172,11105,PARTNER,35-44,Rennes,2026-01-01,2026-01-31,Actif,1,Occasionnels,4,13,0,1,1,28,694.26,766.74,18,0
1173,11106,MOBILE,25-34,Grenoble,2026-01-01,2026-01-28,Actif,1,Occasionnels,4,8,0,1,1,4,368.91,739.09,18,0
1174,11107,MOBILE,18-24,Bordeaux,2026-01-01,2026-01-30,Actif,1,Épargnants peu actifs,3,10,0,1,1,7,3104.79,773.21,21,1
1175,11108,MOBILE,35-44,Paris,2026-01-01,2026-01-03,Actif,1,Clients réguliers,2,0,1,1,1,0,10343.59,1303.41,13,0
1176,11109,WEB,45-54,Reims,2026-01-01,2026-01-19,Actif,1,Épargnants peu actifs,3,3,1,1,1,4,3495.21,352.79,11,3
1177,11110,MOBILE,18-24,Angers,2026-01-01,2026-01-05,Actif,1,Champions,1,1,1,1,1,0,167.76,2795.42,78,19
1178,11111,WEB,25-34,Lille,2026-01-01,2026-01-07,Actif,1,Clients réguliers,2,0,1,1,1,10,529.51,312.49,11,11
1179,11112,MOBILE,25-34,Rennes,2026-01-01,2026-01-13,Actif,1,Clients réguliers,2,0,1,1,1,1,149.59,1231.41,23,14
1180,11112,MOBILE,25-34,Rennes,2026-04-01,2026-04-17,Actif,1,Épargnants peu actifs,3,6,1,1,1,24,4344.35,57.65,2,0
1181,11113,MOBILE,35-44,Nantes,2026-01-01,2026-01-28,Actif,1,Clients réguliers,2,3,1,1,1,4,11845.6,853.4,18,0
1182,11113,MOBILE,35-44,Nantes,2026-06-01,2026-06-12,Actif,1,Épargnants peu actifs,3,0,1,1,0,5,7878.88,16.12,1,0
1183,11114,WEB,18-24,Montpellier,2026-01-01,2026-01-05,Actif,1,Champions,1,0,1,1,1,0,671.01,3783.3,78,6
1184,11115,MOBILE,25-34,Paris,2026-01-01,2026-01-08,Actif,1,Champions,1,4,1,1,1,1,1980.17,3706.64,65,9
1185,11116,PARTNER,45-54,Nice,2026-01-01,2026-01-28,Actif,1,Champions,1,19,0,1,1,1,33.57,2689.27,77,2
1186,11117,MOBILE,25-34,Lyon,2026-01-01,2026-01-08,Actif,1,Champions,1,0,1,1,1,1,31.2,3521.41,78,21
1187,11118,WEB,45-54,Marseille,2026-01-01,2026-01-07,Actif,1,Clients réguliers,2,2,1,1,1,1,6104.35,686.65,13,0
1188,11119,WEB,45-54,Lyon,2026-01-01,2026-01-15,Actif,1,Champions,1,2,1,1,1,2,4.72,3411.6,73,5
1189,11120,MOBILE,45-54,Dijon,2026-01-01,2026-01-30,Actif,1,Champions,1,3,1,1,1,0,287.71,3824.44,85,4
1190,11121,WEB,18-24,Montpellier,2026-01-01,2026-01-04,Actif,1,Clients réguliers,2,4,1,1,1,0,5545.59,654.41,11,0
1191,11122,MOBILE,25-34,Marseille,2026-01-01,2026-01-05,Jamais alimenté,3,Hors segmentation,7,,0,0,1,155,0.0,0.0,0,0
1192,11123,WEB,35-44,Montpellier,2026-01-01,2026-01-21,Actif,1,Champions,1,0,1,1,1,0,425.84,3304.22,80,7
1193,11124,MOBILE,18-24,Grenoble,2026-01-01,2026-01-12,Jamais alimenté,3,Hors segmentation,7,,0,0,1,163,0.0,0.0,0,0
1194,11125,MOBILE,45-54,Dijon,2026-01-01,2026-01-13,Actif,1,Champions,1,0,1,1,1,1,205.0,3389.26,71,8
1195,11126,WEB,35-44,Rennes,2026-01-01,2026-01-20,Actif,1,Occasionnels,4,4,1,1,1,3,75.68,1007.32,20,5
1196,11127,WEB,18-24,Marseille,2026-01-01,2026-01-31,Actif,1,Champions,1,3,1,1,1,4,1137.36,3099.16,84,1
1197,11128,PARTNER,45-54,Lyon,2026-01-01,2026-01-29,Actif,1,Clients réguliers,2,5,1,1,1,1,716.13,1303.87,34,0
1198,11129,MOBILE,18-24,Paris,2026-01-01,2026-01-01,Actif,1,Clients réguliers,2,2,1,1,1,4,227.71,1093.29,29,0
1199,11130,PARTNER,55+,Marseille,2026-01-01,2026-01-22,Jamais alimenté,3,Hors segmentation,7,,0,0,1,152,0.0,0.0,0,0
1200,11131,PARTNER,45-54,Montpellier,2026-01-01,2026-01-23,Jamais alimenté,3,Hors segmentation,7,,0,0,1,,0.0,0.0,0,0
1201,11132,MOBILE,45-54,Dijon,2026-01-01,2026-01-17,Actif,1,Champions,1,0,1,1,1,0,519.22,2997.68,74,10
1202,11133,WEB,25-34,Paris,2026-01-01,2026-01-28,Actif,1,Clients réguliers,2,2,1,1,1,0,1436.58,592.42,22,0
1203,11134,MOBILE,25-34,Toulouse,2026-01-01,2026-01-05,Actif,1,Champions,1,0,1,1,1,6,503.4,3225.64,67,5
1204,11135,WEB,18-24,Dijon,2026-01-01,2026-01-13,Actif,1,Clients réguliers,2,2,1,1,1,2,1092.31,1187.69,35,5
1205,11136,WEB,18-24,Rennes,2026-01-01,2026-01-31,Jamais alimenté,3,Hors segmentation,7,,0,0,1,146,0.0,0.0,0,0
1206,11137,WEB,Inconnu,Paris,2026-01-01,2026-01-07,Actif,1,Clients réguliers,2,1,1,1,1,2,7638.01,687.99,14,0
1207,11138,MOBILE,35-44,Paris,2026-01-01,2026-01-21,Actif,1,Occasionnels,4,0,1,1,1,1,7.57,665.43,21,5
1208,11139,MOBILE,25-34,Lyon,2026-01-01,2026-01-15,Actif,1,Champions,1,3,1,1,1,1,2374.94,4105.31,88,0
1209,11140,MOBILE,25-34,Lyon,2026-01-01,2026-01-17,Actif,1,Champions,1,0,1,1,1,2,323.09,3022.69,72,8
1210,11141,PARTNER,25-34,Lille,2026-01-01,2026-01-15,Actif,1,Clients réguliers,2,9,0,1,1,0,1266.47,1152.53,28,0
1211,11142,MOBILE,35-44,Reims,2026-01-01,2026-01-23,Actif,1,Épargnants peu actifs,3,4,1,1,1,26,9629.17,414.83,11,13
1212,11143,WEB,25-34,Nantes,2026-01-01,2026-01-16,Actif,1,Champions,1,1,1,1,1,1,710.69,2879.19,85,0
1213,11144,WEB,55+,Lyon,2026-01-01,2026-01-19,Actif,1,À risque,5,1,1,1,1,63,191.62,238.38,9,10
1214,11145,WEB,35-44,Paris,2026-01-01,2026-01-09,Actif,1,Clients réguliers,2,3,1,1,1,6,2025.74,1093.26,30,0
1215,11146,MOBILE,35-44,Lyon,2026-01-01,2026-01-16,Actif,1,Clients réguliers,2,9,0,1,1,5,828.01,1094.99,22,0
1216,11147,MOBILE,35-44,Marseille,2026-01-01,2026-01-02,Actif,1,Champions,1,2,1,1,1,1,19.17,3181.4,89,10
1217,11148,PARTNER,55+,Lyon,2026-01-01,2026-01-17,Actif,1,Épargnants peu actifs,3,27,0,1,1,4,5628.05,890.95,11,0
1218,11149,WEB,45-54,Nantes,2026-01-01,2026-01-11,Clôturé,4,Hors segmentation,7,6,1,1,1,69,0.0,0.0,0,0
1219,11150,MOBILE,25-34,Saint-Étienne,2026-01-01,2026-01-06,Actif,1,Champions,1,4,1,1,1,4,411.43,2983.85,65,16
1220,11151,MOBILE,25-34,Toulouse,2026-01-01,2026-01-16,Actif,1,Champions,1,3,1,1,1,8,1.98,3275.87,87,5
1221,11152,WEB,55+,Toulouse,2026-01-01,2026-01-24,Actif,1,Clients réguliers,2,1,1,1,1,6,13276.63,510.37,13,0
1222,11153,MOBILE,25-34,Lyon,2026-01-01,2026-01-17,Actif,1,Clients réguliers,2,0,1,1,1,9,975.37,1750.63,35,0
1223,11154,WEB,55+,Nantes,2026-01-01,2026-01-06,Actif,1,Champions,1,1,1,1,1,2,451.92,2871.97,65,22
1224,11155,MOBILE,45-54,Paris,2026-01-01,2026-01-08,Actif,1,Champions,1,12,0,1,1,0,289.5,3316.68,80,0
1225,11156,MOBILE,55+,Marseille,2026-01-01,2026-01-31,Jamais alimenté,3,Hors segmentation,7,,0,0,1,137,0.0,0.0,0,0
1226,11157,PARTNER,18-24,Marseille,2026-01-01,2026-01-22,Jamais alimenté,3,Hors segmentation,7,,0,0,1,,0.0,0.0,0,0
1227,11158,PARTNER,45-54,Marseille,2026-01-01,2026-01-03,Actif,1,Champions,1,4,1,1,1,2,0.92,3071.01,82,5
1228,11159,WEB,55+,Marseille,2026-01-01,2026-01-25,Actif,1,Champions,1,4,1,1,1,4,4.23,3040.43,71,8
1229,11160,WEB,25-34,Montpellier,2026-01-01,2026-01-15,Actif,1,Champions,1,2,1,1,1,1,556.16,2855.7,79,3
1230,11161,WEB,25-34,Reims,2026-01-01,2026-01-26,Actif,1,Champions,1,1,1,1,1,0,221.68,3543.62,79,1
1231,11162,WEB,45-54,Saint-Étienne,2026-01-01,2026-01-22,Actif,1,Clients réguliers,2,9,0,1,1,4,412.65,511.35,20,0
1232,11163,WEB,45-54,Grenoble,2026-01-01,2026-01-02,Actif,1,Clients réguliers,2,0,1,1,1,1,5243.05,1164.95,16,0
1233,11163,WEB,55+,Grenoble,2026-04-01,2026-04-08,Actif,1,Occasionnels,4,4,1,1,1,3,513.49,450.51,9,0
1234,11164,WEB,55+,Non renseignée,2026-01-01,2026-01-29,Actif,1,Champions,1,0,1,1,1,3,752.71,3884.67,64,3
1235,11165,MOBILE,Inconnu,Paris,2026-01-01,2026-01-18,Actif,1,Occasionnels,4,5,1,1,1,5,449.05,1057.95,19,12
1236,11166,MOBILE,18-24,Marseille,2026-01-01,2026-01-13,Actif,1,Champions,1,2,1,1,1,0,201.79,3497.89,91,1
1237,11167,WEB,18-24,Nantes,2026-01-01,2026-01-18,Jamais alimenté,3,Hors segmentation,7,,0,0,1,,0.0,0.0,0,0
1238,11168,WEB,35-44,Saint-Étienne,2026-01-01,2026-01-08,Actif,1,Champions,1,1,1,1,1,2,726.17,3835.72,76,8
1239,11169,MOBILE,18-24,Lille,2026-01-01,2026-01-25,Actif,1,Champions,1,3,1,1,1,3,1409.73,3259.27,86,0
1240,11170,MOBILE,18-24,Marseille,2026-01-01,2026-01-17,Actif,1,Clients réguliers,2,0,1,1,1,1,370.96,757.04,16,0
1241,11171,MOBILE,45-54,Paris,2026-01-01,2026-01-21,Actif,1,Clients réguliers,2,1,1,1,1,2,265.67,919.33,26,0
1242,11172,MOBILE,35-44,Paris,2026-01-01,2026-01-07,Actif,1,Clients réguliers,2,0,1,1,1,0,8278.71,859.29,28,0
1243,11173,WEB,25-34,Strasbourg,2026-01-01,2026-01-16,Actif,1,Champions,1,6,1,1,1,1,301.07,3889.38,81,2
1244,11174,MOBILE,25-34,Lyon,2026-01-01,2026-01-03,Actif,1,Clients réguliers,2,2,1,1,1,1,262.99,846.01,24,0
1245,11175,PARTNER,45-54,Angers,2026-01-01,2026-01-26,Actif,1,Champions,1,5,1,1,1,1,171.9,3625.37,88,0
1246,11176,WEB,55+,Toulouse,2026-01-01,2026-01-07,Actif,1,Champions,1,6,1,1,1,2,8.02,3010.46,82,13
1247,11177,PARTNER,25-34,Paris,2026-01-01,2026-01-29,Jamais alimenté,3,Hors segmentation,7,,0,0,1,,0.0,0.0,0,0
1248,11178,MOBILE,45-54,Bordeaux,2026-01-01,2026-01-20,Actif,1,À risque,5,1,1,1,1,41,0.15,410.85,14,6
1249,11179,WEB,35-44,Montpellier,2026-01-01,2026-01-25,Actif,1,Clients réguliers,2,2,1,1,1,0,374.26,960.74,20,8
1250,11180,MOBILE,18-24,Lyon,2026-01-01,2026-01-16,Actif,1,Clients réguliers,2,1,1,1,1,0,797.4,582.6,20,0
1251,11181,WEB,35-44,Paris,2026-01-01,2026-01-27,Actif,1,Occasionnels,4,3,1,1,1,0,159.57,476.43,13,10
1252,11182,MOBILE,35-44,Nice,2026-01-01,2026-01-07,Actif,1,Clients réguliers,2,2,1,1,1,12,1681.89,949.11,25,2
1253,11183,WEB,35-44,Rennes,2026-01-01,2026-01-07,Actif,1,Clients réguliers,2,0,1,1,1,1,345.41,1002.59,30,0
1254,11184,WEB,35-44,Lyon,2026-01-01,2026-01-06,Actif,1,Champions,1,1,1,1,1,0,384.97,3694.46,73,7
1255,11185,PARTNER,25-34,Strasbourg,2026-01-01,2026-01-17,Actif,1,Clients réguliers,2,17,0,1,1,0,113.5,636.5,15,9
1256,11186,MOBILE,25-34,Paris,2026-01-01,2026-01-05,Jamais alimenté,3,Hors segmentation,7,,0,0,1,158,0.0,0.0,0,0
1257,11187,MOBILE,18-24,Bordeaux,2026-01-01,2026-01-09,Actif,1,Champions,1,1,1,1,1,0,463.32,3970.63,79,6
1258,11188,MOBILE,18-24,Bordeaux,2026-01-01,2026-01-21,Actif,1,Clients réguliers,2,2,1,1,1,0,57.7,810.3,23,4
1259,11189,MOBILE,35-44,Rennes,2026-01-01,2026-01-10,Jamais alimenté,3,Hors segmentation,7,,0,0,1,,0.0,0.0,0,0
1260,11190,PARTNER,35-44,Angers,2026-01-01,2026-01-08,Jamais alimenté,3,Hors segmentation,7,,0,0,1,167,0.0,0.0,0,0
1261,11191,MOBILE,35-44,Reims,2026-01-01,2026-01-28,Actif,1,Champions,1,2,1,1,1,0,96.4,2762.6,78,5
1262,11192,MOBILE,35-44,Bordeaux,2026-01-01,2026-01-22,Actif,1,Champions,1,3,1,1,1,2,36.91,1304.09,32,1
1263,11193,MOBILE,18-24,Paris,2026-01-01,2026-01-23,Actif,1,Champions,1,0,1,1,1,1,1762.81,3640.55,77,1
1264,11194,MOBILE,25-34,Paris,2026-01-01,2026-01-28,Jamais alimenté,3,Hors segmentation,7,,0,0,1,150,0.0,0.0,0,0
1265,11195,MOBILE,18-24,Lyon,2026-01-01,2026-01-16,Actif,1,Champions,1,4,1,1,1,3,370.65,2941.84,77,1
1266,11196,PARTNER,55+,Lyon,2026-01-01,2026-01-20,Actif,1,Clients réguliers,2,1,1,1,1,13,412.09,998.91,26,2
1267,11197,WEB,55+,Lyon,2026-01-01,2026-01-03,Actif,1,Clients réguliers,2,3,1,1,1,2,972.4,700.6,18,3
1268,11198,PARTNER,35-44,Paris,2026-01-01,2026-01-22,Actif,1,Champions,1,28,0,1,1,2,19.22,2121.47,65,4
1269,11199,MOBILE,25-34,Paris,2026-01-01,2026-01-01,Actif,1,Épargnants peu actifs,3,2,1,1,1,18,7228.86,477.14,6,0
1270,11199,MOBILE,25-34,Paris,2026-06-01,2026-06-11,Actif,1,Épargnants peu actifs,3,3,1,1,0,4,5082.76,26.24,2,0
1271,11200,WEB,35-44,Paris,2026-01-01,2026-01-21,Actif,1,Champions,1,0,1,1,1,1,30.22,3877.37,72,3
1272,11201,WEB,Inconnu,Paris,2026-01-01,2026-01-13,Actif,1,Champions,1,5,1,1,1,0,84.74,4106.23,87,2
1273,11202,WEB,18-24,Marseille,2026-01-01,2026-01-23,Dormant,2,Endormis,6,1,1,1,1,106,1172.11,285.89,6,0
1274,11203,MOBILE,18-24,Lille,2026-01-01,2026-01-24,Jamais alimenté,3,Hors segmentation,7,,0,0,1,141,0.0,0.0,0,0
1275,11204,WEB,25-34,Paris,2026-01-01,2026-01-16,Actif,1,Clients réguliers,2,1,1,1,1,5,852.63,896.37,22,1
1276,11205,MOBILE,25-34,Marseille,2026-01-01,2026-01-13,Actif,1,Clients réguliers,2,1,1,1,1,0,1016.0,651.0,16,1
1277,11206,MOBILE,35-44,Paris,2026-01-01,2026-01-22,Actif,1,Clients réguliers,2,1,1,1,1,1,1061.27,980.73,29,0
1278,11207,PARTNER,18-24,Montpellier,2026-01-01,2026-01-23,Jamais alimenté,3,Hors segmentation,7,,0,0,1,,0.0,0.0,0,0
1279,11208,MOBILE,25-34,Lyon,2026-01-01,2026-01-07,Actif,1,Clients réguliers,2,4,1,1,1,0,777.19,629.81,23,0
1280,11209,WEB,18-24,Montpellier,2026-01-01,2026-01-20,Actif,1,Clients réguliers,2,1,1,1,1,0,715.73,1162.27,29,0
1281,11210,MOBILE,18-24,Paris,2026-01-01,2026-01-28,Actif,1,Occasionnels,4,3,1,1,1,6,121.08,646.92,17,0
1282,11211,WEB,45-54,Toulouse,2026-01-01,2026-01-27,Clôturé,4,Hors segmentation,7,0,1,1,1,56,0.0,232.25,7,0
1283,11212,MOBILE,25-34,Montpellier,2026-01-01,2026-01-13,Actif,1,À risque,5,0,1,1,1,80,841.79,409.21,10,7
1284,11213,MOBILE,55+,Bordeaux,2026-01-01,2026-01-31,Jamais alimenté,3,Hors segmentation,7,,0,0,1,129,0.0,0.0,0,0
1285,11214,MOBILE,18-24,Bordeaux,2026-01-01,2026-01-13,Actif,1,Clients réguliers,2,2,1,1,1,1,7.62,280.38,11,14
1286,11215,WEB,18-24,Paris,2026-01-01,2026-01-09,Actif,1,Clients réguliers,2,0,1,1,1,4,1641.07,1397.93,30,2
1287,11216,MOBILE,35-44,Toulouse,2026-01-01,2026-01-06,Actif,1,Champions,1,10,0,1,1,0,679.2,4429.44,105,1
1288,11217,PARTNER,18-24,Paris,2026-01-01,2026-01-07,Actif,1,Occasionnels,4,1,1,1,1,0,6.68,233.32,9,18
1289,11218,WEB,45-54,Nice,2026-01-01,2026-01-29,Actif,1,Champions,1,8,0,1,1,1,1816.14,2270.01,61,5
1290,11218,WEB,45-54,Nice,2026-06-01,2026-06-11,Actif,1,Occasionnels,4,1,1,1,0,0,539.11,44.89,3,0
1291,11219,MOBILE,18-24,Lille,2026-01-01,2026-01-09,Actif,1,Clients réguliers,2,3,1,1,1,5,9353.65,640.35,17,0
1292,11220,MOBILE,45-54,Lyon,2026-01-01,2026-01-19,Actif,1,Clients réguliers,2,0,1,1,1,5,2128.89,565.11,17,0
1293,11221,MOBILE,18-24,Nantes,2026-01-01,2026-01-31,Actif,1,Champions,1,2,1,1,1,0,593.63,3721.57,76,9
1294,11222,MOBILE,25-34,Strasbourg,2026-01-01,2026-01-16,Actif,1,Clients réguliers,2,0,1,1,1,1,2807.84,1144.16,29,3
1295,11223,WEB,18-24,Nantes,2026-01-01,2026-01-26,Dormant,2,Endormis,6,2,1,1,1,94,3.52,244.48,9,4
1296,11224,MOBILE,Inconnu,Montpellier,2026-01-01,2026-01-24,Dormant,2,Endormis,6,6,1,1,1,91,32.4,172.6,6,8
1297,11225,WEB,35-44,Marseille,2026-01-01,2026-01-15,Actif,1,Épargnants peu actifs,3,2,1,1,1,3,4232.5,545.5,11,0
1298,11226,MOBILE,35-44,Strasbourg,2026-01-01,2026-01-23,Actif,1,Champions,1,0,1,1,1,0,59.45,3341.85,76,4
1299,11227,MOBILE,25-34,Paris,2026-01-01,2026-01-06,Actif,1,Clients réguliers,2,0,1,1,1,12,246.98,941.02,26,2
1300,11228,MOBILE,55+,Paris,2026-01-01,2026-01-07,Actif,1,Champions,1,1,1,1,1,0,588.06,3774.53,82,4
1301,11229,MOBILE,25-34,Strasbourg,2026-01-01,2026-01-01,Actif,1,Champions,1,0,1,1,1,1,8.83,2511.21,75,9
1302,11230,MOBILE,45-54,Lyon,2026-02-01,2026-02-07,Actif,1,Occasionnels,4,0,1,1,1,1,782.1,547.9,19,2
1303,11231,MOBILE,18-24,Toulouse,2026-02-01,2026-02-18,Actif,1,Champions,1,3,1,1,1,1,370.45,2826.61,62,0
1304,11232,WEB,55+,Dijon,2026-02-01,2026-02-23,Actif,1,Champions,1,9,0,1,1,0,693.28,2970.99,52,7
1305,11233,MOBILE,25-34,Grenoble,2026-02-01,2026-02-13,Actif,1,Épargnants peu actifs,3,2,1,1,1,0,4180.73,475.27,13,1
1306,11233,MOBILE,25-34,Grenoble,2026-04-01,2026-04-20,Actif,1,Occasionnels,4,0,1,1,1,1,1339.5,255.5,5,0
1307,11234,WEB,45-54,Nantes,2026-02-01,2026-02-14,Actif,1,Champions,1,4,1,1,1,1,95.39,3194.2,68,6
1308,11235,MOBILE,45-54,Montpellier,2026-02-01,2026-02-16,Actif,1,Champions,1,9,0,1,1,0,1569.85,2495.36,55,0
1309,11236,MOBILE,18-24,Lille,2026-02-01,2026-02-05,Actif,1,Clients réguliers,2,0,1,1,1,1,9.94,1027.06,27,4
1310,11237,MOBILE,18-24,Rennes,2026-02-01,2026-02-15,Actif,1,Occasionnels,4,0,1,1,1,1,766.5,879.5,26,2
1311,11238,MOBILE,18-24,Marseille,2026-02-01,2026-02-26,Actif,1,Champions,1,1,1,1,1,0,2231.39,2078.74,59,0
1312,11239,MOBILE,18-24,Marseille,2026-02-01,2026-02-25,Actif,1,Champions,1,5,1,1,1,0,1577.43,1817.51,47,3
1313,11240,MOBILE,45-54,Lille,2026-02-01,2026-02-25,Jamais alimenté,3,Hors segmentation,7,,0,0,1,125,0.0,0.0,0,0
1314,11241,PARTNER,55+,Strasbourg,2026-02-01,2026-02-01,Actif,1,Clients réguliers,2,0,1,1,1,1,303.74,1099.26,31,0
1315,11242,MOBILE,25-34,Bordeaux,2026-02-01,2026-02-07,Clôturé,4,Hors segmentation,7,3,1,1,1,41,0.0,245.63,7,1
1316,11243,WEB,45-54,Marseille,2026-02-01,2026-02-09,Jamais alimenté,3,Hors segmentation,7,,0,0,1,133,0.0,0.0,0,0
1317,11244,MOBILE,35-44,Bordeaux,2026-02-01,2026-02-09,Actif,1,Clients réguliers,2,7,1,1,1,0,486.15,642.85,19,1
1318,11245,MOBILE,18-24,Lille,2026-02-01,2026-02-02,Actif,1,Champions,1,2,1,1,1,4,10.73,2000.76,54,21
1319,11246,WEB,Inconnu,Lyon,2026-02-01,2026-02-20,Actif,1,Champions,1,1,1,1,1,4,605.49,2751.89,65,3
1320,11247,PARTNER,55+,Paris,2026-02-01,2026-02-20,Actif,1,Occasionnels,4,4,1,1,1,4,924.77,1039.23,20,5
1321,11248,MOBILE,35-44,Lille,2026-02-01,2026-02-07,Jamais alimenté,3,Hors segmentation,7,,0,0,1,129,0.0,0.0,0,0
1322,11249,MOBILE,25-34,Toulouse,2026-02-01,2026-02-20,Actif,1,Clients réguliers,2,0,1,1,1,0,1233.6,618.4,21,0
1323,11250,MOBILE,55+,Paris,2026-02-01,2026-02-05,Actif,1,Champions,1,0,1,1,1,0,327.56,2469.46,61,8
1324,11251,MOBILE,18-24,Montpellier,2026-02-01,2026-02-21,Actif,1,Occasionnels,4,9,0,1,1,4,1031.35,507.65,16,0
1325,11252,MOBILE,18-24,Nantes,2026-02-01,2026-02-03,Jamais alimenté,3,Hors segmentation,7,,0,0,1,134,0.0,0.0,0,0
1326,11253,WEB,45-54,Marseille,2026-02-01,2026-02-27,Actif,1,Champions,1,6,1,1,1,0,5.32,2071.67,46,13
1327,11254,MOBILE,25-34,Lille,2026-02-01,2026-02-04,Actif,1,Champions,1,9,0,1,1,0,220.26,2738.9,58,2
1328,11255,MOBILE,Inconnu,Reims,2026-02-01,2026-02-20,Actif,1,Champions,1,1,1,1,1,0,12.9,3252.03,62,0
1329,11256,MOBILE,35-44,Paris,2026-02-01,2026-02-09,Actif,1,Champions,1,2,1,1,1,2,23.25,3376.47,78,14
1330,11257,MOBILE,25-34,Reims,2026-02-01,2026-02-23,Actif,1,Champions,1,0,1,1,1,1,1602.68,2427.87,51,1
1331,11258,PARTNER,55+,Rennes,2026-02-01,2026-02-04,Actif,1,Clients réguliers,2,25,0,1,1,0,703.56,963.44,22,2
1332,11259,PARTNER,55+,Bordeaux,2026-02-01,2026-02-04,Actif,1,Clients réguliers,2,5,1,1,1,0,277.6,590.4,16,6
1333,11259,PARTNER,55+,Bordeaux,2026-06-01,2026-06-18,Jamais alimenté,3,Hors segmentation,7,,0,0,0,,0.0,0.0,0,0
1334,11260,MOBILE,35-44,Angers,2026-02-01,2026-02-18,Actif,1,Clients réguliers,2,0,1,1,1,4,3801.22,749.78,27,0
1335,11261,MOBILE,18-24,Paris,2026-02-01,2026-02-01,Actif,1,Occasionnels,4,1,1,1,1,0,174.59,481.41,16,21
1336,11262,WEB,55+,Bordeaux,2026-02-01,2026-02-21,Actif,1,Occasionnels,4,0,1,1,1,16,8.16,587.84,12,6
1337,11263,MOBILE,55+,Lyon,2026-02-01,2026-02-12,Actif,1,Occasionnels,4,12,0,1,1,4,134.08,686.92,22,1
1338,11264,MOBILE,45-54,Lille,2026-02-01,2026-02-05,Actif,1,Épargnants peu actifs,3,0,1,1,1,0,3564.62,949.38,17,0
1339,11265,PARTNER,55+,Paris,2026-02-01,2026-02-04,Actif,1,Occasionnels,4,23,0,1,1,22,6.82,515.18,13,20
1340,11266,MOBILE,18-24,Paris,2026-02-01,2026-02-19,Actif,1,À risque,5,1,1,1,1,51,64.31,330.69,12,6
1341,11267,WEB,25-34,Strasbourg,2026-02-01,2026-02-04,Jamais alimenté,3,Hors segmentation,7,,0,0,1,,0.0,0.0,0,0
1342,11268,WEB,25-34,Lyon,2026-02-01,2026-02-08,Actif,1,Champions,1,5,1,1,1,0,517.46,2759.7,79,5
1343,11269,PARTNER,18-24,Lyon,2026-02-01,2026-02-25,Actif,1,Clients réguliers,2,1,1,1,1,1,1907.76,590.24,16,0
1344,11270,MOBILE,18-24,Angers,2026-02-01,2026-02-07,Actif,1,Champions,1,0,1,1,1,13,181.8,2249.98,51,3
1345,11271,WEB,55+,Paris,2026-02-01,2026-02-11,Actif,1,Clients réguliers,2,2,1,1,1,12,697.66,1000.34,27,0
1346,11272,MOBILE,25-34,Paris,2026-02-01,2026-02-20,Actif,1,Occasionnels,4,1,1,1,1,30,227.15,662.85,17,1
1347,11273,MOBILE,18-24,Saint-Étienne,2026-02-01,2026-02-26,Actif,1,Épargnants peu actifs,3,0,1,1,1,2,8402.8,156.2,4,0
1348,11273,MOBILE,18-24,Saint-Étienne,2026-06-01,2026-06-08,Actif,1,Occasionnels,4,1,1,1,0,1,2148.64,101.36,2,0
1349,11274,WEB,25-34,Paris,2026-02-01,2026-02-10,Actif,1,Champions,1,2,1,1,1,1,3152.05,2417.34,71,1
1350,11275,PARTNER,35-44,Saint-Étienne,2026-02-01,2026-02-11,Jamais alimenté,3,Hors segmentation,7,,0,0,1,,0.0,0.0,0,0
1351,11276,PARTNER,25-34,Strasbourg,2026-02-01,2026-02-05,Actif,1,Champions,1,6,1,1,1,1,410.05,3013.14,85,3
1352,11277,WEB,25-34,Paris,2026-02-01,2026-02-21,Actif,1,Clients réguliers,2,1,1,1,1,3,1663.03,659.97,16,0
1353,11277,WEB,25-34,Paris,2026-04-01,2026-04-11,Actif,1,Occasionnels,4,1,1,1,1,6,1250.38,296.62,6,0
1354,11278,MOBILE,25-34,Lyon,2026-02-01,2026-02-17,Jamais alimenté,3,Hors segmentation,7,,0,0,1,129,0.0,0.0,0,0
1355,11279,MOBILE,18-24,Nice,2026-02-01,2026-02-14,Actif,1,Épargnants peu actifs,3,1,1,1,1,24,9126.94,245.06,7,0
1356,11280,WEB,25-34,Paris,2026-02-01,2026-02-22,Actif,1,Occasionnels,4,0,1,1,1,7,311.27,380.73,11,6
1357,11281,MOBILE,18-24,Bordeaux,2026-02-01,2026-02-11,Actif,1,Clients réguliers,2,4,1,1,1,0,453.39,638.61,17,1
1358,11282,WEB,18-24,Montpellier,2026-02-01,2026-02-01,Actif,1,Épargnants peu actifs,3,0,1,1,1,1,11769.97,695.03,15,0
1359,11283,MOBILE,35-44,Rennes,2026-02-01,2026-02-21,Actif,1,Champions,1,0,1,1,1,0,250.92,2691.19,62,14
1360,11284,PARTNER,45-54,Toulouse,2026-02-01,2026-02-08,Actif,1,Champions,1,3,1,1,1,2,701.47,3522.73,86,7
1361,11285,MOBILE,25-34,Marseille,2026-02-01,2026-02-01,Actif,1,Occasionnels,4,17,0,1,1,2,1619.24,734.76,22,5
1362,11286,MOBILE,55+,Saint-Étienne,2026-02-01,2026-02-23,Actif,1,Épargnants peu actifs,3,0,1,1,1,13,6374.03,232.97,8,0
1363,11287,PARTNER,55+,Lyon,2026-02-01,2026-02-11,Actif,1,Champions,1,3,1,1,1,0,245.04,2425.58,66,5
1364,11288,MOBILE,25-34,Nantes,2026-02-01,2026-02-14,Actif,1,Épargnants peu actifs,3,18,0,1,1,3,13239.06,423.94,10,0
1365,11289,MOBILE,18-24,Strasbourg,2026-02-01,2026-02-06,Actif,1,Champions,1,3,1,1,1,1,979.97,2261.43,57,7
1366,11290,MOBILE,55+,Lille,2026-02-01,2026-02-13,Actif,1,Occasionnels,4,0,1,1,1,4,316.56,448.44,10,16
1367,11291,WEB,45-54,Montpellier,2026-02-01,2026-02-09,Actif,1,Champions,1,2,1,1,1,0,355.17,2844.16,71,4
1368,11292,WEB,55+,Grenoble,2026-02-01,2026-02-17,Actif,1,Épargnants peu actifs,3,2,1,1,1,3,14594.91,728.09,11,0
1369,11293,MOBILE,18-24,Bordeaux,2026-02-01,2026-02-15,Actif,1,Champions,1,7,1,1,1,1,395.49,3246.7,82,1
1370,11294,MOBILE,45-54,Nice,2026-02-01,2026-02-20,Jamais alimenté,3,Hors segmentation,7,,0,0,1,120,0.0,0.0,0,0
1371,11295,MOBILE,25-34,Paris,2026-02-01,2026-02-15,Actif,1,Champions,1,7,1,1,1,1,576.28,3413.98,85,0
1372,11296,MOBILE,25-34,Dijon,2026-02-01,2026-02-25,Actif,1,Champions,1,0,1,1,1,2,745.58,3059.45,71,1
1373,11297,WEB,25-34,Angers,2026-02-01,2026-02-27,Jamais alimenté,3,Hors segmentation,7,,0,0,1,107,0.0,0.0,0,0
1374,11298,WEB,45-54,Lyon,2026-02-01,2026-02-11,Actif,1,Champions,1,0,1,1,1,0,673.5,3253.18,83,0
1375,11299,WEB,45-54,Strasbourg,2026-02-01,2026-02-16,Actif,1,Clients réguliers,2,2,1,1,1,2,980.26,661.74,18,0
1376,11300,WEB,35-44,Rennes,2026-02-01,2026-02-24,Actif,1,Champions,1,0,1,1,1,0,17.13,2933.53,68,4
1377,11301,MOBILE,55+,Montpellier,2026-02-01,2026-02-14,Actif,1,Champions,1,2,1,1,1,0,190.4,2567.84,69,2
1378,11302,MOBILE,25-34,Paris,2026-02-01,2026-02-16,Actif,1,Clients réguliers,2,1,1,1,1,1,4710.71,349.29,7,0
1379,11303,MOBILE,25-34,Strasbourg,2026-02-01,2026-02-22,Actif,1,Champions,1,1,1,1,1,2,562.54,2946.9,66,1
1380,11304,MOBILE,Inconnu,Saint-Étienne,2026-02-01,2026-02-17,Actif,1,Champions,1,0,1,1,1,0,115.22,2565.95,62,8
1381,11305,MOBILE,18-24,Rennes,2026-02-01,2026-02-26,Actif,1,Champions,1,4,1,1,1,1,4.8,2636.07,61,24
1382,11306,MOBILE,25-34,Lyon,2026-02-01,2026-02-19,Actif,1,Champions,1,3,1,1,1,0,1846.99,3389.7,63,1
1383,11307,MOBILE,18-24,Toulouse,2026-02-01,2026-02-14,Actif,1,Champions,1,0,1,1,1,3,1463.47,3215.79,65,5
1384,11308,WEB,25-34,Paris,2026-02-01,2026-02-18,Actif,1,Occasionnels,4,0,1,1,1,0,293.57,580.43,16,7
1385,11309,PARTNER,25-34,Dijon,2026-02-01,2026-02-08,Actif,1,Champions,1,1,1,1,1,1,229.95,1976.37,57,10
1386,11310,MOBILE,25-34,Grenoble,2026-02-01,2026-02-09,Actif,1,Clients réguliers,2,1,1,1,1,3,598.66,397.34,18,1
1387,11311,PARTNER,25-34,Marseille,2026-02-01,2026-02-02,Jamais alimenté,3,Hors segmentation,7,,0,0,1,,0.0,0.0,0,0
1388,11312,MOBILE,35-44,Strasbourg,2026-02-01,2026-02-22,Actif,1,Occasionnels,4,0,1,1,1,4,339.62,632.38,15,0
1389,11313,MOBILE,45-54,Lyon,2026-02-01,2026-02-08,Actif,1,Clients réguliers,2,2,1,1,1,1,328.65,734.35,20,0
1390,11314,MOBILE,45-54,Paris,2026-02-01,2026-02-22,Actif,1,Clients réguliers,2,1,1,1,1,0,769.15,916.85,22,0
1391,11315,MOBILE,18-24,Paris,2026-02-01,2026-02-28,Actif,1,Champions,1,1,1,1,1,2,760.74,2026.65,57,16
1392,11316,MOBILE,35-44,Saint-Étienne,2026-02-01,2026-02-28,Jamais alimenté,3,Hors segmentation,7,,0,0,1,113,0.0,0.0,0,0
1393,11317,MOBILE,25-34,Paris,2026-02-01,2026-02-25,Actif,1,Occasionnels,4,1,1,1,1,3,1600.6,417.4,11,11
1394,11318,WEB,45-54,Rennes,2026-02-01,2026-02-18,Actif,1,Champions,1,1,1,1,1,3,8.94,2553.19,56,17
1395,11319,WEB,18-24,Strasbourg,2026-02-01,2026-02-22,Actif,1,Champions,1,9,0,1,1,1,499.27,2190.17,47,4
1396,11320,MOBILE,55+,Toulouse,2026-02-01,2026-02-27,Actif,1,Clients réguliers,2,0,1,1,1,0,759.4,730.6,18,1
1397,11321,MOBILE,18-24,Montpellier,2026-02-01,2026-02-19,Actif,1,Champions,1,0,1,1,1,1,223.02,2076.57,54,2
1398,11322,MOBILE,35-44,Lille,2026-02-01,2026-02-10,Jamais alimenté,3,Hors segmentation,7,,0,0,1,138,0.0,0.0,0,0
1399,11323,PARTNER,45-54,Bordeaux,2026-02-01,2026-02-05,Actif,1,À risque,5,16,0,1,1,66,340.84,438.16,11,0
1400,11324,MOBILE,25-34,Toulouse,2026-02-01,2026-02-26,Actif,1,Clients réguliers,2,1,1,1,1,3,1213.71,495.29,19,0
1401,11325,MOBILE,45-54,Nantes,2026-02-01,2026-02-23,Actif,1,À risque,5,0,1,1,1,89,25.43,93.57,4,1
1402,11326,PARTNER,45-54,Toulouse,2026-02-01,2026-02-05,Actif,1,Clients réguliers,2,10,0,1,1,0,2022.08,1013.92,23,0
1403,11327,MOBILE,35-44,Rennes,2026-02-01,2026-02-23,Actif,1,Champions,1,2,1,1,1,0,156.47,2122.63,53,7
1404,11328,MOBILE,25-34,Paris,2026-02-01,2026-02-15,Actif,1,Occasionnels,4,1,1,1,1,2,726.01,677.99,16,2
1405,11329,MOBILE,45-54,Lyon,2026-02-01,2026-02-02,Actif,1,À risque,5,0,1,1,1,71,158.56,352.44,10,2
1406,11330,WEB,Inconnu,Toulouse,2026-02-01,2026-02-02,Actif,1,À risque,5,1,1,1,1,84,523.1,512.9,15,0
1407,11331,WEB,55+,Saint-Étienne,2026-02-01,2026-02-11,Actif,1,Champions,1,5,1,1,1,0,930.86,2523.37,62,1
1408,11332,MOBILE,25-34,Lille,2026-02-01,2026-02-17,Jamais alimenté,3,Hors segmentation,7,,0,0,1,,0.0,0.0,0,0
1409,11333,WEB,55+,Paris,2026-03-01,2026-03-14,Actif,1,Clients réguliers,2,6,1,1,1,2,11024.7,737.3,19,0
1410,11334,PARTNER,18-24,Paris,2026-03-01,2026-03-19,Actif,1,Occasionnels,4,7,1,1,1,2,48.02,309.98,13,16
1411,11335,WEB,35-44,Reims,2026-03-01,2026-03-28,Actif,1,Occasionnels,4,2,1,1,1,1,412.76,545.24,17,1
1412,11336,MOBILE,25-34,Toulouse,2026-03-01,2026-03-10,Actif,1,Champions,1,9,0,1,1,0,30.69,3006.5,63,0
1413,11337,WEB,25-34,Lille,2026-03-01,2026-03-05,Actif,1,Épargnants peu actifs,3,0,1,1,1,10,4921.37,259.63,9,0
1414,11338,MOBILE,55+,Paris,2026-03-01,2026-03-22,Actif,1,Épargnants peu actifs,3,5,1,1,1,1,11555.04,471.96,11,0
1415,11339,MOBILE,25-34,Bordeaux,2026-03-01,2026-03-04,Actif,1,Occasionnels,4,0,1,1,1,1,211.82,862.18,19,3
1416,11340,MOBILE,18-24,Grenoble,2026-03-01,2026-03-24,Actif,1,Occasionnels,4,2,1,1,1,0,28.73,621.27,20,4
1417,11341,WEB,45-54,Lille,2026-03-01,2026-03-17,Jamais alimenté,3,Hors segmentation,7,,0,0,1,,0.0,0.0,0,0
1418,11342,MOBILE,25-34,Grenoble,2026-03-01,2026-03-03,Actif,1,Occasionnels,4,0,1,1,1,0,838.77,238.23,8,21
1419,11343,MOBILE,25-34,Reims,2026-03-01,2026-03-24,Actif,1,Clients réguliers,2,1,1,1,1,0,606.55,1300.51,41,0
1420,11344,MOBILE,35-44,Nantes,2026-03-01,2026-03-21,Actif,1,Occasionnels,4,1,1,1,1,0,464.64,332.36,11,0
1421,11345,WEB,45-54,Paris,2026-03-01,2026-03-16,Actif,1,Champions,1,3,1,1,1,0,376.72,2074.55,56,1
1422,11346,WEB,55+,Lille,2026-03-01,2026-03-31,Actif,1,Épargnants peu actifs,3,2,1,1,1,0,3817.73,850.27,22,0
1423,11347,MOBILE,25-34,Marseille,2026-03-01,2026-03-31,Actif,1,Clients réguliers,2,2,1,1,1,0,926.57,1730.17,40,3
1424,11348,WEB,18-24,Nice,2026-03-01,2026-03-25,Actif,1,Clients réguliers,2,2,1,1,1,1,260.95,679.05,23,0
1425,11349,MOBILE,25-34,Lille,2026-03-01,2026-03-05,Actif,1,Champions,1,6,1,1,1,3,2066.05,2807.13,66,8
1426,11350,MOBILE,55+,Nice,2026-03-01,2026-03-16,Actif,1,Épargnants peu actifs,3,1,1,1,1,3,6822.61,136.39,8,0
1427,11351,WEB,25-34,Lyon,2026-03-01,2026-03-10,Dormant,2,Endormis,6,1,1,1,1,91,269.56,147.44,5,0
1428,11352,WEB,18-24,Lille,2026-03-01,2026-03-19,Actif,1,Clients réguliers,2,2,1,1,1,6,82.65,534.35,16,3
1429,11353,PARTNER,25-34,Paris,2026-03-01,2026-03-20,Jamais alimenté,3,Hors segmentation,7,,0,0,1,,0.0,0.0,0,0
1430,11354,WEB,18-24,Paris,2026-03-01,2026-03-01,Actif,1,Occasionnels,4,6,1,1,1,1,2037.17,470.83,19,0
1431,11355,WEB,25-34,Nantes,2026-03-01,2026-03-06,Actif,1,Champions,1,0,1,1,1,1,76.09,1953.6,52,14
1432,11356,MOBILE,35-44,Marseille,2026-03-01,2026-03-18,Actif,1,Champions,1,8,0,1,1,0,2440.5,1831.14,53,2
1433,11357,MOBILE,35-44,Lyon,2026-03-01,2026-03-10,Actif,1,Occasionnels,4,9,0,1,1,0,419.98,492.02,20,0
1434,11358,MOBILE,18-24,Strasbourg,2026-03-01,2026-03-30,Actif,1,Champions,1,3,1,1,1,0,58.32,1615.34,47,0
1435,11359,MOBILE,25-34,Marseille,2026-03-01,2026-03-19,Actif,1,Champions,1,0,1,1,1,5,4.97,1586.27,41,13
1436,11360,WEB,35-44,Lyon,2026-03-01,2026-03-11,Actif,1,Occasionnels,4,6,1,1,1,3,192.84,705.16,15,1
1437,11361,MOBILE,55+,Toulouse,2026-03-01,2026-03-07,Actif,1,Occasionnels,4,5,1,1,1,2,370.59,702.41,24,3
1438,11362,MOBILE,35-44,Strasbourg,2026-03-01,2026-03-19,Actif,1,Occasionnels,4,2,1,1,1,0,210.96,529.04,14,3
1439,11363,MOBILE,45-54,Paris,2026-03-01,2026-03-13,Actif,1,Occasionnels,4,1,1,1,1,4,3.97,330.03,11,9
1440,11364,WEB,25-34,Bordeaux,2026-03-01,2026-03-31,Actif,1,Clients réguliers,2,8,0,1,1,0,738.38,1027.08,36,8
1441,11365,MOBILE,25-34,Grenoble,2026-03-01,2026-03-16,Actif,1,Occasionnels,4,17,0,1,1,1,17.63,287.37,9,1
1442,11366,MOBILE,35-44,Lyon,2026-03-01,2026-03-08,Actif,1,Champions,1,1,1,1,1,1,974.82,2130.01,47,6
1443,11367,MOBILE,35-44,Paris,2026-03-01,2026-03-15,Actif,1,Occasionnels,4,3,1,1,1,25,511.09,234.91,11,0
1444,11368,MOBILE,25-34,Paris,2026-03-01,2026-03-10,Actif,1,Champions,1,1,1,1,1,2,7.76,2321.33,47,19
1445,11369,WEB,35-44,Angers,2026-03-01,2026-03-29,Actif,1,Occasionnels,4,5,1,1,1,4,949.14,492.86,8,0
1446,11370,MOBILE,45-54,Marseille,2026-03-01,2026-03-20,Actif,1,Occasionnels,4,2,1,1,1,10,2331.9,721.1,9,0
1447,11371,PARTNER,35-44,Rennes,2026-03-01,2026-03-06,Actif,1,Occasionnels,4,33,0,0,1,1,1323.98,399.02,20,3
1448,11372,WEB,25-34,Dijon,2026-03-01,2026-03-16,Actif,1,Clients réguliers,2,1,1,1,1,0,465.41,572.59,15,3
1449,11373,PARTNER,25-34,Nice,2026-03-01,2026-03-29,Jamais alimenté,3,Hors segmentation,7,,0,0,1,68,0.0,0.0,0,0
1450,11374,WEB,25-34,Non renseignée,2026-03-01,2026-03-15,Actif,1,Champions,1,6,1,1,1,0,173.32,2018.57,55,1
1451,11375,PARTNER,35-44,Angers,2026-03-01,2026-03-30,Actif,1,Clients réguliers,2,17,0,1,1,1,1038.24,2137.51,38,2
1452,11376,PARTNER,18-24,Bordeaux,2026-03-01,2026-03-17,Actif,1,Occasionnels,4,47,0,0,1,3,731.75,347.25,10,0
1453,11377,MOBILE,25-34,Bordeaux,2026-03-01,2026-03-29,Actif,1,Occasionnels,4,1,1,1,1,3,1622.82,437.18,18,1
1454,11378,MOBILE,25-34,Paris,2026-03-01,2026-03-11,Actif,1,Épargnants peu actifs,3,0,1,1,1,4,12638.83,284.17,7,0
1455,11379,WEB,55+,Grenoble,2026-03-01,2026-03-09,Actif,1,Occasionnels,4,5,1,1,1,3,309.53,309.47,11,6
1456,11380,PARTNER,45-54,Saint-Étienne,2026-03-01,2026-03-11,Jamais alimenté,3,Hors segmentation,7,,0,0,1,105,0.0,0.0,0,0
1457,11381,WEB,45-54,Saint-Étienne,2026-03-01,2026-03-31,Actif,1,Épargnants peu actifs,3,3,1,1,1,1,14393.33,310.67,7,0
1458,11382,PARTNER,35-44,Toulouse,2026-03-01,2026-03-27,Actif,1,Occasionnels,4,3,1,1,1,3,202.5,395.5,15,1
1459,11383,PARTNER,25-34,Montpellier,2026-03-01,2026-03-22,Jamais alimenté,3,Hors segmentation,7,,0,0,1,93,0.0,0.0,0,0
1460,11384,PARTNER,45-54,Reims,2026-03-01,2026-03-01,Actif,1,Occasionnels,4,12,0,1,1,4,1.25,385.75,12,9
1461,11385,WEB,55+,Angers,2026-03-01,2026-03-27,Actif,1,Occasionnels,4,0,1,1,1,16,3.75,229.25,10,10
1462,11386,WEB,25-34,Marseille,2026-03-01,2026-03-23,Jamais alimenté,3,Hors segmentation,7,,0,0,1,94,0.0,0.0,0,0
1463,11387,WEB,18-24,Montpellier,2026-03-01,2026-03-08,Actif,1,Clients réguliers,2,5,1,1,1,2,7649.5,1145.5,24,0
1464,11388,WEB,55+,Lyon,2026-03-01,2026-03-08,Actif,1,Occasionnels,4,0,1,1,1,0,5.38,823.62,23,0
1465,11389,WEB,55+,Paris,2026-03-01,2026-03-11,Actif,1,Champions,1,4,1,1,1,1,918.62,2009.7,56,4
1466,11390,MOBILE,55+,Rennes,2026-03-01,2026-03-11,Actif,1,Occasionnels,4,0,1,1,1,3,443.33,786.67,18,1
1467,11391,MOBILE,25-34,Nantes,2026-03-01,2026-03-22,Jamais alimenté,3,Hors segmentation,7,,0,0,1,96,0.0,0.0,0,0
1468,11392,MOBILE,35-44,Paris,2026-03-01,2026-03-27,Actif,1,À risque,5,3,1,1,1,70,1578.27,15.73,1,0
1469,11393,MOBILE,35-44,Strasbourg,2026-03-01,2026-03-02,Actif,1,À risque,5,20,0,1,1,42,9.17,527.83,11,5
1470,11394,MOBILE,18-24,Marseille,2026-03-01,2026-03-27,Actif,1,Occasionnels,4,0,1,1,1,1,1734.28,506.72,15,0
1471,11395,MOBILE,25-34,Toulouse,2026-03-01,2026-03-04,Actif,1,Champions,1,0,1,1,1,4,896.05,2527.79,65,3
1472,11396,MOBILE,35-44,Marseille,2026-03-01,2026-03-28,Jamais alimenté,3,Hors segmentation,7,,0,0,1,88,0.0,0.0,0,0
1473,11397,MOBILE,18-24,Reims,2026-03-01,2026-03-07,Actif,1,Champions,1,2,1,1,1,0,11.13,1715.45,48,10
1474,11398,WEB,45-54,Lyon,2026-03-01,2026-03-29,Actif,1,Champions,1,1,1,1,1,6,681.95,1681.95,47,4
1475,11399,MOBILE,18-24,Strasbourg,2026-03-01,2026-03-01,Actif,1,Clients réguliers,2,1,1,1,1,1,1432.09,2164.94,42,11
1476,11400,MOBILE,25-34,Grenoble,2026-03-01,2026-03-05,Actif,1,Champions,1,0,1,1,1,0,83.18,2398.26,51,13
1477,11401,MOBILE,25-34,Nantes,2026-03-01,2026-03-09,Jamais alimenté,3,Hors segmentation,7,,0,0,1,,0.0,0.0,0,0
1478,11402,PARTNER,55+,Nice,2026-03-01,2026-03-01,Actif,1,Champions,1,4,1,1,1,0,272.63,1619.3,51,15
1479,11403,WEB,25-34,Lyon,2026-03-01,2026-03-18,Jamais alimenté,3,Hors segmentation,7,,0,0,1,95,0.0,0.0,0,0
1480,11404,MOBILE,35-44,Lille,2026-03-01,2026-03-01,Actif,1,Champions,1,1,1,1,1,0,450.78,2701.72,63,0
1481,11405,WEB,25-34,Nantes,2026-03-01,2026-03-11,Actif,1,Clients réguliers,2,3,1,1,1,0,9158.51,597.49,23,0
1482,11405,WEB,25-34,Nantes,2026-05-01,2026-05-17,Actif,1,Épargnants peu actifs,3,1,1,1,1,1,9795.42,39.58,1,0
1483,11406,MOBILE,18-24,Paris,2026-03-01,2026-03-06,Actif,1,Épargnants peu actifs,3,8,0,1,1,1,5957.02,452.98,11,0
1484,11407,MOBILE,35-44,Lyon,2026-03-01,2026-03-16,Actif,1,Clients réguliers,2,0,1,1,1,1,58.99,594.01,25,0
1485,11408,MOBILE,18-24,Marseille,2026-03-01,2026-03-05,Actif,1,Occasionnels,4,0,1,1,1,2,763.83,726.17,16,0
1486,11409,MOBILE,25-34,Strasbourg,2026-03-01,2026-03-03,Actif,1,Champions,1,29,0,1,1,2,731.1,2360.86,52,15
1487,11410,PARTNER,55+,Toulouse,2026-03-01,2026-03-02,Jamais alimenté,3,Hors segmentation,7,,0,0,1,98,0.0,0.0,0,0
1488,11411,WEB,35-44,Nantes,2026-03-01,2026-03-24,Actif,1,Champions,1,3,1,1,1,1,20.27,1601.17,49,7
1489,11412,MOBILE,25-34,Rennes,2026-03-01,2026-03-15,Actif,1,Occasionnels,4,9,0,1,1,2,31.03,695.97,14,4
1490,11413,MOBILE,25-34,Lyon,2026-03-01,2026-03-07,Actif,1,Champions,1,3,1,1,1,2,207.16,2106.53,56,9
1491,11414,MOBILE,35-44,Strasbourg,2026-03-01,2026-03-28,Actif,1,Champions,1,1,1,1,1,0,230.56,1549.44,38,2
1492,11414,MOBILE,35-44,Strasbourg,2026-06-01,2026-06-05,Actif,1,Occasionnels,4,0,1,1,0,5,1519.38,139.62,3,0
1493,11415,MOBILE,25-34,Paris,2026-03-01,2026-03-10,Actif,1,Champions,1,0,1,1,1,0,411.96,2856.89,58,14
1494,11416,WEB,25-34,Grenoble,2026-03-01,2026-03-13,Actif,1,Occasionnels,4,4,1,1,1,3,10.18,490.82,15,8
1495,11417,MOBILE,55+,Paris,2026-03-01,2026-03-30,Actif,1,Occasionnels,4,2,1,1,1,5,23.77,413.23,12,6
1496,11418,PARTNER,45-54,Lille,2026-03-01,2026-03-16,Jamais alimenté,3,Hors segmentation,7,,0,0,1,,0.0,0.0,0,0
1497,11419,WEB,55+,Grenoble,2026-03-01,2026-03-31,Actif,1,Occasionnels,4,0,1,1,1,0,314.24,477.76,14,0
1498,11419,WEB,55+,Grenoble,2026-06-01,2026-06-17,Actif,1,Épargnants peu actifs,3,0,1,1,0,0,6203.05,200.95,3,0
1499,11420,MOBILE,35-44,Marseille,2026-03-01,2026-03-13,Actif,1,Champions,1,2,1,1,1,0,276.65,2538.03,58,5
1500,11421,MOBILE,25-34,Marseille,2026-03-01,2026-03-08,Actif,1,Épargnants peu actifs,3,2,1,1,1,50,4661.1,360.9,10,0
1501,11422,WEB,45-54,Toulouse,2026-03-01,2026-03-02,Jamais alimenté,3,Hors segmentation,7,,0,0,1,,0.0,0.0,0,0
1502,11423,MOBILE,18-24,Nantes,2026-03-01,2026-03-04,Actif,1,Occasionnels,4,5,1,1,1,0,54.83,407.17,17,5
1503,11424,MOBILE,25-34,Toulouse,2026-03-01,2026-03-11,Actif,1,Épargnants peu actifs,3,0,1,1,1,4,6231.53,385.47,9,0
1504,11425,MOBILE,25-34,Lille,2026-03-01,2026-03-02,Actif,1,Clients réguliers,2,0,1,1,1,1,161.31,776.69,18,16
1505,11426,MOBILE,18-24,Nantes,2026-03-01,2026-03-07,Actif,1,À risque,5,4,1,1,1,59,385.24,401.76,8,2
1506,11427,WEB,45-54,Paris,2026-03-01,2026-03-06,Actif,1,Champions,1,1,1,1,1,4,245.62,1800.31,57,6
1507,11428,MOBILE,18-24,Strasbourg,2026-03-01,2026-03-02,Actif,1,Occasionnels,4,1,1,1,1,13,6.1,304.9,12,16
1508,11429,MOBILE,35-44,Paris,2026-03-01,2026-03-15,Actif,1,Champions,1,2,1,1,1,4,270.75,2605.11,43,13
1509,11430,MOBILE,25-34,Grenoble,2026-03-01,2026-03-11,Actif,1,Occasionnels,4,0,1,1,1,0,201.03,722.97,20,1
1510,11431,WEB,55+,Nantes,2026-03-01,2026-03-05,Actif,1,Champions,1,2,1,1,1,7,7.27,1293.83,48,26
1511,11432,MOBILE,25-34,Nice,2026-03-01,2026-03-21,Actif,1,Champions,1,0,1,1,1,0,703.97,2417.3,55,1
1512,11433,WEB,45-54,Montpellier,2026-03-01,2026-03-30,Actif,1,Occasionnels,4,2,1,1,1,4,360.36,278.64,10,1
1513,11434,MOBILE,18-24,Paris,2026-03-01,2026-03-21,Actif,1,Occasionnels,4,3,1,1,1,30,15.33,328.67,7,11
1514,11435,WEB,18-24,Marseille,2026-03-01,2026-03-05,Actif,1,À risque,5,0,1,1,1,40,328.1,557.9,15,8
1515,11436,MOBILE,45-54,Lyon,2026-03-01,2026-03-24,Actif,1,Champions,1,3,1,1,1,1,1128.77,2460.17,52,1
1516,11437,WEB,35-44,Paris,2026-03-01,2026-03-08,Jamais alimenté,3,Hors segmentation,7,,0,0,1,97,0.0,0.0,0,0
1517,11438,MOBILE,18-24,Lille,2026-03-01,2026-03-24,Actif,1,Occasionnels,4,0,1,1,1,1,761.2,816.8,16,0
1518,11439,WEB,25-34,Nice,2026-03-01,2026-03-21,Actif,1,Occasionnels,4,1,1,1,1,9,167.84,491.16,15,0
1519,11440,MOBILE,25-34,Paris,2026-04-01,2026-04-12,Actif,1,Clients réguliers,2,3,1,1,1,0,136.26,926.22,25,3
1520,11441,WEB,45-54,Lyon,2026-04-01,2026-04-24,Actif,1,Clients réguliers,2,1,1,1,1,0,520.55,1944.14,38,0
1521,11442,WEB,55+,Paris,2026-04-01,2026-04-29,Actif,1,Occasionnels,4,2,1,1,1,3,637.0,708.14,20,1
1522,11443,PARTNER,25-34,Lille,2026-04-01,2026-04-21,Actif,1,Occasionnels,4,15,0,1,1,8,1192.8,245.2,7,0
1523,11444,MOBILE,35-44,Grenoble,2026-04-01,2026-04-15,Actif,1,Occasionnels,4,0,1,1,1,6,1525.51,289.49,10,0
1524,11445,MOBILE,55+,Reims,2026-04-01,2026-04-09,Actif,1,Occasionnels,4,1,1,1,1,0,1008.63,926.89,25,7
1525,11446,MOBILE,35-44,Saint-Étienne,2026-04-01,2026-04-07,Actif,1,Occasionnels,4,3,1,1,1,2,30.0,163.0,6,13
1526,11447,WEB,35-44,Paris,2026-04-01,2026-04-03,Actif,1,Occasionnels,4,1,1,1,1,0,434.57,257.43,11,0
1527,11448,MOBILE,25-34,Grenoble,2026-04-01,2026-04-04,Actif,1,À risque,5,7,1,1,1,50,540.58,228.42,6,0
1528,11449,WEB,25-34,Strasbourg,2026-04-01,2026-04-26,Actif,1,Occasionnels,4,3,1,1,1,2,135.53,1051.62,25,3
1529,11450,WEB,35-44,Angers,2026-04-01,2026-04-26,Actif,1,Occasionnels,4,9,0,1,1,3,68.79,459.21,10,3
1530,11451,WEB,45-54,Toulouse,2026-04-01,2026-04-18,Actif,1,Occasionnels,4,0,1,1,1,7,47.04,1538.31,32,11
1531,11452,WEB,25-34,Saint-Étienne,2026-04-01,2026-04-22,Jamais alimenté,3,Hors segmentation,7,,0,0,1,57,0.0,0.0,0,0
1532,11453,MOBILE,18-24,Non renseignée,2026-04-01,2026-04-25,Actif,1,Occasionnels,4,0,1,1,1,1,2088.76,530.24,6,0
1533,11454,PARTNER,25-34,Paris,2026-04-01,2026-04-10,Jamais alimenté,3,Hors segmentation,7,,0,0,1,66,0.0,0.0,0,0
1534,11455,WEB,25-34,Lyon,2026-04-01,2026-04-07,Actif,1,Épargnants peu actifs,3,0,1,1,1,2,5749.68,96.32,3,0
1535,11456,WEB,35-44,Reims,2026-04-01,2026-04-15,Actif,1,Clients réguliers,2,5,1,1,1,1,19.9,1649.16,37,7
1536,11457,MOBILE,35-44,Lille,2026-04-01,2026-04-04,Actif,1,Clients réguliers,2,1,1,1,1,0,3.57,1536.78,39,13
1537,11458,MOBILE,45-54,Lyon,2026-04-01,2026-04-24,Actif,1,Clients réguliers,2,9,0,1,1,0,570.58,777.27,25,1
1538,11459,WEB,25-34,Reims,2026-04-01,2026-04-11,Actif,1,Clients réguliers,2,3,1,1,1,0,0.41,1026.85,38,8
1539,11460,MOBILE,35-44,Lille,2026-04-01,2026-04-21,Actif,1,Clients réguliers,2,1,1,1,1,0,187.93,1576.23,32,6
1540,11461,WEB,55+,Nantes,2026-04-01,2026-04-22,Actif,1,Clients réguliers,2,1,1,1,1,1,6.42,1120.92,27,6
1541,11462,MOBILE,35-44,Bordeaux,2026-04-01,2026-04-06,Actif,1,Occasionnels,4,1,1,1,1,2,26.69,321.31,13,1
1542,11463,MOBILE,25-34,Reims,2026-04-01,2026-04-17,Actif,1,Occasionnels,4,0,1,1,1,2,447.9,557.1,8,0
1543,11464,WEB,25-34,Saint-Étienne,2026-04-01,2026-04-13,Actif,1,Occasionnels,4,0,1,1,1,26,2623.48,352.52,6,0
1544,11465,MOBILE,25-34,Paris,2026-04-01,2026-04-21,Actif,1,Occasionnels,4,2,1,1,1,0,34.78,214.22,8,10
1545,11466,MOBILE,25-34,Angers,2026-04-01,2026-04-29,Actif,1,Occasionnels,4,1,1,1,1,1,283.8,126.2,5,0
1546,11467,MOBILE,25-34,Montpellier,2026-04-01,2026-04-26,Actif,1,Occasionnels,4,5,1,1,1,4,38.55,579.45,12,1
1547,11468,WEB,25-34,Nice,2026-04-01,2026-04-08,Actif,1,Occasionnels,4,0,1,1,1,1,428.92,490.08,14,0
1548,11469,MOBILE,25-34,Paris,2026-04-01,2026-04-24,Actif,1,Clients réguliers,2,3,1,1,1,3,585.9,1472.4,38,0
1549,11470,MOBILE,35-44,Grenoble,2026-04-01,2026-04-20,Actif,1,Clients réguliers,2,1,1,1,1,0,356.0,1153.0,34,1
1550,11471,MOBILE,35-44,Lyon,2026-04-01,2026-04-22,Actif,1,Occasionnels,4,0,1,1,1,1,443.65,409.35,14,4
1551,11471,MOBILE,35-44,Lyon,2026-06-01,2026-06-02,Actif,1,Occasionnels,4,1,1,1,0,1,982.41,54.59,2,0
1552,11472,MOBILE,35-44,Angers,2026-04-01,2026-04-14,Actif,1,Occasionnels,4,1,1,1,1,0,25.5,356.5,8,1
1553,11473,PARTNER,55+,Bordeaux,2026-04-01,2026-04-26,Actif,1,Occasionnels,4,29,0,1,1,4,0.56,72.44,3,7
1554,11474,PARTNER,25-34,Lyon,2026-04-01,2026-04-30,Actif,1,Occasionnels,4,2,1,1,1,3,987.4,240.6,11,2
1555,11475,MOBILE,18-24,Angers,2026-04-01,2026-04-26,Actif,1,Épargnants peu actifs,3,4,1,1,1,0,2645.75,277.25,8,0
1556,11476,MOBILE,35-44,Dijon,2026-04-01,2026-04-09,Actif,1,À risque,5,0,1,1,1,65,844.14,27.86,1,3
1557,11477,MOBILE,45-54,Marseille,2026-04-01,2026-04-18,Actif,1,Clients réguliers,2,3,1,1,1,1,1.93,1405.57,30,5
1558,11478,MOBILE,18-24,Paris,2026-04-01,2026-04-07,Actif,1,Clients réguliers,2,2,1,1,1,0,124.57,385.43,14,0
1559,11479,MOBILE,35-44,Rennes,2026-04-01,2026-04-18,Actif,1,Occasionnels,4,4,1,1,1,1,577.73,735.27,12,0
1560,11480,MOBILE,35-44,Lille,2026-04-01,2026-04-22,Actif,1,Occasionnels,4,1,1,1,1,7,2368.73,209.27,7,0
1561,11481,MOBILE,25-34,Strasbourg,2026-04-01,2026-04-05,Actif,1,Épargnants peu actifs,3,6,1,1,1,2,6781.09,101.91,2,0
1562,11482,WEB,25-34,Dijon,2026-04-01,2026-04-19,Jamais alimenté,3,Hors segmentation,7,,0,0,1,,0.0,0.0,0,0
1563,11483,WEB,25-34,Toulouse,2026-04-01,2026-04-30,Actif,1,Occasionnels,4,9,0,1,1,0,888.24,722.14,22,0
1564,11484,WEB,45-54,Paris,2026-04-01,2026-04-10,Actif,1,Champions,1,9,0,1,1,0,820.23,1982.15,43,0
1565,11485,MOBILE,18-24,Grenoble,2026-04-01,2026-04-03,Actif,1,Occasionnels,4,4,1,1,1,1,275.12,328.88,10,0
1566,11486,PARTNER,35-44,Bordeaux,2026-04-01,2026-04-28,Jamais alimenté,3,Hors segmentation,7,,0,0,1,56,0.0,0.0,0,0
1567,11487,MOBILE,25-34,Paris,2026-04-01,2026-04-14,Actif,1,Clients réguliers,2,1,1,1,1,0,773.72,1269.11,29,11
1568,11488,MOBILE,55+,Nantes,2026-04-01,2026-04-12,Actif,1,Clients réguliers,2,3,1,1,1,0,1530.39,1218.77,36,9
1569,11489,PARTNER,55+,Marseille,2026-04-01,2026-04-29,Actif,1,Occasionnels,4,5,1,1,1,2,10.77,267.23,12,5
1570,11490,WEB,25-34,Lille,2026-04-01,2026-04-06,Actif,1,Épargnants peu actifs,3,1,1,1,1,15,2891.83,144.17,7,0
1571,11491,MOBILE,18-24,Nantes,2026-04-01,2026-04-24,Actif,1,Occasionnels,4,4,1,1,1,6,239.09,462.91,13,1
1572,11492,MOBILE,Inconnu,Lille,2026-04-01,2026-04-10,Actif,1,Occasionnels,4,4,1,1,1,9,120.81,320.19,8,6
1573,11493,MOBILE,45-54,Marseille,2026-04-01,2026-04-18,Actif,1,Clients réguliers,2,7,1,1,1,0,126.0,1098.56,34,2
1574,11494,MOBILE,25-34,Non renseignée,2026-04-01,2026-04-04,Actif,1,Clients réguliers,2,0,1,1,1,0,1246.36,1593.08,40,7
1575,11495,WEB,Inconnu,Reims,2026-04-01,2026-04-13,Jamais alimenté,3,Hors segmentation,7,,0,0,1,70,0.0,0.0,0,0
1576,11496,PARTNER,45-54,Montpellier,2026-04-01,2026-04-25,Actif,1,Occasionnels,4,6,1,1,1,7,1668.89,254.11,6,0
1577,11497,MOBILE,25-34,Nice,2026-04-01,2026-04-23,Actif,1,Occasionnels,4,1,1,1,1,4,231.64,636.36,14,3
1578,11498,WEB,18-24,Reims,2026-04-01,2026-04-18,Actif,1,Épargnants peu actifs,3,2,1,1,1,2,23203.0,169.0,7,0
1579,11499,MOBILE,35-44,Nantes,2026-04-01,2026-04-22,Actif,1,Clients réguliers,2,1,1,1,1,0,1140.69,1591.87,36,2
1580,11500,WEB,35-44,Reims,2026-04-01,2026-04-13,Actif,1,Occasionnels,4,5,1,1,1,4,1306.54,273.46,10,0
1581,11501,WEB,45-54,Paris,2026-04-01,2026-04-20,Actif,1,Clients réguliers,2,6,1,1,1,0,158.87,2232.16,41,7
1582,11502,MOBILE,25-34,Marseille,2026-04-01,2026-04-08,Actif,1,Clients réguliers,2,0,1,1,1,0,729.45,1183.13,40,2
1583,11503,MOBILE,55+,Lille,2026-04-01,2026-04-07,Actif,1,Clients réguliers,2,1,1,1,1,2,482.19,1382.03,43,0
1584,11504,MOBILE,25-34,Lyon,2026-04-01,2026-04-27,Actif,1,Clients réguliers,2,6,1,1,1,0,1007.84,2310.44,36,0
1585,11505,PARTNER,55+,Marseille,2026-04-01,2026-04-06,Actif,1,Occasionnels,4,12,0,1,1,2,527.25,352.75,10,0
1586,11506,WEB,18-24,Marseille,2026-04-01,2026-04-25,Clôturé,4,Hors segmentation,7,0,1,1,1,12,0.0,36.64,1,0
1587,11507,MOBILE,18-24,Toulouse,2026-04-01,2026-04-30,Jamais alimenté,3,Hors segmentation,7,,0,0,1,38,0.0,0.0,0,0
1588,11508,MOBILE,18-24,Reims,2026-04-01,2026-04-29,Actif,1,Occasionnels,4,1,1,1,1,9,2.62,394.38,8,1
1589,11509,MOBILE,25-34,Strasbourg,2026-04-01,2026-04-18,Actif,1,Clients réguliers,2,2,1,1,1,2,315.02,1500.74,35,2
1590,11510,MOBILE,25-34,Rennes,2026-04-01,2026-04-28,Actif,1,Occasionnels,4,8,0,1,1,3,13.02,553.85,18,15
1591,11511,MOBILE,45-54,Paris,2026-04-01,2026-04-10,Actif,1,Occasionnels,4,1,1,1,1,1,1523.29,123.71,4,0
1592,11512,MOBILE,18-24,Bordeaux,2026-04-01,2026-04-28,Actif,1,Occasionnels,4,3,1,1,1,3,288.6,386.4,10,1
1593,11513,MOBILE,18-24,Marseille,2026-04-01,2026-04-16,Jamais alimenté,3,Hors segmentation,7,,0,0,1,72,0.0,0.0,0,0
1594,11514,MOBILE,25-34,Rennes,2026-04-01,2026-04-28,Actif,1,Épargnants peu actifs,3,0,1,1,1,8,8015.03,46.97,1,0
1595,11515,MOBILE,18-24,Paris,2026-04-01,2026-04-14,Actif,1,À risque,5,1,1,1,1,38,338.12,104.88,4,5
1596,11516,MOBILE,35-44,Marseille,2026-04-01,2026-04-02,Jamais alimenté,3,Hors segmentation,7,,0,0,1,83,0.0,0.0,0,0
1597,11517,WEB,55+,Nantes,2026-04-01,2026-04-28,Jamais alimenté,3,Hors segmentation,7,,0,0,1,,0.0,0.0,0,0
1598,11518,MOBILE,18-24,Marseille,2026-04-01,2026-04-05,Actif,1,Champions,1,0,1,1,1,5,7.48,1237.91,34,8
1599,11519,WEB,25-34,Toulouse,2026-04-01,2026-04-12,Actif,1,Occasionnels,4,6,1,1,1,1,140.76,500.24,9,1
1600,11520,WEB,35-44,Paris,2026-04-01,2026-04-19,Actif,1,Clients réguliers,2,4,1,1,1,0,48.41,1533.4,41,10
1601,11521,WEB,35-44,Montpellier,2026-04-01,2026-04-13,Actif,1,Champions,1,3,1,1,1,3,3.5,1769.01,37,4
1602,11522,MOBILE,25-34,Nice,2026-04-01,2026-04-11,Jamais alimenté,3,Hors segmentation,7,,0,0,1,74,0.0,0.0,0,0
1603,11523,WEB,35-44,Marseille,2026-04-01,2026-04-09,Actif,1,Occasionnels,4,10,0,1,1,12,9.88,555.12,13,5
1604,11524,WEB,25-34,Marseille,2026-04-01,2026-04-27,Actif,1,Occasionnels,4,2,1,1,1,2,557.26,594.74,8,0
1605,11525,MOBILE,18-24,Paris,2026-04-01,2026-04-26,Actif,1,Occasionnels,4,0,1,1,1,4,173.77,255.23,12,0
1606,11526,WEB,55+,Grenoble,2026-04-01,2026-04-02,Actif,1,Épargnants peu actifs,3,4,1,1,1,6,5609.43,207.57,4,0
1607,11527,WEB,55+,Paris,2026-04-01,2026-04-04,Actif,1,Clients réguliers,2,1,1,1,1,0,1342.15,1319.83,35,11
1608,11528,WEB,55+,Lyon,2026-04-01,2026-04-14,Actif,1,Occasionnels,4,0,1,1,1,3,0.46,86.54,4,9
1609,11529,WEB,25-34,Lyon,2026-04-01,2026-04-29,Actif,1,Clients réguliers,2,3,1,1,1,1,112.2,1524.93,33,0
1610,11530,MOBILE,35-44,Paris,2026-04-01,2026-04-28,Actif,1,Occasionnels,4,4,1,1,1,0,496.68,1524.91,29,0
1611,11531,MOBILE,18-24,Paris,2026-04-01,2026-04-20,Actif,1,Clients réguliers,2,4,1,1,1,1,236.56,1484.45,29,0
1612,11532,WEB,45-54,Lille,2026-04-01,2026-04-17,Actif,1,Épargnants peu actifs,3,0,1,1,1,5,5994.12,331.88,8,0
1613,11533,MOBILE,25-34,Strasbourg,2026-04-01,2026-04-13,Actif,1,À risque,5,2,1,1,1,37,1268.94,199.06,8,4
1614,11534,MOBILE,18-24,Montpellier,2026-04-01,2026-04-15,Jamais alimenté,3,Hors segmentation,7,,0,0,1,,0.0,0.0,0,0
1615,11535,MOBILE,35-44,Lille,2026-04-01,2026-04-16,Actif,1,Clients réguliers,2,2,1,1,1,2,47.42,1403.25,29,4
1616,11536,MOBILE,25-34,Saint-Étienne,2026-04-01,2026-04-19,Actif,1,Clients réguliers,2,1,1,1,1,0,902.6,2480.64,41,5
1617,11537,WEB,55+,Nice,2026-04-01,2026-04-08,Actif,1,Clients réguliers,2,4,1,1,1,4,549.09,1582.27,46,6
1618,11538,MOBILE,35-44,Paris,2026-04-01,2026-04-17,Actif,1,Clients réguliers,2,0,1,1,1,1,604.51,1310.42,36,1
1619,11539,MOBILE,18-24,Rennes,2026-04-01,2026-04-01,Actif,1,Champions,1,0,1,1,1,0,102.16,1459.65,44,8
1620,11540,MOBILE,25-34,Paris,2026-04-01,2026-04-15,Actif,1,Clients réguliers,2,5,1,1,1,3,22.89,932.71,23,6
1621,11540,MOBILE,25-34,Paris,2026-06-01,2026-06-14,Actif,1,Occasionnels,4,1,1,1,0,12,2427.99,19.01,1,0
1622,11541,MOBILE,Inconnu,Angers,2026-04-01,2026-04-27,Actif,1,Épargnants peu actifs,3,0,1,1,1,11,3000.63,60.37,2,0
1623,11542,PARTNER,35-44,Nantes,2026-04-01,2026-04-16,Jamais alimenté,3,Hors segmentation,7,,0,0,1,66,0.0,0.0,0,0
1624,11543,PARTNER,35-44,Montpellier,2026-04-01,2026-04-07,Actif,1,Occasionnels,4,24,0,1,1,4,1.35,88.65,6,8
1625,11544,PARTNER,35-44,Paris,2026-04-01,2026-04-19,Actif,1,Occasionnels,4,37,0,0,1,0,711.93,384.8,13,0
1626,11545,WEB,55+,Nice,2026-04-01,2026-04-14,Actif,1,Clients réguliers,2,1,1,1,1,0,245.12,2258.16,39,0
1627,11546,MOBILE,55+,Marseille,2026-04-01,2026-04-11,Actif,1,Occasionnels,4,6,1,1,1,0,1443.15,628.85,11,3
1628,11547,MOBILE,25-34,Marseille,2026-04-01,2026-04-16,Actif,1,Clients réguliers,2,8,0,1,1,0,68.29,2250.36,51,0
1629,11548,MOBILE,35-44,Nantes,2026-04-01,2026-04-06,Actif,1,À risque,5,3,1,1,1,36,20.51,406.49,8,0
1630,11549,MOBILE,18-24,Nantes,2026-04-01,2026-04-10,Actif,1,Occasionnels,4,3,1,1,1,2,465.95,460.05,12,0
1631,11550,WEB,18-24,Paris,2026-04-01,2026-04-29,Actif,1,Occasionnels,4,2,1,1,1,8,1.11,269.89,11,3
1632,11551,WEB,55+,Toulouse,2026-04-01,2026-04-08,Actif,1,Occasionnels,4,0,1,1,1,4,2217.06,146.94,4,0
1633,11552,MOBILE,55+,Nantes,2026-04-01,2026-04-08,Actif,1,Occasionnels,4,0,1,1,1,1,879.4,479.6,14,0
1634,11553,WEB,55+,Paris,2026-04-01,2026-04-27,Actif,1,Occasionnels,4,6,1,1,1,0,48.1,1170.37,21,23
1635,11554,MOBILE,25-34,Lyon,2026-04-01,2026-04-01,Actif,1,Occasionnels,4,2,1,1,1,0,709.03,297.97,11,2
1636,11555,WEB,45-54,Bordeaux,2026-05-01,2026-05-14,Actif,1,Occasionnels,4,0,1,1,1,0,461.36,671.89,19,12
1637,11556,WEB,25-34,Marseille,2026-05-01,2026-05-24,Actif,1,Occasionnels,4,1,1,1,1,2,1006.19,1001.93,22,0
1638,11557,MOBILE,18-24,Toulouse,2026-05-01,2026-05-12,Actif,1,Occasionnels,4,3,1,1,1,1,6.78,187.22,7,3
1639,11558,WEB,35-44,Rennes,2026-05-01,2026-05-23,Actif,1,Occasionnels,4,1,1,1,1,26,20.08,19.92,1,0
1640,11559,PARTNER,35-44,Paris,2026-05-01,2026-05-30,Jamais alimenté,3,Hors segmentation,7,,0,0,1,,0.0,0.0,0,0
1641,11560,MOBILE,25-34,Saint-Étienne,2026-05-01,2026-05-10,Actif,1,Occasionnels,4,1,1,1,1,0,210.22,828.52,23,4
1642,11561,MOBILE,25-34,Lille,2026-05-01,2026-05-14,Jamais alimenté,3,Hors segmentation,7,,0,0,1,,0.0,0.0,0,0
1643,11562,MOBILE,18-24,Toulouse,2026-05-01,2026-05-03,Actif,1,Occasionnels,4,0,1,1,1,0,0.48,392.52,8,2
1644,11563,MOBILE,18-24,Lyon,2026-05-01,2026-05-15,Actif,1,Occasionnels,4,0,1,1,1,0,267.97,180.03,8,0
1645,11564,WEB,35-44,Rennes,2026-05-01,2026-05-22,Actif,1,Occasionnels,4,0,1,1,1,0,68.02,589.68,18,0
1646,11565,MOBILE,25-34,Lyon,2026-05-01,2026-05-26,Actif,1,Occasionnels,4,4,1,1,1,0,24.01,209.99,6,0
1647,11566,MOBILE,25-34,Nantes,2026-05-01,2026-05-08,Actif,1,Occasionnels,4,2,1,1,1,1,5.76,1044.67,27,7
1648,11567,MOBILE,35-44,Paris,2026-05-01,2026-05-21,Actif,1,Occasionnels,4,4,1,1,1,0,1489.18,293.82,7,0
1649,11568,MOBILE,35-44,Paris,2026-05-01,2026-05-19,Actif,1,Occasionnels,4,3,1,1,1,0,2.4,341.6,7,2
1650,11569,PARTNER,45-54,Lyon,2026-05-01,2026-05-16,Actif,1,Occasionnels,4,3,1,1,1,7,715.25,155.75,3,0
1651,11570,WEB,18-24,Montpellier,2026-05-01,2026-05-23,Actif,1,Occasionnels,4,2,1,1,1,4,13.37,93.63,3,2
1652,11571,MOBILE,35-44,Lille,2026-05-01,2026-05-27,Actif,1,Occasionnels,4,2,1,1,1,7,15.9,467.91,12,9
1653,11572,MOBILE,25-34,Dijon,2026-05-01,2026-05-16,Actif,1,Occasionnels,4,2,1,1,1,2,243.36,759.63,16,4
1654,11573,MOBILE,18-24,Paris,2026-05-01,2026-05-21,Actif,1,Occasionnels,4,3,1,1,1,10,2308.61,168.39,6,0
1655,11574,PARTNER,25-34,Grenoble,2026-05-01,2026-05-12,Actif,1,Occasionnels,4,25,0,1,1,1,428.74,90.26,3,0
1656,11575,MOBILE,35-44,Grenoble,2026-05-01,2026-05-11,Actif,1,Occasionnels,4,8,0,1,1,4,171.53,232.47,8,0
1657,11576,MOBILE,25-34,Dijon,2026-05-01,2026-05-03,Actif,1,Occasionnels,4,0,1,1,1,6,575.02,506.98,10,0
1658,11577,MOBILE,Inconnu,Montpellier,2026-05-01,2026-05-03,Actif,1,Occasionnels,4,0,1,1,1,0,748.6,735.07,22,0
1659,11578,MOBILE,25-34,Strasbourg,2026-05-01,2026-05-11,Jamais alimenté,3,Hors segmentation,7,,0,0,1,19,0.0,0.0,0,0
1660,11579,WEB,35-44,Reims,2026-05-01,2026-05-29,Actif,1,Occasionnels,4,1,1,1,1,0,625.75,771.72,15,0
1661,11580,MOBILE,18-24,Marseille,2026-05-01,2026-05-15,Actif,1,Occasionnels,4,3,1,1,1,9,95.54,146.46,4,0
1662,11581,WEB,45-54,Nantes,2026-05-01,2026-05-16,Actif,1,Occasionnels,4,2,1,1,1,27,647.66,103.34,6,0
1663,11582,MOBILE,25-34,Dijon,2026-05-01,2026-05-30,Actif,1,Épargnants peu actifs,3,5,1,1,1,8,5412.8,40.2,1,0
1664,11583,PARTNER,45-54,Strasbourg,2026-05-01,2026-05-07,Actif,1,Occasionnels,4,7,1,1,1,1,249.11,296.89,7,0
1665,11584,WEB,35-44,Lyon,2026-05-01,2026-05-04,Actif,1,Occasionnels,4,4,1,1,1,0,742.65,550.35,7,0
1666,11585,WEB,45-54,Lille,2026-05-01,2026-05-23,Jamais alimenté,3,Hors segmentation,7,,0,0,1,,0.0,0.0,0,0
1667,11586,MOBILE,25-34,Toulouse,2026-05-01,2026-05-09,Actif,1,Épargnants peu actifs,3,8,0,1,1,3,2881.81,254.19,6,0
1668,11587,MOBILE,18-24,Lille,2026-05-01,2026-05-21,Actif,1,Occasionnels,4,10,0,1,1,2,539.99,277.01,8,0
1669,11588,MOBILE,25-34,Toulouse,2026-05-01,2026-05-09,Actif,1,Occasionnels,4,2,1,1,1,0,309.48,512.19,17,7
1670,11589,MOBILE,18-24,Montpellier,2026-05-01,2026-05-24,Actif,1,Occasionnels,4,4,1,1,1,17,7.8,70.2,3,0
1671,11590,WEB,55+,Toulouse,2026-05-01,2026-05-07,Actif,1,Occasionnels,4,3,1,1,1,5,1907.37,365.63,6,0
1672,11591,MOBILE,25-34,Nantes,2026-05-01,2026-05-22,Jamais alimenté,3,Hors segmentation,7,,0,0,1,,0.0,0.0,0,0
1673,11592,MOBILE,25-34,Reims,2026-05-01,2026-05-10,Actif,1,Occasionnels,4,4,1,1,1,1,666.12,787.26,21,14
1674,11593,MOBILE,18-24,Paris,2026-05-01,2026-05-02,Actif,1,Occasionnels,4,2,1,1,1,0,51.07,177.93,7,9
1675,11594,MOBILE,35-44,Strasbourg,2026-05-01,2026-05-10,Actif,1,Occasionnels,4,1,1,1,1,2,2.09,151.91,8,0
1676,11595,WEB,35-44,Marseille,2026-05-01,2026-05-24,Actif,1,Occasionnels,4,6,1,1,1,21,1904.47,67.53,2,0
1677,11596,MOBILE,18-24,Strasbourg,2026-05-01,2026-05-08,Actif,1,Occasionnels,4,1,1,1,1,3,217.53,501.47,11,0
1678,11597,MOBILE,25-34,Lyon,2026-05-01,2026-05-05,Actif,1,Occasionnels,4,2,1,1,1,6,11.76,682.32,20,15
1679,11598,MOBILE,55+,Toulouse,2026-05-01,2026-05-01,Actif,1,Occasionnels,4,5,1,1,1,3,861.04,352.96,8,7
1680,11599,WEB,18-24,Marseille,2026-05-01,2026-05-29,Actif,1,Occasionnels,4,1,1,1,1,1,204.67,321.33,8,0
1681,11600,MOBILE,35-44,Grenoble,2026-05-01,2026-05-11,Actif,1,Occasionnels,4,0,1,1,1,0,723.42,702.14,20,2
1682,11601,MOBILE,Inconnu,Bordeaux,2026-05-01,2026-05-27,Jamais alimenté,3,Hors segmentation,7,,0,0,1,,0.0,0.0,0,0
1683,11602,MOBILE,55+,Toulouse,2026-05-01,2026-05-05,Actif,1,Occasionnels,4,4,1,1,1,4,285.64,557.93,16,12
1684,11603,MOBILE,25-34,Marseille,2026-05-01,2026-05-18,Actif,1,Occasionnels,4,1,1,1,1,0,804.28,1047.51,26,0
1685,11604,WEB,35-44,Paris,2026-05-01,2026-05-05,Actif,1,Occasionnels,4,0,1,1,1,0,560.35,563.19,17,4
1686,11605,MOBILE,25-34,Lille,2026-05-01,2026-05-01,Actif,1,Épargnants peu actifs,3,0,1,1,1,11,6501.14,97.86,3,0
1687,11606,WEB,35-44,Paris,2026-05-01,2026-05-11,Actif,1,Occasionnels,4,1,1,1,1,1,83.93,936.77,23,5
1688,11607,WEB,25-34,Nantes,2026-05-01,2026-05-01,Actif,1,Clients réguliers,2,1,1,1,1,3,977.46,1414.77,30,0
1689,11608,MOBILE,18-24,Dijon,2026-05-01,2026-05-21,Actif,1,Occasionnels,4,1,1,1,1,0,60.33,775.66,20,10
1690,11609,MOBILE,35-44,Marseille,2026-05-01,2026-05-10,Actif,1,Occasionnels,4,8,0,1,1,0,103.32,1058.32,28,5
1691,11610,MOBILE,25-34,Nantes,2026-05-01,2026-05-27,Actif,1,Occasionnels,4,0,1,1,1,0,365.95,469.54,13,1
1692,11611,WEB,55+,Lille,2026-05-01,2026-05-26,Actif,1,Occasionnels,4,2,1,1,1,1,736.52,262.75,12,0
1693,11612,MOBILE,18-24,Bordeaux,2026-05-01,2026-05-09,Actif,1,Occasionnels,4,0,1,1,1,2,0.38,531.62,7,2
1694,11613,MOBILE,25-34,Paris,2026-05-01,2026-05-29,Actif,1,Occasionnels,4,1,1,1,1,0,760.81,860.92,22,0
1695,11614,MOBILE,55+,Paris,2026-05-01,2026-05-23,Jamais alimenté,3,Hors segmentation,7,,0,0,1,38,0.0,0.0,0,0
1696,11615,WEB,45-54,Paris,2026-05-01,2026-05-03,Actif,1,Occasionnels,4,4,1,1,1,10,9.22,74.78,4,7
1697,11616,MOBILE,25-34,Paris,2026-05-01,2026-05-28,Actif,1,Occasionnels,4,1,1,1,1,0,65.85,600.24,13,0
1698,11617,MOBILE,25-34,Paris,2026-05-01,2026-05-12,Actif,1,Occasionnels,4,0,1,1,1,4,1228.13,162.87,6,2
1699,11618,PARTNER,45-54,Saint-Étienne,2026-05-01,2026-05-10,Actif,1,Occasionnels,4,15,0,1,1,13,41.08,276.92,6,0
1700,11619,MOBILE,45-54,Lyon,2026-05-01,2026-05-22,Actif,1,Épargnants peu actifs,3,0,1,1,1,0,4718.37,150.63,3,0
1701,11620,MOBILE,25-34,Paris,2026-05-01,2026-05-25,Actif,1,Occasionnels,4,2,1,1,1,5,187.17,163.83,7,0
1702,11621,MOBILE,35-44,Lyon,2026-05-01,2026-05-24,Actif,1,Occasionnels,4,3,1,1,1,5,134.95,163.05,5,0
1703,11622,PARTNER,55+,Bordeaux,2026-05-01,2026-05-05,Actif,1,Occasionnels,4,4,1,1,1,0,238.02,237.98,7,0
1704,11623,MOBILE,25-34,Paris,2026-05-01,2026-05-06,Actif,1,Occasionnels,4,1,1,1,1,7,597.91,261.09,9,0
1705,11624,WEB,35-44,Marseille,2026-05-01,2026-05-18,Jamais alimenté,3,Hors segmentation,7,,0,0,1,31,0.0,0.0,0,0
1706,11625,WEB,45-54,Nice,2026-05-01,2026-05-11,Actif,1,Occasionnels,4,3,1,1,1,4,382.09,749.91,10,2
1707,11626,MOBILE,25-34,Paris,2026-05-01,2026-05-15,Actif,1,Occasionnels,4,0,1,1,1,1,179.81,322.19,11,0
1708,11627,MOBILE,55+,Grenoble,2026-05-01,2026-05-17,Actif,1,Occasionnels,4,1,1,1,1,1,1523.23,448.97,13,7
1709,11628,MOBILE,45-54,Paris,2026-05-01,2026-05-20,Actif,1,Épargnants peu actifs,3,0,1,1,1,1,5356.4,148.6,4,0
1710,11629,WEB,25-34,Strasbourg,2026-05-01,2026-05-02,Actif,1,Clients réguliers,2,1,1,1,1,5,325.64,1098.83,33,0
1711,11630,MOBILE,45-54,Toulouse,2026-05-01,2026-05-05,Actif,1,Occasionnels,4,6,1,1,1,0,627.32,259.68,9,0
1712,11631,MOBILE,18-24,Marseille,2026-05-01,2026-05-29,Actif,1,Occasionnels,4,1,1,1,1,3,55.04,73.96,4,2
1713,11632,MOBILE,25-34,Non renseignée,2026-05-01,2026-05-25,Actif,1,Occasionnels,4,1,1,1,1,17,17.8,69.2,3,6
1714,11633,WEB,25-34,Rennes,2026-05-01,2026-05-25,Actif,1,Occasionnels,4,0,1,1,1,5,412.02,110.98,7,0
1715,11634,MOBILE,35-44,Strasbourg,2026-05-01,2026-05-15,Actif,1,Occasionnels,4,3,1,1,1,0,898.16,807.23,23,4
1716,11635,MOBILE,25-34,Paris,2026-05-01,2026-05-13,Actif,1,Occasionnels,4,3,1,1,1,1,284.52,289.48,11,0
1717,11636,MOBILE,25-34,Paris,2026-05-01,2026-05-12,Actif,1,Occasionnels,4,12,0,1,1,4,489.69,787.02,18,1
1718,11637,WEB,35-44,Reims,2026-05-01,2026-05-01,Actif,1,Occasionnels,4,4,1,1,1,1,437.83,608.67,22,15
1719,11638,WEB,35-44,Reims,2026-05-01,2026-05-04,Actif,1,Occasionnels,4,1,1,1,1,0,177.14,127.86,5,0
1720,11639,MOBILE,45-54,Paris,2026-05-01,2026-05-05,Actif,1,Occasionnels,4,1,1,1,1,4,312.5,782.16,28,5
1721,11640,PARTNER,35-44,Marseille,2026-05-01,2026-05-13,Actif,1,Occasionnels,4,8,0,1,1,0,234.03,423.97,10,1
1722,11641,MOBILE,18-24,Lyon,2026-05-01,2026-05-26,Actif,1,Occasionnels,4,1,1,1,1,7,5.24,733.97,18,3
1723,11642,PARTNER,45-54,Lyon,2026-05-01,2026-05-16,Actif,1,Occasionnels,4,27,0,1,1,2,1656.94,45.06,1,0
1724,11643,MOBILE,35-44,Marseille,2026-05-01,2026-05-16,Actif,1,Occasionnels,4,0,1,1,1,0,47.07,288.93,10,0
1725,11644,WEB,45-54,Rennes,2026-05-01,2026-05-16,Actif,1,Occasionnels,4,12,0,1,1,2,645.64,508.11,17,0
1726,11645,MOBILE,18-24,Grenoble,2026-05-01,2026-05-02,Actif,1,Occasionnels,4,1,1,1,1,6,569.34,138.66,5,1
1727,11646,MOBILE,18-24,Paris,2026-05-01,2026-05-25,Actif,1,Occasionnels,4,0,1,1,1,0,108.51,590.33,11,2
1728,11647,WEB,55+,Marseille,2026-05-01,2026-05-17,Actif,1,Occasionnels,4,2,1,1,1,0,7.73,433.84,14,10
1729,11648,WEB,25-34,Strasbourg,2026-05-01,2026-05-29,Actif,1,Occasionnels,4,4,1,1,1,1,1337.41,129.59,6,0
1730,11649,WEB,25-34,Lyon,2026-05-01,2026-05-11,Actif,1,Occasionnels,4,0,1,1,1,0,144.22,967.62,27,5
1731,11650,WEB,18-24,Angers,2026-05-01,2026-05-22,Actif,1,Occasionnels,4,2,1,1,1,6,702.55,235.45,6,0
1732,11651,WEB,25-34,Saint-Étienne,2026-05-01,2026-05-16,Actif,1,Occasionnels,4,2,1,1,1,0,248.34,818.06,27,0
1733,11652,MOBILE,25-34,Nice,2026-05-01,2026-05-13,Actif,1,Occasionnels,4,0,1,1,1,1,338.05,505.13,13,7
1734,11653,MOBILE,35-44,Reims,2026-05-01,2026-05-09,Actif,1,Occasionnels,4,3,1,1,1,0,4.28,67.72,4,2
1735,11654,MOBILE,25-34,Lyon,2026-05-01,2026-05-27,Actif,1,Occasionnels,4,2,1,1,1,0,0.33,132.67,5,5
1736,11655,MOBILE,55+,Paris,2026-05-01,2026-05-15,Actif,1,Occasionnels,4,2,1,1,1,6,533.18,450.82,13,5
1737,11656,PARTNER,45-54,Marseille,2026-05-01,2026-05-03,Actif,1,Occasionnels,4,5,1,1,1,1,17.02,951.68,16,11
1738,11657,MOBILE,45-54,Bordeaux,2026-05-01,2026-05-27,Actif,1,Occasionnels,4,3,1,1,1,0,66.01,218.99,3,2
1739,11658,PARTNER,25-34,Montpellier,2026-05-01,2026-05-13,Actif,1,Occasionnels,4,5,1,1,1,2,2.89,75.11,3,7
1740,11659,MOBILE,25-34,Nantes,2026-05-01,2026-05-16,Jamais alimenté,3,Hors segmentation,7,,0,0,1,29,0.0,0.0,0,0
1741,11660,WEB,35-44,Marseille,2026-05-01,2026-05-17,Actif,1,Clients réguliers,2,6,1,1,1,0,926.6,1041.95,33,0
1742,11661,MOBILE,18-24,Strasbourg,2026-05-01,2026-05-17,Actif,1,Occasionnels,4,3,1,1,1,1,774.18,132.82,3,0
1743,11662,MOBILE,18-24,Lyon,2026-05-01,2026-05-07,Actif,1,Occasionnels,4,0,1,1,1,2,22.42,438.91,17,10
1744,11663,PARTNER,25-34,Paris,2026-05-01,2026-05-05,Actif,1,Occasionnels,4,4,1,1,1,2,1339.59,518.44,13,0
1745,11664,MOBILE,25-34,Strasbourg,2026-05-01,2026-05-01,Actif,1,Occasionnels,4,9,0,1,1,2,178.95,901.53,25,0
1746,11665,MOBILE,18-24,Nantes,2026-05-01,2026-05-12,Actif,1,Occasionnels,4,2,1,1,1,0,236.52,936.38,30,10
1747,11666,WEB,45-54,Nantes,2026-05-01,2026-05-14,Jamais alimenté,3,Hors segmentation,7,,0,0,1,,0.0,0.0,0,0
1748,11667,MOBILE,35-44,Paris,2026-05-01,2026-05-30,Actif,1,Occasionnels,4,2,1,1,1,1,1026.85,162.15,3,1
1749,11668,PARTNER,55+,Reims,2026-05-01,2026-05-08,Jamais alimenté,3,Hors segmentation,7,,0,0,1,,0.0,0.0,0,0
1750,11669,MOBILE,35-44,Toulouse,2026-05-01,2026-05-24,Actif,1,Occasionnels,4,6,1,1,1,0,30.86,788.96,18,0
1751,11670,PARTNER,35-44,Nantes,2026-05-01,2026-05-16,Jamais alimenté,3,Hors segmentation,7,,0,0,1,,0.0,0.0,0,0
1752,11671,MOBILE,55+,Strasbourg,2026-05-01,2026-05-07,Actif,1,Occasionnels,4,13,0,1,1,0,1000.42,363.1,12,5
1753,11672,MOBILE,25-34,Paris,2026-05-01,2026-05-06,Actif,1,Occasionnels,4,6,1,1,1,0,282.5,110.5,6,0
1754,11673,PARTNER,35-44,Lille,2026-06-01,2026-06-29,Jamais alimenté,3,Hors segmentation,7,,0,0,0,,0.0,0.0,0,0
1755,11674,MOBILE,25-34,Grenoble,2026-06-01,2026-06-14,Actif,1,Occasionnels,4,0,1,1,0,5,200.23,185.77,7,0
1756,11675,MOBILE,18-24,Grenoble,2026-06-01,2026-06-02,Actif,1,Occasionnels,4,0,1,1,0,2,2.38,80.62,4,15
1757,11676,WEB,Inconnu,Montpellier,2026-06-01,2026-06-24,Jamais alimenté,3,Hors segmentation,7,,0,0,0,4,0.0,0.0,0,0
1758,11677,MOBILE,35-44,Paris,2026-06-01,2026-06-25,Actif,1,Occasionnels,4,4,1,1,0,1,206.0,0.0,0,0
1759,11678,MOBILE,25-34,Nantes,2026-06-01,2026-06-29,Jamais alimenté,3,Hors segmentation,7,,0,0,0,,0.0,0.0,0,0
1760,11679,PARTNER,35-44,Rennes,2026-06-01,2026-06-02,Actif,1,Occasionnels,4,22,0,1,0,1,483.58,113.42,2,0
1761,11680,MOBILE,25-34,Lyon,2026-06-01,2026-06-08,Actif,1,Occasionnels,4,2,1,1,0,4,699.55,60.45,3,0
1762,11681,PARTNER,55+,Paris,2026-06-01,2026-06-15,Jamais alimenté,3,Hors segmentation,7,,0,0,0,12,0.0,0.0,0,0
1763,11682,MOBILE,18-24,Lille,2026-06-01,2026-06-28,Actif,1,Occasionnels,4,1,1,1,0,1,286.0,0.0,0,0
1764,11683,MOBILE,18-24,Paris,2026-06-01,2026-06-21,Actif,1,Occasionnels,4,4,1,1,0,5,56.0,0.0,0,0
1765,11684,MOBILE,35-44,Toulouse,2026-06-01,2026-06-08,Actif,1,Occasionnels,4,0,1,1,0,5,1.29,45.71,3,12
1766,11685,PARTNER,25-34,Marseille,2026-06-01,2026-06-17,Actif,1,Occasionnels,4,7,1,1,0,2,1.76,64.24,1,1
1767,11686,PARTNER,18-24,Strasbourg,2026-06-01,2026-06-15,Jamais alimenté,3,Hors segmentation,7,,0,0,0,,0.0,0.0,0,0
1768,11687,MOBILE,25-34,Paris,2026-06-01,2026-06-15,Actif,1,Occasionnels,4,0,1,1,0,1,184.93,138.07,4,2
1769,11688,PARTNER,25-34,Paris,2026-06-01,2026-06-26,Actif,1,Occasionnels,4,1,1,1,0,0,11.67,37.33,1,1
1770,11689,MOBILE,25-34,Rennes,2026-06-01,2026-06-19,Actif,1,Occasionnels,4,1,1,1,0,3,51.22,15.78,1,0
1771,11690,MOBILE,18-24,Paris,2026-06-01,2026-06-15,Actif,1,Occasionnels,4,3,1,1,0,0,10.98,135.02,5,1
1772,11691,MOBILE,18-24,Paris,2026-06-01,2026-06-23,Actif,1,Occasionnels,4,0,1,1,0,3,1042.19,25.81,1,0
1773,11692,WEB,25-34,Paris,2026-06-01,2026-06-18,Jamais alimenté,3,Hors segmentation,7,,0,0,0,,0.0,0.0,0,0
1774,11693,WEB,18-24,Lille,2026-06-01,2026-06-08,Actif,1,Occasionnels,4,4,1,1,0,0,15.92,71.08,4,1
1775,11694,WEB,45-54,Lyon,2026-06-01,2026-06-06,Actif,1,Épargnants peu actifs,3,3,1,1,0,1,4173.45,120.55,2,0
1776,11695,MOBILE,35-44,Paris,2026-06-01,2026-06-03,Actif,1,Occasionnels,4,1,1,1,0,7,421.92,283.08,5,0
1777,11696,WEB,45-54,Rennes,2026-06-01,2026-06-05,Actif,1,Occasionnels,4,4,1,1,0,4,2.93,48.07,2,16
1778,11697,MOBILE,45-54,Nantes,2026-06-01,2026-06-07,Actif,1,Occasionnels,4,2,1,1,0,2,6.19,134.81,5,9
1779,11698,MOBILE,25-34,Nantes,2026-06-01,2026-06-17,Actif,1,Épargnants peu actifs,3,0,1,1,0,0,2916.59,217.41,1,0
1780,11699,WEB,18-24,Rennes,2026-06-01,2026-06-24,Actif,1,Occasionnels,4,0,1,1,0,2,745.0,0.0,0,0
1781,11700,PARTNER,55+,Paris,2026-06-01,2026-06-08,Actif,1,Occasionnels,4,19,0,1,0,1,64.06,172.94,1,0
1782,11701,MOBILE,25-34,Paris,2026-06-01,2026-06-29,Actif,1,Occasionnels,4,0,1,1,0,0,159.0,0.0,0,0
1783,11702,PARTNER,18-24,Paris,2026-06-01,2026-06-28,Jamais alimenté,3,Hors segmentation,7,,0,0,0,,0.0,0.0,0,0
1784,11703,WEB,45-54,Paris,2026-06-01,2026-06-03,Actif,1,Épargnants peu actifs,3,12,0,1,0,4,4106.76,54.24,2,0
1785,11704,PARTNER,25-34,Nice,2026-06-01,2026-06-27,Jamais alimenté,3,Hors segmentation,7,,0,0,0,,0.0,0.0,0,0
1786,11705,MOBILE,45-54,Nantes,2026-06-01,2026-06-29,Jamais alimenté,3,Hors segmentation,7,,0,0,0,,0.0,0.0,0,0
1787,11706,MOBILE,25-34,Strasbourg,2026-06-01,2026-06-29,Jamais alimenté,3,Hors segmentation,7,,0,0,0,,0.0,0.0,0,0
1788,11707,MOBILE,45-54,Nantes,2026-06-01,2026-06-04,Actif,1,Occasionnels,4,1,1,1,0,0,366.39,190.61,4,0
1789,11708,MOBILE,25-34,Angers,2026-06-01,2026-06-02,Actif,1,Occasionnels,4,0,1,1,0,4,158.41,132.59,4,0
1790,11709,WEB,55+,Paris,2026-06-01,2026-06-09,Actif,1,Épargnants peu actifs,3,2,1,1,0,11,2899.36,28.64,1,0
1791,11710,MOBILE,18-24,Reims,2026-06-01,2026-06-29,Jamais alimenté,3,Hors segmentation,7,,0,0,0,,0.0,0.0,0,0
1792,11711,MOBILE,Inconnu,Angers,2026-06-01,2026-06-22,Actif,1,Occasionnels,4,0,1,1,0,2,176.0,19.0,1,0
1793,11712,MOBILE,25-34,Paris,2026-06-01,2026-06-23,Actif,1,Occasionnels,4,3,1,1,0,1,600.35,12.65,1,0
1794,11713,WEB,18-24,Paris,2026-06-01,2026-06-13,Actif,1,Occasionnels,4,0,1,1,0,1,385.65,126.35,5,0
1795,11714,MOBILE,25-34,Angers,2026-06-01,2026-06-24,Actif,1,Occasionnels,4,1,1,1,0,0,282.83,17.17,1,0
1796,11715,MOBILE,18-24,Rennes,2026-06-01,2026-06-19,Jamais alimenté,3,Hors segmentation,7,,0,0,0,5,0.0,0.0,0,0
1797,11716,WEB,35-44,Dijon,2026-06-01,2026-06-10,Actif,1,Occasionnels,4,8,0,1,0,12,1068.0,0.0,0,0
1798,11717,MOBILE,35-44,Paris,2026-06-01,2026-06-06,Actif,1,Occasionnels,4,5,1,1,0,6,0.75,36.25,1,17
1799,11718,MOBILE,18-24,Marseille,2026-06-01,2026-06-05,Actif,1,Occasionnels,4,2,1,1,0,0,45.49,108.51,3,16
1800,11719,MOBILE,18-24,Marseille,2026-06-01,2026-06-10,Actif,1,Occasionnels,4,8,0,1,0,2,57.38,106.62,4,0
1801,11720,WEB,25-34,Lille,2026-06-01,2026-06-11,Actif,1,Occasionnels,4,4,1,1,0,3,8.15,123.85,4,1
1802,11721,PARTNER,18-24,Nantes,2026-06-01,2026-06-24,Jamais alimenté,3,Hors segmentation,7,,0,0,0,,0.0,0.0,0,0
1803,11722,WEB,35-44,Paris,2026-06-01,2026-06-12,Actif,1,Occasionnels,4,5,1,1,0,0,15.93,71.07,2,4
1804,11723,WEB,35-44,Strasbourg,2026-06-01,2026-06-08,Jamais alimenté,3,Hors segmentation,7,,0,0,0,3,0.0,0.0,0,0
1805,11724,WEB,55+,Nice,2026-06-01,2026-06-01,Actif,1,Occasionnels,4,0,1,1,0,1,161.29,93.71,3,0
1806,11725,MOBILE,25-34,Nantes,2026-06-01,2026-06-16,Actif,1,Occasionnels,4,11,0,1,0,2,127.77,7.23,1,0
1807,11726,WEB,55+,Nantes,2026-06-01,2026-06-17,Actif,1,Occasionnels,4,3,1,1,0,3,2.57,286.43,4,5
1808,11727,WEB,18-24,Paris,2026-06-01,2026-06-27,Jamais alimenté,3,Hors segmentation,7,,0,0,0,0,0.0,0.0,0,0
1809,11728,MOBILE,25-34,Nantes,2026-06-01,2026-06-13,Actif,1,Occasionnels,4,7,1,1,0,0,26.46,129.54,7,6
1810,11729,PARTNER,25-34,Lille,2026-06-01,2026-06-12,Actif,1,Occasionnels,4,7,1,1,0,3,280.85,69.15,2,0
1811,11730,MOBILE,25-34,Reims,2026-06-01,2026-06-12,Actif,1,Occasionnels,4,4,1,1,0,7,53.01,78.99,2,0
1812,11731,WEB,45-54,Nantes,2026-06-01,2026-06-01,Actif,1,Occasionnels,4,2,1,1,0,0,301.28,522.64,15,0
1813,11732,MOBILE,25-34,Marseille,2026-06-01,2026-06-26,Jamais alimenté,3,Hors segmentation,7,,0,0,0,,0.0,0.0,0,0
1814,11733,MOBILE,25-34,Paris,2026-06-01,2026-06-19,Actif,1,Occasionnels,4,0,1,1,0,0,252.01,101.99,3,0
1815,11734,WEB,55+,Lille,2026-06-01,2026-06-19,Actif,1,Occasionnels,4,7,1,1,0,3,1970.0,0.0,0,0
1816,11735,PARTNER,45-54,Lyon,2026-06-01,2026-06-16,Jamais alimenté,3,Hors segmentation,7,,0,0,0,,0.0,0.0,0,0
1817,11736,MOBILE,18-24,Paris,2026-06-01,2026-06-26,Actif,1,Occasionnels,4,2,1,1,0,2,54.0,0.0,0,0
1818,11737,WEB,25-34,Marseille,2026-06-01,2026-06-02,Actif,1,Occasionnels,4,4,1,1,0,2,2283.02,62.98,2,0
1819,11738,MOBILE,18-24,Paris,2026-06-01,2026-06-16,Actif,1,Occasionnels,4,3,1,1,0,4,125.57,32.43,2,0
1820,11739,WEB,55+,Marseille,2026-06-01,2026-06-07,Actif,1,Occasionnels,4,1,1,1,0,5,217.04,147.96,4,0
1821,11740,WEB,55+,Nice,2026-06-01,2026-06-18,Actif,1,Occasionnels,4,1,1,1,0,0,18.57,110.43,4,0
1822,11741,MOBILE,18-24,Dijon,2026-06-01,2026-06-14,Actif,1,Occasionnels,4,0,1,1,0,3,171.16,46.84,2,0
1823,11742,WEB,55+,Lyon,2026-06-01,2026-06-13,Actif,1,Occasionnels,4,9,0,1,0,0,2.59,112.41,5,2
1824,11743,MOBILE,35-44,Bordeaux,2026-06-01,2026-06-10,Actif,1,Occasionnels,4,2,1,1,0,7,1.61,76.39,3,5
1825,11744,PARTNER,35-44,Lille,2026-06-01,2026-06-27,Jamais alimenté,3,Hors segmentation,7,,0,0,0,,0.0,0.0,0,0
1826,11745,MOBILE,45-54,Marseille,2026-06-01,2026-06-06,Actif,1,Occasionnels,4,5,1,1,0,1,8.12,50.88,2,6
1827,11746,PARTNER,25-34,Toulouse,2026-06-01,2026-06-20,Jamais alimenté,3,Hors segmentation,7,,0,0,0,,0.0,0.0,0,0
1828,11747,MOBILE,18-24,Paris,2026-06-01,2026-06-21,Jamais alimenté,3,Hors segmentation,7,,0,0,0,,0.0,0.0,0,0
1829,11748,WEB,25-34,Reims,2026-06-01,2026-06-17,Actif,1,Occasionnels,4,2,1,1,0,0,107.89,21.11,1,0
1830,11749,WEB,25-34,Bordeaux,2026-06-01,2026-06-16,Actif,1,Occasionnels,4,6,1,1,0,7,16.93,36.07,1,0
1831,11750,WEB,45-54,Saint-Étienne,2026-06-01,2026-06-15,Actif,1,Occasionnels,4,1,1,1,0,1,7.12,18.88,1,3
1832,11751,MOBILE,35-44,Paris,2026-06-01,2026-06-11,Actif,1,Occasionnels,4,0,1,1,0,3,1556.27,86.73,3,0
1833,11752,PARTNER,55+,Nantes,2026-06-01,2026-06-14,Jamais alimenté,3,Hors segmentation,7,,0,0,0,,0.0,0.0,0,0
1834,11753,MOBILE,Inconnu,Grenoble,2026-06-01,2026-06-07,Jamais alimenté,3,Hors segmentation,7,,0,0,0,11,0.0,0.0,0,0
1835,11754,WEB,45-54,Nice,2026-06-01,2026-06-15,Actif,1,Occasionnels,4,0,1,1,0,13,469.0,0.0,0,0
1836,11755,MOBILE,18-24,Angers,2026-06-01,2026-06-09,Actif,1,Occasionnels,4,4,1,1,0,11,5.76,99.24,3,3
1837,11756,WEB,35-44,Marseille,2026-06-01,2026-06-28,Jamais alimenté,3,Hors segmentation,7,,0,0,0,,0.0,0.0,0,0
1838,11757,MOBILE,25-34,Marseille,2026-06-01,2026-06-26,Actif,1,Occasionnels,4,0,1,1,0,2,128.63,20.37,1,0
1839,11758,MOBILE,25-34,Strasbourg,2026-06-01,2026-06-09,Actif,1,Occasionnels,4,4,1,1,0,0,218.43,81.57,5,0
1840,11759,PARTNER,45-54,Saint-Étienne,2026-06-01,2026-06-02,Jamais alimenté,3,Hors segmentation,7,,0,0,0,24,0.0,0.0,0,0
1841,11760,PARTNER,45-54,Lyon,2026-06-01,2026-06-14,Actif,1,Occasionnels,4,0,1,1,0,7,1560.0,0.0,0,0
1842,11761,WEB,35-44,Marseille,2026-06-01,2026-06-25,Actif,1,Occasionnels,4,1,1,1,0,0,79.42,68.58,3,0
1843,11762,MOBILE,35-44,Lille,2026-06-01,2026-06-22,Actif,1,Occasionnels,4,6,1,1,0,1,231.0,0.0,0,0
1844,11763,PARTNER,55+,Nice,2026-06-01,2026-06-21,Actif,1,Occasionnels,4,3,1,1,0,5,161.0,0.0,0,0
1845,11764,PARTNER,45-54,Paris,2026-06-01,2026-06-26,Jamais alimenté,3,Hors segmentation,7,,0,0,0,2,0.0,0.0,0,0
1846,11765,WEB,45-54,Lille,2026-06-01,2026-06-10,Actif,1,Occasionnels,4,0,1,1,0,0,0.74,332.26,11,1
1847,11766,MOBILE,18-24,Toulouse,2026-06-01,2026-06-04,Actif,1,Occasionnels,4,0,1,1,0,5,629.9,255.1,5,0
1848,11767,WEB,45-54,Lille,2026-06-01,2026-06-29,Actif,1,Occasionnels,4,0,1,1,0,1,391.0,0.0,0,0
1849,11768,MOBILE,25-34,Lille,2026-06-01,2026-06-14,Actif,1,Occasionnels,4,14,0,1,0,1,208.0,0.0,0,0
1850,11769,MOBILE,25-34,Lille,2026-06-01,2026-06-11,Actif,1,Occasionnels,4,1,1,1,0,3,8.27,62.73,3,6
1851,11770,WEB,35-44,Rennes,2026-06-01,2026-06-15,Actif,1,Occasionnels,4,5,1,1,0,1,21.0,0.0,0,4
1852,11771,MOBILE,35-44,Grenoble,2026-06-01,2026-06-28,Jamais alimenté,3,Hors segmentation,7,,0,0,0,,0.0,0.0,0,0
1853,11772,WEB,45-54,Toulouse,2026-06-01,2026-06-10,Actif,1,Épargnants peu actifs,3,1,1,1,0,2,6135.13,43.87,1,0
1854,11773,WEB,25-34,Lyon,2026-06-01,2026-06-07,Actif,1,Occasionnels,4,4,1,1,0,2,3.59,167.41,5,5
1855,11774,MOBILE,25-34,Bordeaux,2026-06-01,2026-06-09,Jamais alimenté,3,Hors segmentation,7,,0,0,0,,0.0,0.0,0,0
1856,11775,PARTNER,25-34,Montpellier,2026-06-01,2026-06-28,Jamais alimenté,3,Hors segmentation,7,,0,0,0,,0.0,0.0,0,0
1857,11776,MOBILE,35-44,Paris,2026-06-01,2026-06-15,Actif,1,Occasionnels,4,3,1,1,0,4,108.0,0.0,0,0
1858,11777,MOBILE,35-44,Nice,2026-06-01,2026-06-24,Jamais alimenté,3,Hors segmentation,7,,0,0,0,,0.0,0.0,0,0
1859,11778,MOBILE,25-34,Montpellier,2026-06-01,2026-06-09,Actif,1,Occasionnels,4,1,1,1,0,1,4.56,75.44,5,6
1860,11779,WEB,55+,Paris,2026-06-01,2026-06-23,Actif,1,Occasionnels,4,2,1,1,0,1,505.44,22.56,1,0
1861,11780,WEB,Inconnu,Nantes,2026-06-01,2026-06-17,Actif,1,Occasionnels,4,7,1,1,0,0,549.63,88.37,2,0
1862,11781,WEB,25-34,Lille,2026-06-01,2026-06-07,Actif,1,Occasionnels,4,1,1,1,0,0,8.32,269.68,6,1
1863,11782,MOBILE,25-34,Montpellier,2026-06-01,2026-06-18,Actif,1,Occasionnels,4,0,1,1,0,5,9.53,52.47,3,5
1864,11783,PARTNER,45-54,Paris,2026-06-01,2026-06-02,Jamais alimenté,3,Hors segmentation,7,,0,0,0,15,0.0,0.0,0,0
1865,11784,WEB,55+,Montpellier,2026-06-01,2026-06-10,Jamais alimenté,3,Hors segmentation,7,,0,0,0,11,0.0,0.0,0,0
1866,11785,PARTNER,18-24,Rennes,2026-06-01,2026-06-27,Jamais alimenté,3,Hors segmentation,7,,0,0,0,,0.0,0.0,0,0
1867,11786,MOBILE,25-34,Montpellier,2026-06-01,2026-06-03,Actif,1,Occasionnels,4,2,1,1,0,1,320.51,164.49,4,0
1868,11787,MOBILE,45-54,Marseille,2026-06-01,2026-06-10,Jamais alimenté,3,Hors segmentation,7,,0,0,0,,0.0,0.0,0,0
1869,11788,MOBILE,25-34,Paris,2026-06-01,2026-06-24,Actif,1,Occasionnels,4,1,1,1,0,3,183.73,44.27,2,0
1870,11789,MOBILE,Inconnu,Nice,2026-06-01,2026-06-29,Actif,1,Occasionnels,4,0,1,1,0,0,108.0,0.0,0,0
1871,11790,MOBILE,35-44,Montpellier,2026-06-01,2026-06-10,Actif,1,Occasionnels,4,3,1,1,0,1,6.32,196.68,8,3
1872,11791,PARTNER,18-24,Toulouse,2026-06-01,2026-06-22,Actif,1,Occasionnels,4,4,1,1,0,2,3.2,80.8,3,4
1873,11792,MOBILE,35-44,Nice,2026-06-01,2026-06-17,Actif,1,Épargnants peu actifs,3,3,1,1,0,2,3483.12,181.88,2,0
1874,11793,WEB,35-44,Toulouse,2026-06-01,2026-06-19,Jamais alimenté,3,Hors segmentation,7,,0,0,0,8,0.0,0.0,0,0
1875,11794,WEB,35-44,Paris,2026-06-01,2026-06-22,Actif,1,Occasionnels,4,1,1,1,0,7,395.0,0.0,0,0
1876,11795,WEB,35-44,Marseille,2026-06-01,2026-06-21,Actif,1,Occasionnels,4,0,1,1,0,3,49.64,39.36,1,0
1877,11796,MOBILE,35-44,Marseille,2026-06-01,2026-06-13,Actif,1,Occasionnels,4,1,1,1,0,12,159.64,57.36,2,0
1878,11797,WEB,55+,Lille,2026-06-01,2026-06-17,Actif,1,Occasionnels,4,1,1,1,0,3,6.59,74.41,4,3
1879,11798,MOBILE,Inconnu,Lille,2026-06-01,2026-06-29,Jamais alimenté,3,Hors segmentation,7,,0,0,0,,0.0,0.0,0,0
1880,11799,WEB,35-44,Strasbourg,2026-06-01,2026-06-03,Actif,1,Occasionnels,4,6,1,1,0,6,220.8,27.2,1,0
1881,11800,MOBILE,Inconnu,Paris,2026-06-01,2026-06-11,Actif,1,Occasionnels,4,0,1,1,0,1,11.93,103.07,5,9
