Id compte,Mois,Client actif,Opérations client,Paiements carte,Paiements refusés,Dépenses carte,Dépôts
58,2025-01-01,1,42,13,0,389.06,2704.94
20,2025-01-01,1,4,0,0,0.0,0.0
35,2025-01-01,1,2,0,0,0.0,0.0
66,2025-01-01,1,18,4,1,75.45,800.0
73,2025-01-01,1,13,3,0,62.67,783.0
41,2025-01-01,1,4,0,0,0.0,0.0
44,2025-01-01,1,7,0,0,0.0,204.0
24,2025-01-01,1,5,1,0,6.69,686.0
61,2025-01-01,1,11,1,0,21.92,59.0
52,2025-01-01,1,4,2,0,37.83,39.0
71,2025-01-01,1,11,5,3,101.93,94.0
32,2025-01-01,1,16,2,9,53.84,152.0
56,2025-01-01,1,20,1,0,19.29,5193.0
23,2025-01-01,0,0,0,0,0.0,0.0
6,2025-01-01,1,16,3,0,107.04,113.0
62,2025-01-01,1,19,9,0,414.15,322.0
34,2025-01-01,1,17,5,0,102.9,203.0
10,2025-01-01,1,13,2,0,31.67,215.0
9,2025-01-01,1,24,6,3,160.49,137.0
49,2025-01-01,0,0,0,0,0.0,0.0
39,2025-01-01,1,11,5,0,82.18,204.0
13,2025-01-01,1,18,7,8,274.65,303.0
38,2025-01-01,1,14,6,0,344.81,684.0
47,2025-01-01,1,10,4,0,132.88,225.0
37,2025-01-01,1,4,2,0,23.03,160.0
33,2025-01-01,1,3,1,1,35.62,71.0
75,2025-01-01,1,8,4,3,281.93,284.0
12,2025-01-01,1,14,8,2,266.49,326.0
46,2025-01-01,0,0,0,0,0.0,0.0
11,2025-01-01,1,8,6,2,185.64,219.0
4,2025-01-01,1,4,0,0,0.0,415.0
26,2025-01-01,1,4,0,0,0.0,0.0
72,2025-01-01,1,5,1,0,10.04,549.0
74,2025-01-01,1,3,1,0,85.87,50.0
21,2025-01-01,1,15,5,3,159.08,336.0
65,2025-01-01,1,8,2,1,86.56,219.0
69,2025-01-01,1,2,0,0,0.0,0.0
29,2025-01-01,1,7,1,1,18.14,82.0
7,2025-01-01,1,6,2,1,78.3,124.0
63,2025-01-01,1,3,1,0,6.81,78.0
43,2025-01-01,1,7,1,1,24.86,34.0
48,2025-01-01,1,13,0,0,0.0,528.0
14,2025-01-01,1,5,3,0,51.07,84.0
31,2025-01-01,1,7,3,0,110.18,330.0
64,2025-01-01,1,2,0,0,0.0,0.0
27,2025-01-01,0,0,0,0,0.0,0.0
3,2025-01-01,1,2,0,0,0.0,241.0
60,2025-01-01,1,2,0,0,0.0,270.0
25,2025-01-01,0,0,0,0,0.0,0.0
8,2025-01-01,1,6,2,0,93.46,171.0
40,2025-01-01,1,11,5,0,131.05,454.0
18,2025-01-01,1,5,3,0,110.25,119.0
68,2025-01-01,1,7,1,0,44.53,138.0
36,2025-01-01,1,6,1,0,36.27,293.0
59,2025-01-01,1,2,0,0,0.0,0.0
42,2025-01-01,0,0,0,0,0.0,0.0
54,2025-01-01,1,2,0,0,0.0,339.0
28,2025-01-01,1,5,3,0,80.01,117.0
19,2025-01-01,1,2,0,0,0.0,174.0
1,2025-01-01,1,2,0,0,0.0,440.0
50,2025-01-01,1,2,0,0,0.0,60.0
55,2025-01-01,1,2,0,0,0.0,81.0
67,2025-01-01,1,2,0,0,0.0,28.0
30,2025-01-01,1,6,1,0,27.87,182.0
17,2025-01-01,0,0,0,0,0.0,0.0
45,2025-01-01,1,3,1,0,7.87,130.0
22,2025-01-01,0,0,0,0,0.0,0.0
15,2025-01-01,0,0,0,0,0.0,0.0
70,2025-01-01,0,0,0,0,0.0,0.0
83,2025-02-01,1,17,2,7,41.93,65.0
18,2025-02-01,1,19,10,0,325.54,1631.54
31,2025-02-01,1,30,13,0,837.89,2600.85
13,2025-02-01,1,27,14,3,781.92,2207.98
6,2025-02-01,1,40,13,0,794.68,2752.07
12,2025-02-01,1,28,14,0,529.98,2599.52
66,2025-02-01,1,38,12,1,516.05,1617.68
9,2025-02-01,1,19,8,0,298.22,1494.38
32,2025-02-01,1,30,15,0,675.48,2444.12
62,2025-02-01,1,23,12,0,388.0,2203.82
28,2025-02-01,1,32,15,0,668.43,2151.78
48,2025-02-01,1,19,5,0,305.94,446.0
47,2025-02-01,1,38,16,6,490.54,1396.44
21,2025-02-01,1,25,14,0,574.85,2040.79
55,2025-02-01,1,11,2,0,57.59,213.0
8,2025-02-01,1,24,11,0,298.27,2306.52
114,2025-02-01,0,0,0,0,0.0,0.0
75,2025-02-01,1,38,11,2,359.6,2338.24
56,2025-02-01,1,8,4,0,183.91,0.0
68,2025-02-01,1,24,14,2,848.32,1732.64
36,2025-02-01,1,10,5,0,124.55,235.0
34,2025-02-01,1,39,24,2,851.11,1118.87
29,2025-02-01,1,14,6,1,190.17,163.0
127,2025-02-01,1,13,4,0,132.29,652.0
1,2025-02-01,1,20,2,0,100.84,4059.0
71,2025-02-01,1,20,11,1,308.35,2191.55
100,2025-02-01,1,5,1,1,15.64,94.0
58,2025-02-01,1,20,13,0,427.71,2607.79
93,2025-02-01,1,8,1,0,10.3,717.0
67,2025-02-01,1,23,12,1,569.14,2152.87
45,2025-02-01,1,16,8,0,224.01,1748.21
63,2025-02-01,1,29,16,0,750.14,2382.91
98,2025-02-01,1,7,2,5,12.69,13.0
129,2025-02-01,1,13,5,0,206.57,466.0
33,2025-02-01,1,11,4,0,110.25,259.0
44,2025-02-01,1,13,6,1,247.68,128.0
15,2025-02-01,1,13,3,8,54.73,75.0
40,2025-02-01,1,26,15,0,686.04,4330.27
11,2025-02-01,1,26,9,6,431.88,2095.82
54,2025-02-01,1,6,6,0,219.01,0.0
120,2025-02-01,1,27,10,1,302.13,649.0
73,2025-02-01,1,14,7,0,274.67,71.0
4,2025-02-01,1,15,4,0,116.75,2287.0
37,2025-02-01,1,7,7,0,275.69,0.0
70,2025-02-01,1,14,9,4,312.13,310.0
61,2025-02-01,1,15,5,1,192.14,392.0
60,2025-02-01,1,10,8,0,252.45,0.0
52,2025-02-01,1,6,1,0,37.85,74.0
117,2025-02-01,1,21,10,0,230.62,1879.0
123,2025-02-01,1,14,8,9,215.8,195.0
92,2025-02-01,1,10,4,0,69.17,28.0
38,2025-02-01,1,29,9,0,340.29,2680.54
7,2025-02-01,1,18,3,0,105.89,72.0
126,2025-02-01,1,12,6,0,232.29,190.0
50,2025-02-01,1,4,1,2,52.71,0.0
14,2025-02-01,1,9,4,5,81.52,46.0
24,2025-02-01,1,4,4,0,122.63,0.0
30,2025-02-01,1,7,3,2,120.48,0.0
87,2025-02-01,1,18,8,0,286.99,471.0
86,2025-02-01,1,12,3,0,46.4,639.0
22,2025-02-01,1,17,2,5,68.84,99.0
131,2025-02-01,0,0,0,0,0.0,0.0
72,2025-02-01,1,22,6,0,108.55,507.0
90,2025-02-01,1,18,4,0,429.62,125.0
74,2025-02-01,1,10,3,0,102.06,213.0
121,2025-02-01,1,9,2,0,44.36,672.0
128,2025-02-01,1,13,3,0,100.21,812.0
85,2025-02-01,1,10,4,0,229.14,308.0
43,2025-02-01,1,8,3,6,54.68,48.0
65,2025-02-01,1,8,3,0,95.91,67.0
118,2025-02-01,1,9,2,0,33.75,357.0
97,2025-02-01,1,9,0,0,0.0,695.0
42,2025-02-01,1,26,8,5,443.71,755.0
79,2025-02-01,1,13,8,1,234.24,326.0
119,2025-02-01,1,2,0,0,0.0,0.0
104,2025-02-01,1,9,4,8,75.29,77.0
39,2025-02-01,1,7,2,5,113.98,0.0
17,2025-02-01,1,7,0,0,0.0,3389.0
19,2025-02-01,1,12,3,1,77.2,1003.0
116,2025-02-01,1,2,0,0,0.0,411.0
94,2025-02-01,1,11,5,2,141.61,156.0
23,2025-02-01,1,9,0,0,0.0,2318.0
122,2025-02-01,1,2,0,0,0.0,0.0
88,2025-02-01,1,10,2,3,38.68,68.0
130,2025-02-01,0,0,0,0,0.0,0.0
76,2025-02-01,1,9,2,1,59.92,67.0
10,2025-02-01,1,16,5,0,124.95,112.0
112,2025-02-01,1,10,1,0,32.26,483.0
106,2025-02-01,0,0,0,0,0.0,0.0
110,2025-02-01,1,8,4,0,136.22,564.0
109,2025-02-01,1,8,2,0,31.84,100.0
113,2025-02-01,1,5,1,2,15.22,21.0
132,2025-02-01,1,4,0,0,0.0,385.0
115,2025-02-01,1,2,0,0,0.0,0.0
102,2025-02-01,1,14,6,0,305.07,698.0
77,2025-02-01,0,0,0,0,0.0,0.0
108,2025-02-01,1,11,3,0,61.81,96.0
111,2025-02-01,1,2,0,0,0.0,35.0
105,2025-02-01,1,6,4,0,159.89,258.0
82,2025-02-01,0,0,0,0,0.0,0.0
49,2025-02-01,1,2,0,0,0.0,0.0
124,2025-02-01,1,4,2,0,55.76,74.0
84,2025-02-01,1,2,0,0,0.0,1080.0
96,2025-02-01,1,5,1,0,106.66,232.0
78,2025-02-01,1,2,0,0,0.0,229.0
125,2025-02-01,1,2,0,0,0.0,85.0
134,2025-02-01,1,4,0,0,0.0,2486.0
107,2025-02-01,0,0,0,0,0.0,0.0
89,2025-02-01,1,2,0,0,0.0,395.0
81,2025-02-01,0,0,0,0,0.0,0.0
103,2025-02-01,0,0,0,0,0.0,0.0
80,2025-02-01,0,0,0,0,0.0,0.0
91,2025-02-01,0,0,0,0,0.0,0.0
160,2025-03-01,1,15,8,5,133.85,111.0
40,2025-03-01,1,32,15,0,815.13,4409.72
45,2025-03-01,1,34,10,0,588.46,1918.14
102,2025-03-01,1,31,22,0,755.84,2268.87
6,2025-03-01,1,30,14,4,442.24,2341.61
15,2025-03-01,1,28,12,0,325.52,2920.8
58,2025-03-01,1,23,14,0,896.71,2589.91
72,2025-03-01,1,23,8,0,336.72,311.0
13,2025-03-01,1,48,25,0,1496.84,2532.14
31,2025-03-01,1,32,12,0,415.2,2762.06
38,2025-03-01,1,30,16,0,665.61,2232.99
94,2025-03-01,1,43,19,0,763.81,2357.39
84,2025-03-01,1,18,7,0,465.77,90.0
61,2025-03-01,1,17,4,0,154.08,385.0
12,2025-03-01,1,31,16,0,447.75,2272.77
21,2025-03-01,1,21,10,0,538.06,2068.93
42,2025-03-01,1,31,15,0,404.69,3524.01
66,2025-03-01,1,28,17,0,648.2,1613.17
76,2025-03-01,1,22,13,0,568.02,2367.3
132,2025-03-01,1,23,14,0,660.71,1946.26
43,2025-03-01,1,4,0,6,0.0,0.0
71,2025-03-01,1,25,12,0,368.72,2253.8
97,2025-03-01,1,4,2,0,29.15,0.0
104,2025-03-01,1,41,26,2,806.2,2239.23
65,2025-03-01,1,12,3,0,42.19,64.0
85,2025-03-01,1,11,3,4,67.71,0.0
125,2025-03-01,1,22,3,0,68.75,2499.0
11,2025-03-01,1,30,11,3,374.12,2115.12
39,2025-03-01,1,19,7,4,103.07,598.0
22,2025-03-01,1,38,16,0,435.85,2757.89
129,2025-03-01,1,15,8,0,205.94,368.0
137,2025-03-01,1,9,4,0,143.92,277.0
120,2025-03-01,1,27,12,1,359.4,1234.38
28,2025-03-01,1,27,14,0,394.77,2261.67
62,2025-03-01,1,33,15,0,434.52,2180.1
111,2025-03-01,1,36,26,0,1069.49,1771.03
19,2025-03-01,1,12,8,0,476.86,0.0
32,2025-03-01,1,26,14,0,591.58,2559.4
103,2025-03-01,1,9,3,3,109.92,84.0
123,2025-03-01,1,25,14,3,559.37,2951.19
63,2025-03-01,1,24,13,0,658.1,2392.5
113,2025-03-01,1,18,6,4,209.24,205.0
56,2025-03-01,1,7,3,0,215.17,0.0
79,2025-03-01,1,20,15,2,498.81,1647.81
98,2025-03-01,1,27,13,3,530.85,3354.3
68,2025-03-01,1,27,12,0,388.78,1669.38
23,2025-03-01,1,4,2,0,65.86,0.0
178,2025-03-01,1,17,6,11,194.39,229.0
134,2025-03-01,1,13,4,0,189.18,2507.0
121,2025-03-01,1,21,5,0,103.89,805.0
126,2025-03-01,1,25,13,2,443.74,1948.68
158,2025-03-01,1,9,4,4,134.98,139.0
1,2025-03-01,1,12,2,0,39.09,0.0
50,2025-03-01,1,14,9,0,313.83,86.0
34,2025-03-01,1,34,13,2,540.16,1147.38
44,2025-03-01,1,15,2,5,48.05,259.0
117,2025-03-01,1,40,17,0,747.8,2087.31
179,2025-03-01,1,24,13,0,455.39,2874.3
9,2025-03-01,1,39,19,0,640.31,1650.84
75,2025-03-01,1,20,11,0,1020.01,2336.99
8,2025-03-01,1,23,10,0,401.79,2334.34
105,2025-03-01,1,29,15,0,435.52,2044.15
166,2025-03-01,1,5,3,0,70.13,807.0
60,2025-03-01,1,7,4,5,168.88,0.0
37,2025-03-01,1,20,6,0,205.41,589.0
36,2025-03-01,1,24,5,0,87.94,1285.0
90,2025-03-01,1,16,6,0,500.9,380.0
83,2025-03-01,1,31,11,3,369.93,3114.41
96,2025-03-01,1,25,5,0,254.68,1986.0
195,2025-03-01,1,6,0,0,0.0,1744.0
172,2025-03-01,1,11,3,0,109.96,516.0
152,2025-03-01,1,14,5,16,137.97,148.0
74,2025-03-01,1,11,8,0,140.94,30.0
109,2025-03-01,1,8,3,5,34.75,99.0
108,2025-03-01,1,30,21,0,585.03,1946.7
124,2025-03-01,1,20,11,1,432.06,2750.18
183,2025-03-01,1,2,0,0,0.0,0.0
47,2025-03-01,1,34,9,8,1155.21,1522.39
67,2025-03-01,1,37,18,2,727.06,2159.04
107,2025-03-01,1,13,3,17,43.83,53.0
146,2025-03-01,1,11,3,0,62.4,99.0
18,2025-03-01,1,12,6,0,228.64,1817.06
87,2025-03-01,1,36,17,0,636.23,1278.22
70,2025-03-01,1,22,11,0,316.81,2006.1
88,2025-03-01,1,28,15,1,522.14,2013.78
80,2025-03-01,1,12,4,0,192.66,274.0
24,2025-03-01,1,15,2,0,99.1,4158.0
86,2025-03-01,1,20,7,0,293.23,89.0
100,2025-03-01,1,14,7,0,173.29,355.0
176,2025-03-01,0,0,0,0,0.0,0.0
110,2025-03-01,1,16,7,0,279.4,517.0
30,2025-03-01,1,12,5,0,66.64,79.0
112,2025-03-01,1,22,8,1,559.47,249.0
165,2025-03-01,1,10,2,0,174.52,2270.0
118,2025-03-01,1,9,4,0,142.75,43.0
48,2025-03-01,1,5,5,0,82.9,0.0
156,2025-03-01,1,21,3,1,85.41,568.0
127,2025-03-01,1,11,7,0,221.0,0.0
153,2025-03-01,1,15,6,0,337.44,626.0
93,2025-03-01,1,17,5,0,93.27,0.0
92,2025-03-01,1,14,5,0,129.03,59.0
14,2025-03-01,1,4,2,0,59.26,0.0
81,2025-03-01,1,25,11,8,258.06,283.0
144,2025-03-01,1,11,2,2,72.66,255.0
193,2025-03-01,1,10,1,0,21.82,171.0
33,2025-03-01,1,1,1,0,26.63,0.0
200,2025-03-01,1,19,5,3,143.25,97.0
147,2025-03-01,1,12,2,0,82.9,4557.0
168,2025-03-01,1,23,5,0,324.96,887.0
162,2025-03-01,1,13,4,0,337.89,632.0
78,2025-03-01,1,4,4,0,77.7,0.0
171,2025-03-01,1,10,2,1,62.31,85.0
157,2025-03-01,1,11,1,0,24.84,110.0
202,2025-03-01,1,18,6,8,134.4,135.0
89,2025-03-01,1,14,4,0,107.75,1145.0
154,2025-03-01,1,6,1,0,20.72,446.0
164,2025-03-01,0,0,0,0,0.0,0.0
203,2025-03-01,1,7,3,0,80.47,171.0
138,2025-03-01,1,4,0,0,0.0,0.0
10,2025-03-01,1,24,4,0,105.97,940.0
55,2025-03-01,1,11,6,0,174.62,240.0
29,2025-03-01,1,21,8,0,410.71,483.0
17,2025-03-01,1,7,1,0,62.45,0.0
141,2025-03-01,1,23,5,5,164.18,197.0
174,2025-03-01,1,9,5,0,216.99,332.0
136,2025-03-01,1,8,4,1,196.5,250.0
131,2025-03-01,1,13,5,1,180.71,278.0
4,2025-03-01,1,14,4,0,485.27,200.0
191,2025-03-01,0,0,0,0,0.0,0.0
73,2025-03-01,1,6,3,0,184.66,134.0
150,2025-03-01,1,8,0,0,0.0,3198.0
54,2025-03-01,1,9,5,2,118.58,0.0
177,2025-03-01,1,12,6,0,128.27,242.0
145,2025-03-01,1,35,19,0,678.76,958.0
181,2025-03-01,1,2,0,0,0.0,0.0
184,2025-03-01,1,15,7,1,167.47,178.0
187,2025-03-01,1,7,3,7,88.91,95.0
82,2025-03-01,1,5,3,5,64.65,71.0
116,2025-03-01,1,2,2,0,78.2,0.0
91,2025-03-01,1,4,0,0,0.0,0.0
151,2025-03-01,1,10,4,0,140.52,152.0
167,2025-03-01,1,12,6,0,185.91,212.0
148,2025-03-01,1,8,1,0,43.11,259.0
130,2025-03-01,1,6,0,2,0.0,23.0
175,2025-03-01,1,12,4,0,184.72,783.0
192,2025-03-01,1,8,1,0,178.69,4154.0
170,2025-03-01,1,12,2,3,39.34,109.0
159,2025-03-01,1,11,9,1,204.92,236.0
173,2025-03-01,1,5,3,0,61.15,93.0
143,2025-03-01,1,7,2,1,68.27,193.0
140,2025-03-01,1,6,0,0,0.0,133.0
139,2025-03-01,1,2,0,0,0.0,399.0
201,2025-03-01,1,5,0,0,0.0,3824.0
182,2025-03-01,1,4,0,0,0.0,0.0
135,2025-03-01,1,2,0,0,0.0,303.0
198,2025-03-01,1,2,0,0,0.0,135.0
155,2025-03-01,1,3,1,0,4.72,129.0
196,2025-03-01,0,0,0,0,0.0,0.0
186,2025-03-01,1,2,0,0,0.0,0.0
122,2025-03-01,1,2,0,0,0.0,0.0
142,2025-03-01,1,2,0,0,0.0,374.0
185,2025-03-01,0,0,0,0,0.0,0.0
190,2025-03-01,0,0,0,0,0.0,0.0
169,2025-03-01,1,2,0,0,0.0,97.0
188,2025-03-01,1,2,0,0,0.0,200.0
161,2025-03-01,1,5,3,0,111.97,118.0
189,2025-03-01,0,0,0,0,0.0,0.0
180,2025-03-01,0,0,0,0,0.0,0.0
199,2025-03-01,0,0,0,0,0.0,0.0
197,2025-03-01,1,2,0,0,0.0,22.0
194,2025-03-01,0,0,0,0,0.0,0.0
107,2025-04-01,1,32,18,2,522.01,1438.18
8,2025-04-01,1,37,10,0,359.09,2349.23
68,2025-04-01,1,34,19,0,1452.14,1715.64
87,2025-04-01,1,46,30,0,1238.12,1653.0
102,2025-04-01,1,22,15,0,682.73,2264.11
111,2025-04-01,1,27,14,0,385.41,1728.44
126,2025-04-01,1,25,13,0,488.25,1921.5
11,2025-04-01,1,30,13,0,405.61,2101.63
47,2025-04-01,1,23,12,3,319.15,1348.77
58,2025-04-01,1,34,15,0,530.18,2646.37
155,2025-04-01,1,32,21,1,838.89,2275.06
90,2025-04-01,1,19,12,1,827.25,128.0
61,2025-04-01,1,13,2,0,92.72,279.0
75,2025-04-01,1,25,16,0,657.75,2343.61
12,2025-04-01,1,39,23,0,1127.52,2283.34
31,2025-04-01,1,32,14,0,642.43,2705.78
42,2025-04-01,1,27,18,0,722.01,3447.51
76,2025-04-01,1,33,22,0,776.29,2441.35
190,2025-04-01,1,19,8,0,334.3,908.0
173,2025-04-01,1,22,4,2,442.59,192.0
15,2025-04-01,1,39,20,0,785.19,2416.86
18,2025-04-01,1,33,12,6,350.13,1712.19
40,2025-04-01,1,26,19,0,917.43,4307.02
160,2025-04-01,1,30,17,0,603.0,2801.27
158,2025-04-01,1,18,7,2,361.43,2003.96
117,2025-04-01,1,28,19,0,589.47,2089.2
105,2025-04-01,1,18,13,0,473.09,1895.57
98,2025-04-01,1,42,21,0,718.62,3006.3
86,2025-04-01,1,17,5,0,220.21,674.0
255,2025-04-01,1,18,3,0,95.69,757.0
108,2025-04-01,1,18,11,0,416.55,1903.35
78,2025-04-01,1,14,7,0,232.38,89.0
168,2025-04-01,1,17,7,1,202.05,0.0
110,2025-04-01,1,29,7,0,134.02,601.0
55,2025-04-01,1,19,8,0,562.4,153.0
38,2025-04-01,1,24,15,0,675.11,2088.9
249,2025-04-01,1,28,4,0,86.26,819.0
156,2025-04-01,1,21,12,2,415.82,301.0
6,2025-04-01,1,30,19,1,1397.83,2266.09
104,2025-04-01,1,36,20,0,832.28,2517.05
118,2025-04-01,1,9,5,4,134.2,0.0
144,2025-04-01,1,10,5,0,167.9,84.0
175,2025-04-01,1,32,18,0,891.38,2650.9
88,2025-04-01,1,34,18,0,648.2,2002.82
63,2025-04-01,1,36,18,0,705.21,2365.69
170,2025-04-01,1,33,11,1,385.74,1998.24
92,2025-04-01,1,16,3,3,51.39,35.0
161,2025-04-01,1,28,12,0,347.18,2589.82
43,2025-04-01,1,8,1,4,50.13,439.0
93,2025-04-01,1,12,6,0,183.54,0.0
146,2025-04-01,1,13,2,2,25.19,29.0
131,2025-04-01,1,12,1,2,28.86,69.0
200,2025-04-01,1,20,11,2,303.14,2010.36
71,2025-04-01,1,24,13,0,406.04,2172.27
30,2025-04-01,1,15,5,0,178.36,540.0
79,2025-04-01,1,34,17,0,708.81,1639.92
34,2025-04-01,1,39,14,0,621.33,1142.68
159,2025-04-01,1,31,18,0,677.2,1843.22
24,2025-04-01,1,17,3,0,165.5,2126.0
193,2025-04-01,1,10,3,0,90.17,262.0
62,2025-04-01,1,40,25,0,1264.22,2149.1
178,2025-04-01,1,26,11,2,429.36,2609.9
23,2025-04-01,1,10,4,0,169.87,0.0
217,2025-04-01,1,30,12,4,344.48,611.0
212,2025-04-01,1,16,5,9,148.81,154.0
97,2025-04-01,1,13,5,1,570.19,1928.0
13,2025-04-01,1,33,20,0,473.26,2285.9
136,2025-04-01,1,33,15,0,675.07,2019.75
167,2025-04-01,1,31,18,0,1139.02,2275.78
179,2025-04-01,1,33,18,0,581.38,2145.44
67,2025-04-01,1,29,24,0,726.78,2230.12
141,2025-04-01,1,23,10,0,259.67,1367.21
188,2025-04-01,1,29,16,0,565.05,1818.42
66,2025-04-01,1,32,17,0,585.79,1571.64
81,2025-04-01,1,24,15,0,431.24,2194.28
73,2025-04-01,1,15,3,0,133.78,625.0
124,2025-04-01,1,30,17,0,1051.46,2901.4
121,2025-04-01,1,16,8,0,206.58,0.0
187,2025-04-01,1,35,15,1,659.21,3174.47
123,2025-04-01,1,32,19,0,919.65,3003.71
184,2025-04-01,1,24,12,0,626.73,2298.36
252,2025-04-01,1,11,0,0,0.0,788.0
143,2025-04-01,1,23,7,0,319.6,2125.48
44,2025-04-01,1,12,8,3,195.35,0.0
29,2025-04-01,1,16,8,0,182.42,0.0
153,2025-04-01,1,12,8,4,212.41,0.0
116,2025-04-01,1,10,1,0,28.36,1027.0
9,2025-04-01,1,22,9,0,303.31,1421.98
226,2025-04-01,1,4,0,0,0.0,0.0
154,2025-04-01,1,8,5,0,134.03,0.0
127,2025-04-01,1,9,4,2,132.26,389.0
80,2025-04-01,1,17,6,0,151.93,448.0
134,2025-04-01,1,12,5,0,148.95,1296.0
83,2025-04-01,1,29,22,0,904.81,2895.14
84,2025-04-01,1,17,8,0,315.63,0.0
140,2025-04-01,1,10,2,1,47.55,0.0
132,2025-04-01,1,36,16,0,542.43,2086.93
152,2025-04-01,1,32,15,1,925.48,3648.77
120,2025-04-01,1,36,16,1,688.86,1241.4
54,2025-04-01,1,15,5,3,150.73,163.0
21,2025-04-01,1,22,15,0,406.66,2010.0
22,2025-04-01,1,29,20,0,875.87,2490.27
202,2025-04-01,1,28,13,3,533.83,2386.24
203,2025-04-01,1,14,3,1,84.11,224.0
50,2025-04-01,1,11,3,0,57.33,0.0
165,2025-04-01,1,12,4,0,124.49,0.0
28,2025-04-01,1,28,17,0,748.09,2247.85
32,2025-04-01,1,35,19,0,1130.24,2862.82
94,2025-04-01,1,39,21,0,732.67,2370.62
70,2025-04-01,1,39,17,2,761.78,2086.61
139,2025-04-01,1,16,3,0,185.41,1417.0
196,2025-04-01,1,12,2,0,112.64,850.0
82,2025-04-01,1,29,8,7,219.26,1642.31
145,2025-04-01,1,26,9,0,236.06,2108.34
130,2025-04-01,1,14,2,3,26.23,397.0
162,2025-04-01,1,16,7,1,259.98,260.0
112,2025-04-01,1,16,8,0,269.14,306.0
60,2025-04-01,1,16,3,0,26.43,639.0
36,2025-04-01,1,7,4,0,72.27,388.0
113,2025-04-01,1,17,3,2,142.65,373.0
100,2025-04-01,1,11,5,0,131.96,0.0
89,2025-04-01,1,11,5,0,145.1,0.0
48,2025-04-01,1,9,7,0,271.38,0.0
157,2025-04-01,1,18,5,0,177.51,2733.0
150,2025-04-01,1,9,2,0,114.96,818.0
45,2025-04-01,1,29,18,0,583.41,1631.56
151,2025-04-01,1,36,14,0,449.66,2029.13
174,2025-04-01,1,31,16,0,912.98,2633.42
72,2025-04-01,1,17,8,1,277.89,237.0
262,2025-04-01,1,25,10,5,385.04,528.0
103,2025-04-01,1,6,6,2,259.21,0.0
147,2025-04-01,1,12,3,0,172.91,3050.0
148,2025-04-01,1,8,5,0,124.49,252.0
56,2025-04-01,1,21,5,0,329.54,14163.0
198,2025-04-01,1,6,2,0,43.13,0.0
171,2025-04-01,1,7,3,3,43.17,0.0
1,2025-04-01,1,16,4,0,140.26,0.0
177,2025-04-01,1,12,3,1,60.93,225.0
85,2025-04-01,1,8,5,0,199.4,87.0
201,2025-04-01,1,7,5,0,246.69,0.0
17,2025-04-01,1,12,2,0,43.28,1501.0
263,2025-04-01,1,24,8,4,180.81,659.0
19,2025-04-01,1,9,6,0,199.94,262.0
199,2025-04-01,1,14,5,1,161.33,743.0
189,2025-04-01,1,18,3,11,53.89,117.0
137,2025-04-01,1,16,5,0,119.66,54.0
169,2025-04-01,1,18,3,0,201.74,680.0
230,2025-04-01,1,16,9,1,419.71,581.0
95,2025-04-01,1,9,1,0,15.98,2311.0
172,2025-04-01,1,3,3,0,78.11,0.0
109,2025-04-01,1,3,1,0,54.46,0.0
37,2025-04-01,1,15,5,0,165.53,240.0
125,2025-04-01,1,15,8,0,248.35,319.0
213,2025-04-01,1,8,2,2,99.79,204.0
195,2025-04-01,1,8,2,0,120.37,0.0
10,2025-04-01,1,12,2,0,98.91,0.0
215,2025-04-01,1,14,4,0,88.04,240.0
234,2025-04-01,1,5,3,1,71.6,73.0
197,2025-04-01,1,3,1,3,7.03,0.0
186,2025-04-01,1,2,0,0,0.0,0.0
192,2025-04-01,1,9,4,0,122.23,2476.0
218,2025-04-01,1,10,3,7,66.57,427.0
166,2025-04-01,1,11,3,0,87.47,208.0
233,2025-04-01,1,4,2,0,51.97,91.0
4,2025-04-01,1,11,1,0,16.65,508.0
142,2025-04-01,1,10,6,1,157.97,0.0
271,2025-04-01,1,22,7,11,232.64,289.0
39,2025-04-01,1,3,1,0,19.3,0.0
270,2025-04-01,1,2,0,0,0.0,0.0
245,2025-04-01,1,14,2,0,74.89,436.0
216,2025-04-01,1,5,1,3,89.63,94.0
261,2025-04-01,1,13,5,0,126.13,519.0
220,2025-04-01,1,17,3,0,120.0,591.0
208,2025-04-01,0,0,0,0,0.0,0.0
129,2025-04-01,1,15,5,1,216.37,247.0
207,2025-04-01,1,4,0,0,0.0,0.0
180,2025-04-01,1,9,2,6,115.85,207.0
241,2025-04-01,1,7,3,7,81.53,98.0
246,2025-04-01,1,6,4,0,192.29,661.0
276,2025-04-01,1,17,11,4,460.38,110.0
229,2025-04-01,0,0,0,0,0.0,0.0
135,2025-04-01,1,18,5,1,103.59,608.0
194,2025-04-01,1,11,4,9,188.39,131.0
99,2025-04-01,1,10,0,0,0.0,2282.0
236,2025-04-01,1,7,3,1,98.38,197.0
214,2025-04-01,1,10,1,0,11.83,5913.0
223,2025-04-01,1,7,1,0,32.94,180.0
14,2025-04-01,1,16,6,0,348.25,0.0
254,2025-04-01,0,0,0,0,0.0,0.0
205,2025-04-01,1,13,1,0,34.79,802.0
181,2025-04-01,1,2,0,0,0.0,0.0
204,2025-04-01,0,0,0,0,0.0,0.0
65,2025-04-01,1,7,3,0,49.91,0.0
265,2025-04-01,1,12,6,1,134.55,187.0
227,2025-04-01,1,11,7,2,195.51,258.0
256,2025-04-01,1,5,1,0,6.72,118.0
51,2025-04-01,1,4,2,0,101.88,3036.0
247,2025-04-01,1,7,3,0,39.59,56.0
225,2025-04-01,1,4,0,0,0.0,174.0
274,2025-04-01,1,4,2,5,17.74,32.0
238,2025-04-01,1,14,2,0,62.16,576.0
235,2025-04-01,1,7,1,0,9.47,3328.0
264,2025-04-01,1,14,1,0,13.65,252.0
273,2025-04-01,1,4,0,0,0.0,3232.0
209,2025-04-01,1,3,1,0,28.36,69.0
232,2025-04-01,1,10,2,0,60.47,209.0
222,2025-04-01,1,2,0,0,0.0,614.0
251,2025-04-01,1,2,0,0,0.0,178.0
258,2025-04-01,1,5,1,0,43.13,208.0
240,2025-04-01,0,0,0,0,0.0,0.0
257,2025-04-01,1,9,0,0,0.0,577.0
228,2025-04-01,1,4,2,0,48.74,252.0
275,2025-04-01,1,5,3,0,138.19,157.0
237,2025-04-01,0,0,0,0,0.0,0.0
224,2025-04-01,0,0,0,0,0.0,0.0
211,2025-04-01,0,0,0,0,0.0,0.0
253,2025-04-01,1,2,0,0,0.0,122.0
210,2025-04-01,0,0,0,0,0.0,0.0
231,2025-04-01,1,2,0,0,0.0,0.0
244,2025-04-01,1,2,0,0,0.0,0.0
206,2025-04-01,1,2,0,0,0.0,137.0
269,2025-04-01,1,2,0,0,0.0,841.0
7,2025-04-01,1,4,0,0,0.0,0.0
242,2025-04-01,1,6,2,0,43.27,217.0
259,2025-04-01,1,4,2,0,61.29,166.0
250,2025-04-01,0,0,0,0,0.0,0.0
221,2025-04-01,0,0,0,0,0.0,0.0
219,2025-04-01,0,0,0,0,0.0,0.0
266,2025-04-01,0,0,0,0,0.0,0.0
239,2025-04-01,0,0,0,0,0.0,0.0
272,2025-04-01,0,0,0,0,0.0,0.0
267,2025-04-01,0,0,0,0,0.0,0.0
260,2025-04-01,0,0,0,0,0.0,0.0
243,2025-04-01,0,0,0,0,0.0,0.0
224,2025-05-01,1,14,3,4,58.23,373.0
266,2025-05-01,1,29,9,7,350.03,2172.61
94,2025-05-01,1,29,15,0,497.93,2323.8
102,2025-05-01,1,25,12,0,338.94,2162.16
123,2025-05-01,1,23,16,0,408.26,2999.48
152,2025-05-01,1,31,18,0,512.04,3645.88
161,2025-05-01,1,35,18,0,502.5,2554.91
212,2025-05-01,1,25,9,0,348.03,2153.78
263,2025-05-01,1,30,15,1,832.86,3317.07
156,2025-05-01,1,6,1,2,12.31,53.0
11,2025-05-01,1,41,16,0,483.44,2960.92
18,2025-05-01,1,27,14,0,560.13,1662.39
67,2025-05-01,1,32,17,0,738.98,2114.17
107,2025-05-01,1,39,18,3,383.86,1402.35
274,2025-05-01,1,17,10,0,289.73,3527.38
247,2025-05-01,1,14,4,1,57.61,177.0
6,2025-05-01,1,39,22,0,687.92,2264.15
9,2025-05-01,1,25,10,0,339.72,1455.54
141,2025-05-01,1,28,11,0,391.4,1395.21
167,2025-05-01,1,23,16,0,498.39,2282.6
117,2025-05-01,1,24,19,0,588.63,2025.61
81,2025-05-01,1,25,13,5,597.81,2181.54
132,2025-05-01,1,28,13,0,367.42,1997.0
145,2025-05-01,1,40,19,0,927.34,2104.97
22,2025-05-01,1,23,12,0,595.78,2562.63
38,2025-05-01,1,35,14,0,626.9,2087.95
71,2025-05-01,1,31,14,0,1141.24,2293.76
105,2025-05-01,1,34,23,0,914.23,1952.43
124,2025-05-01,1,33,18,0,760.83,2666.67
178,2025-05-01,1,46,20,2,1323.12,2664.92
251,2025-05-01,1,27,14,3,694.18,1816.59
258,2025-05-01,1,18,7,0,177.71,145.0
120,2025-05-01,1,28,21,1,966.97,1233.74
272,2025-05-01,1,38,12,0,429.75,2065.81
15,2025-05-01,1,27,14,0,572.99,2758.72
62,2025-05-01,1,34,17,0,630.3,2189.25
146,2025-05-01,1,18,10,0,422.61,162.0
275,2025-05-01,1,16,3,0,317.72,624.0
30,2025-05-01,1,22,9,0,275.95,251.0
79,2025-05-01,1,37,25,0,1297.3,1628.29
82,2025-05-01,1,24,14,2,433.53,1701.79
104,2025-05-01,1,40,19,0,601.36,2288.77
166,2025-05-01,1,13,6,0,132.78,46.0
261,2025-05-01,1,12,6,0,172.93,0.0
220,2025-05-01,1,14,6,0,402.51,0.0
177,2025-05-01,1,15,5,0,103.04,448.0
223,2025-05-01,1,24,8,0,250.17,700.0
29,2025-05-01,1,9,3,0,120.98,0.0
83,2025-05-01,1,39,14,0,746.08,2886.19
276,2025-05-01,1,36,15,0,536.55,2374.04
42,2025-05-01,1,33,14,0,695.37,3377.48
34,2025-05-01,1,38,17,3,793.1,1145.97
98,2025-05-01,1,38,24,0,1204.23,3691.23
118,2025-05-01,1,7,0,7,0.0,0.0
93,2025-05-01,1,19,6,0,164.17,134.0
144,2025-05-01,1,4,2,0,41.15,0.0
241,2025-05-01,1,33,15,2,445.76,1931.44
54,2025-05-01,1,7,1,11,18.27,280.0
172,2025-05-01,1,13,9,0,195.06,0.0
8,2025-05-01,1,25,16,0,568.33,2368.52
228,2025-05-01,1,19,4,1,145.41,730.0
253,2025-05-01,1,11,3,0,93.2,223.0
242,2025-05-01,1,39,16,1,561.14,2247.95
194,2025-05-01,1,28,15,2,671.94,2394.88
206,2025-05-01,1,8,4,8,122.2,0.0
56,2025-05-01,1,8,1,0,93.31,3510.0
158,2025-05-01,1,32,15,0,600.3,1993.17
200,2025-05-01,1,22,11,0,298.19,2073.54
61,2025-05-01,1,12,1,0,26.14,139.0
265,2025-05-01,1,33,17,0,638.39,1854.74
193,2025-05-01,1,14,4,3,117.45,0.0
269,2025-05-01,1,7,3,0,607.86,0.0
84,2025-05-01,1,7,5,0,160.47,0.0
154,2025-05-01,1,13,3,0,73.58,275.0
209,2025-05-01,1,38,24,0,890.92,1915.47
58,2025-05-01,1,26,15,0,849.56,2600.16
259,2025-05-01,1,12,10,0,334.8,0.0
60,2025-05-01,1,9,4,2,140.25,0.0
159,2025-05-01,1,38,13,5,435.85,1815.61
40,2025-05-01,1,25,13,0,272.88,4328.76
236,2025-05-01,1,7,2,4,125.17,48.0
65,2025-05-01,1,18,7,0,249.48,138.0
10,2025-05-01,1,16,6,0,173.74,861.0
72,2025-05-01,1,17,5,1,136.68,421.0
130,2025-05-01,1,18,11,0,257.63,120.0
151,2025-05-01,1,30,14,0,638.71,2076.35
255,2025-05-01,1,15,5,0,156.26,225.0
217,2025-05-01,1,30,10,1,396.34,3221.63
168,2025-05-01,1,11,1,5,14.1,0.0
70,2025-05-01,1,27,12,1,318.63,1971.63
192,2025-05-01,1,12,3,0,134.32,511.0
250,2025-05-01,1,15,3,3,314.43,627.0
297,2025-05-01,1,15,1,0,226.16,3937.0
291,2025-05-01,1,37,15,0,733.25,2405.65
239,2025-05-01,1,26,19,0,738.22,2276.8
13,2025-05-01,1,27,14,0,449.78,2231.0
45,2025-05-01,1,29,18,0,509.79,1643.27
108,2025-05-01,1,26,7,2,236.84,1897.63
143,2025-05-01,1,24,17,0,758.58,2098.42
271,2025-05-01,1,31,18,1,756.36,1737.9
187,2025-05-01,1,25,11,0,397.98,2626.2
47,2025-05-01,1,26,15,0,434.81,1388.63
170,2025-05-01,1,49,24,3,1014.47,1858.53
246,2025-05-01,1,8,4,0,156.53,0.0
21,2025-05-01,1,28,10,0,340.75,2197.97
31,2025-05-01,1,26,15,0,376.84,2525.32
32,2025-05-01,1,29,20,0,819.7,2395.03
230,2025-05-01,1,30,10,0,439.88,3190.1
1,2025-05-01,1,10,3,0,278.03,1636.0
75,2025-05-01,1,24,11,0,466.94,2310.85
126,2025-05-01,1,22,15,0,772.32,1806.15
180,2025-05-01,1,27,12,0,441.83,2809.93
173,2025-05-01,1,12,5,0,192.31,110.0
175,2025-05-01,1,31,18,0,590.14,2663.88
190,2025-05-01,1,22,6,0,179.91,64.0
256,2025-05-01,1,23,4,0,114.82,717.0
155,2025-05-01,1,22,9,1,634.12,2317.52
249,2025-05-01,1,15,5,0,382.35,273.0
17,2025-05-01,1,12,3,0,84.59,288.0
174,2025-05-01,1,29,15,0,899.71,2773.64
78,2025-05-01,1,11,4,0,93.6,393.0
171,2025-05-01,1,8,1,1,14.85,122.0
125,2025-05-01,1,16,5,0,103.83,364.0
325,2025-05-01,1,4,0,0,0.0,0.0
245,2025-05-01,1,10,4,0,208.49,0.0
222,2025-05-01,1,17,5,0,256.97,0.0
188,2025-05-01,1,33,22,0,872.15,1809.39
309,2025-05-01,1,10,2,0,70.85,1758.0
103,2025-05-01,1,17,4,0,123.85,425.0
160,2025-05-01,1,35,18,0,779.24,2796.38
179,2025-05-01,1,24,12,0,612.49,2136.56
329,2025-05-01,1,6,0,0,0.0,786.0
257,2025-05-01,1,12,9,0,415.98,827.0
87,2025-05-01,1,22,15,0,469.61,1276.62
50,2025-05-01,1,22,7,0,228.78,316.0
232,2025-05-01,1,32,18,4,785.4,1755.89
197,2025-05-01,1,16,2,1,68.08,790.0
214,2025-05-01,1,13,4,0,129.4,1077.0
121,2025-05-01,1,16,4,0,151.09,403.0
66,2025-05-01,1,29,12,0,560.17,1631.42
287,2025-05-01,1,17,4,13,91.94,112.0
76,2025-05-01,1,31,16,0,574.74,2379.14
189,2025-05-01,1,32,11,1,339.21,1687.39
68,2025-05-01,1,26,13,2,644.47,1666.89
88,2025-05-01,1,20,11,0,613.94,1984.38
136,2025-05-01,1,32,15,0,503.48,1702.53
366,2025-05-01,1,19,5,0,186.05,694.0
184,2025-05-01,1,22,11,0,386.49,2226.58
202,2025-05-01,1,23,9,0,411.25,2402.41
23,2025-05-01,1,11,3,0,214.94,2798.0
137,2025-05-01,1,5,1,0,28.17,0.0
86,2025-05-01,1,13,2,0,24.32,151.0
55,2025-05-01,1,16,6,0,164.93,0.0
63,2025-05-01,1,32,21,0,941.41,2294.5
225,2025-05-01,1,14,5,0,111.27,1605.0
90,2025-05-01,1,19,7,0,443.7,431.0
112,2025-05-01,1,10,6,0,147.97,0.0
252,2025-05-01,1,17,3,0,112.95,207.0
100,2025-05-01,1,18,6,0,145.59,797.0
227,2025-05-01,1,30,12,0,755.21,1719.01
127,2025-05-01,1,15,6,0,223.91,452.0
244,2025-05-01,1,2,0,0,0.0,0.0
267,2025-05-01,1,22,8,4,253.07,356.0
73,2025-05-01,1,14,9,0,258.15,89.0
92,2025-05-01,1,15,4,1,63.81,153.0
169,2025-05-01,1,15,5,0,139.65,458.0
28,2025-05-01,1,36,17,0,451.4,2159.19
12,2025-05-01,1,39,16,0,704.43,2848.51
43,2025-05-01,1,16,6,0,564.38,412.0
148,2025-05-01,1,20,7,0,238.29,989.0
4,2025-05-01,1,11,5,0,281.49,0.0
147,2025-05-01,1,13,2,0,50.7,703.0
330,2025-05-01,1,11,7,0,262.88,214.0
282,2025-05-01,1,16,3,4,45.87,323.0
262,2025-05-01,1,30,13,0,410.62,1917.21
243,2025-05-01,1,2,0,0,0.0,0.0
326,2025-05-01,1,13,4,1,165.93,260.0
157,2025-05-01,1,10,5,0,200.22,38.0
111,2025-05-01,1,28,9,0,397.44,1674.52
203,2025-05-01,1,9,6,0,616.54,0.0
113,2025-05-01,1,12,4,0,107.02,0.0
233,2025-05-01,1,11,5,3,79.71,114.0
44,2025-05-01,1,13,3,1,93.35,815.0
24,2025-05-01,1,6,1,0,65.81,396.0
110,2025-05-01,1,9,3,0,82.84,0.0
109,2025-05-01,1,3,2,0,161.74,0.0
116,2025-05-01,1,17,3,0,110.94,2954.0
260,2025-05-01,1,15,6,0,98.65,231.0
292,2025-05-01,1,15,5,3,115.36,152.0
198,2025-05-01,1,5,1,10,37.97,0.0
162,2025-05-01,1,11,3,4,71.39,0.0
216,2025-05-01,1,11,2,1,75.09,1365.0
199,2025-05-01,1,7,5,0,169.93,0.0
140,2025-05-01,1,8,2,9,19.63,0.0
51,2025-05-01,1,6,4,0,148.7,0.0
48,2025-05-01,1,20,4,0,191.89,666.0
234,2025-05-01,1,4,0,3,0.0,0.0
99,2025-05-01,1,12,1,0,82.41,1343.0
95,2025-05-01,1,11,4,0,151.57,2439.0
135,2025-05-01,1,10,4,0,384.96,140.0
359,2025-05-01,1,19,11,0,368.18,782.0
14,2025-05-01,1,8,6,0,141.55,0.0
204,2025-05-01,1,10,4,0,118.3,102.0
219,2025-05-01,1,11,4,0,214.48,665.0
210,2025-05-01,1,13,3,0,104.18,875.0
196,2025-05-01,1,6,3,0,58.8,150.0
328,2025-05-01,1,4,2,0,98.7,590.0
39,2025-05-01,1,17,6,0,212.45,1803.0
36,2025-05-01,1,15,5,0,117.42,81.0
89,2025-05-01,1,9,3,0,138.81,0.0
205,2025-05-01,1,10,5,0,211.24,139.0
201,2025-05-01,1,4,2,0,466.23,0.0
356,2025-05-01,1,11,2,0,72.36,835.0
142,2025-05-01,1,4,2,3,21.81,0.0
37,2025-05-01,1,9,5,0,173.15,0.0
215,2025-05-01,1,16,3,0,77.2,235.0
353,2025-05-01,1,8,1,1,89.47,115.0
213,2025-05-01,1,16,4,0,114.66,0.0
139,2025-05-01,1,7,1,0,34.53,0.0
286,2025-05-01,1,15,1,0,31.17,6118.0
277,2025-05-01,1,13,3,4,69.51,108.0
273,2025-05-01,1,12,1,0,18.56,443.0
264,2025-05-01,1,9,4,0,134.85,88.0
238,2025-05-01,1,6,4,0,224.64,0.0
303,2025-05-01,1,4,0,0,0.0,0.0
341,2025-05-01,1,4,0,0,0.0,0.0
150,2025-05-01,1,5,3,0,84.24,0.0
165,2025-05-01,1,9,1,0,21.71,0.0
288,2025-05-01,1,18,6,2,202.95,266.0
340,2025-05-01,1,13,4,0,148.83,215.0
134,2025-05-01,1,6,4,0,94.28,0.0
131,2025-05-01,1,9,2,0,38.74,276.0
343,2025-05-01,1,9,1,0,23.36,390.0
365,2025-05-01,1,7,2,0,58.07,261.0
218,2025-05-01,1,11,1,0,40.53,0.0
364,2025-05-01,1,10,4,3,301.74,306.0
290,2025-05-01,1,16,5,3,351.24,624.0
360,2025-05-01,1,3,1,1,12.54,71.0
334,2025-05-01,1,9,3,2,108.3,133.0
333,2025-05-01,1,4,2,0,41.64,255.0
19,2025-05-01,1,11,2,0,111.37,97.0
278,2025-05-01,1,16,3,1,24.48,244.0
294,2025-05-01,1,4,0,0,0.0,0.0
293,2025-05-01,1,19,9,0,282.1,520.0
358,2025-05-01,1,5,1,1,26.07,45.0
349,2025-05-01,1,9,3,1,50.52,195.0
351,2025-05-01,1,13,2,0,76.5,1058.0
304,2025-05-01,1,9,5,0,109.86,195.0
235,2025-05-01,1,5,2,0,57.52,1128.0
308,2025-05-01,1,2,0,0,0.0,0.0
295,2025-05-01,1,14,4,5,108.03,129.0
302,2025-05-01,1,12,0,2,0.0,34.0
80,2025-05-01,1,12,7,0,273.7,44.0
195,2025-05-01,1,6,2,0,23.18,0.0
350,2025-05-01,1,5,1,0,16.57,134.0
284,2025-05-01,1,2,0,2,0.0,0.0
296,2025-05-01,1,9,3,0,162.8,181.0
357,2025-05-01,1,14,7,1,164.89,483.0
310,2025-05-01,1,11,7,1,167.44,276.0
5,2025-05-01,1,10,1,0,608.66,2074.0
323,2025-05-01,1,4,2,1,65.4,141.0
321,2025-05-01,1,2,0,0,0.0,66.0
52,2025-05-01,1,4,0,0,0.0,0.0
331,2025-05-01,0,0,0,0,0.0,0.0
306,2025-05-01,1,7,2,0,27.17,4233.0
221,2025-05-01,1,6,2,0,117.17,304.0
345,2025-05-01,1,9,5,1,146.97,167.0
305,2025-05-01,1,7,1,0,27.39,121.0
324,2025-05-01,1,6,2,1,123.33,165.0
311,2025-05-01,1,11,6,2,195.95,211.0
332,2025-05-01,1,20,6,0,167.84,363.0
362,2025-05-01,1,9,3,0,57.9,539.0
348,2025-05-01,1,2,0,0,0.0,341.0
342,2025-05-01,1,4,2,2,131.35,138.0
336,2025-05-01,1,4,2,1,84.68,91.0
319,2025-05-01,1,4,2,0,76.87,6424.0
298,2025-05-01,1,2,0,0,0.0,0.0
355,2025-05-01,0,0,0,0,0.0,0.0
347,2025-05-01,1,7,1,0,49.77,812.0
322,2025-05-01,1,2,0,0,0.0,227.0
301,2025-05-01,1,6,2,0,97.06,171.0
97,2025-05-01,1,4,2,0,56.81,0.0
281,2025-05-01,1,2,0,0,0.0,131.0
367,2025-05-01,1,5,1,0,9.28,170.0
285,2025-05-01,1,2,0,0,0.0,413.0
352,2025-05-01,1,7,3,0,92.18,124.0
211,2025-05-01,1,9,3,0,213.32,424.0
354,2025-05-01,1,2,0,0,0.0,1104.0
361,2025-05-01,1,2,0,0,0.0,1479.0
363,2025-05-01,0,0,0,0,0.0,0.0
338,2025-05-01,0,0,0,0,0.0,0.0
344,2025-05-01,0,0,0,0,0.0,0.0
307,2025-05-01,1,3,1,0,30.46,276.0
289,2025-05-01,0,0,0,0,0.0,0.0
283,2025-05-01,1,4,0,1,0.0,67.0
346,2025-05-01,1,2,0,0,0.0,133.0
316,2025-05-01,1,3,1,0,13.07,48.0
280,2025-05-01,0,0,0,0,0.0,0.0
33,2025-05-01,1,4,0,0,0.0,0.0
318,2025-05-01,0,0,0,0,0.0,0.0
335,2025-05-01,0,0,0,0,0.0,0.0
320,2025-05-01,0,0,0,0,0.0,0.0
327,2025-05-01,0,0,0,0,0.0,0.0
299,2025-05-01,0,0,0,0,0.0,0.0
317,2025-05-01,1,2,0,0,0.0,201.0
313,2025-05-01,0,0,0,0,0.0,0.0
279,2025-05-01,0,0,0,0,0.0,0.0
315,2025-05-01,0,0,0,0,0.0,0.0
337,2025-05-01,0,0,0,0,0.0,0.0
313,2025-06-01,1,18,3,0,43.75,1419.0
318,2025-06-01,1,29,10,1,406.7,2727.04
21,2025-06-01,1,23,8,0,225.22,2046.95
47,2025-06-01,1,23,12,0,671.25,1355.87
62,2025-06-01,1,33,14,0,480.28,2117.62
70,2025-06-01,1,36,25,0,914.28,1992.14
124,2025-06-01,1,27,10,1,506.87,2743.03
143,2025-06-01,1,27,14,2,813.28,2086.23
189,2025-06-01,1,31,16,0,653.2,3116.91
295,2025-06-01,1,34,17,0,568.85,1836.34
316,2025-06-01,1,32,16,0,839.89,2133.81
345,2025-06-01,1,28,21,3,1220.31,1903.63
82,2025-06-01,1,24,13,1,440.14,1645.03
6,2025-06-01,1,33,22,0,1048.39,2279.51
15,2025-06-01,1,30,9,0,415.12,2373.68
32,2025-06-01,1,35,16,0,563.67,2438.22
87,2025-06-01,1,36,23,0,991.85,1292.36
102,2025-06-01,1,26,12,0,341.13,2620.85
123,2025-06-01,1,36,17,0,509.51,3035.98
136,2025-06-01,1,34,19,1,827.36,1732.76
187,2025-06-01,1,28,14,0,575.79,2567.88
188,2025-06-01,1,34,16,0,495.38,2183.74
217,2025-06-01,1,37,20,0,847.78,3115.89
107,2025-06-01,1,33,16,0,727.25,1450.1
297,2025-06-01,1,11,4,0,186.37,779.0
73,2025-06-01,1,14,5,0,135.82,553.0
173,2025-06-01,1,17,3,0,151.1,0.0
63,2025-06-01,1,29,14,0,763.12,2265.8
94,2025-06-01,1,29,14,0,743.96,2194.1
152,2025-06-01,1,27,16,0,632.56,3727.67
288,2025-06-01,1,31,12,1,599.72,1746.93
175,2025-06-01,1,30,13,0,427.57,2570.56
168,2025-06-01,1,18,7,1,151.83,39.0
180,2025-06-01,1,33,19,0,1083.15,2862.45
159,2025-06-01,1,30,19,0,723.35,1841.79
251,2025-06-01,1,24,17,0,573.55,1775.56
262,2025-06-01,1,27,14,0,482.98,1939.6
278,2025-06-01,1,30,15,0,583.58,1623.36
302,2025-06-01,1,28,14,0,669.57,1928.73
307,2025-06-01,1,29,11,0,462.88,2303.76
112,2025-06-01,1,17,6,0,161.32,660.0
67,2025-06-01,1,37,20,0,864.83,2159.32
266,2025-06-01,1,20,13,4,444.19,1866.76
117,2025-06-01,1,27,18,0,706.55,2110.66
75,2025-06-01,1,30,16,0,530.01,2297.44
225,2025-06-01,1,15,7,0,510.78,0.0
332,2025-06-01,1,37,20,0,659.03,2362.45
359,2025-06-01,1,33,21,1,696.28,3165.43
275,2025-06-01,1,11,2,0,22.28,330.0
348,2025-06-01,1,11,7,0,304.91,0.0
274,2025-06-01,1,29,14,0,587.31,3683.9
290,2025-06-01,1,7,1,5,45.3,0.0
263,2025-06-01,1,29,16,3,815.49,3310.54
29,2025-06-01,1,19,6,0,191.33,772.0
301,2025-06-01,1,11,4,0,51.08,424.0
113,2025-06-01,1,12,5,0,157.04,105.0
78,2025-06-01,1,12,7,0,156.36,263.0
14,2025-06-01,1,4,2,0,75.7,0.0
125,2025-06-01,1,13,8,0,268.64,142.0
89,2025-06-01,1,23,7,0,348.23,1390.0
84,2025-06-01,1,13,4,0,87.79,567.0
139,2025-06-01,1,24,1,0,20.41,4249.0
259,2025-06-01,1,21,3,0,118.19,592.0
321,2025-06-01,1,38,16,0,447.36,1568.59
12,2025-06-01,1,32,17,0,574.15,2190.16
215,2025-06-01,1,12,7,0,399.43,445.0
40,2025-06-01,1,36,14,0,863.88,4617.59
267,2025-06-01,1,21,10,0,297.85,2516.12
111,2025-06-01,1,45,18,0,694.26,1731.82
342,2025-06-01,1,25,14,0,933.0,2682.88
142,2025-06-01,1,2,2,1,42.97,0.0
184,2025-06-01,1,33,17,0,464.1,2393.67
13,2025-06-01,1,38,19,0,953.25,2542.37
310,2025-06-01,1,31,18,3,476.36,2880.12
88,2025-06-01,1,47,14,0,412.6,3071.34
43,2025-06-01,1,10,5,0,146.75,59.0
271,2025-06-01,1,25,12,4,530.45,1726.96
120,2025-06-01,1,39,19,0,684.39,1421.65
351,2025-06-01,1,8,5,0,141.13,276.0
105,2025-06-01,1,22,11,0,1230.21,1947.99
154,2025-06-01,1,18,6,0,188.81,319.0
362,2025-06-01,1,33,16,0,483.4,1797.34
269,2025-06-01,1,14,3,0,163.48,289.0
193,2025-06-01,1,10,3,0,57.24,64.0
277,2025-06-01,1,26,15,1,409.45,2675.82
167,2025-06-01,1,31,15,0,504.98,2653.44
317,2025-06-01,1,40,17,0,674.06,2480.01
315,2025-06-01,1,14,4,4,79.62,137.0
104,2025-06-01,1,29,18,0,618.88,2240.35
265,2025-06-01,1,42,20,1,741.06,1745.3
98,2025-06-01,1,27,20,0,764.4,2991.83
60,2025-06-01,1,14,7,0,237.84,389.0
161,2025-06-01,1,32,21,0,770.69,2605.37
80,2025-06-01,1,10,4,0,108.38,0.0
51,2025-06-01,1,12,3,0,275.6,1209.0
324,2025-06-01,1,24,14,0,385.59,388.0
79,2025-06-01,1,38,19,0,805.91,1643.32
196,2025-06-01,1,23,10,0,274.74,381.0
261,2025-06-01,1,14,7,0,357.1,1992.0
343,2025-06-01,1,13,11,2,361.27,0.0
291,2025-06-01,1,28,13,0,474.72,2147.2
287,2025-06-01,1,25,14,3,321.26,2122.03
108,2025-06-01,1,28,14,0,617.32,2248.54
230,2025-06-01,1,32,14,0,550.27,3298.12
239,2025-06-01,1,39,16,0,606.04,2065.28
219,2025-06-01,1,18,7,0,151.59,326.0
293,2025-06-01,1,31,12,0,632.53,2589.67
148,2025-06-01,1,19,8,0,595.4,497.0
353,2025-06-01,1,15,4,6,150.66,183.0
350,2025-06-01,1,16,4,0,95.73,269.0
37,2025-06-01,1,15,7,0,178.67,0.0
9,2025-06-01,1,41,14,10,496.53,1490.87
61,2025-06-01,1,17,6,0,175.49,599.0
100,2025-06-01,1,8,3,0,140.9,112.0
334,2025-06-01,1,31,17,0,847.53,2230.51
83,2025-06-01,1,39,23,0,700.06,2909.35
131,2025-06-01,1,25,6,0,175.13,970.0
443,2025-06-01,1,10,2,0,343.51,495.0
246,2025-06-01,1,9,6,0,163.0,57.0
194,2025-06-01,1,32,15,0,645.35,2321.79
22,2025-06-01,1,32,23,0,914.74,2546.64
132,2025-06-01,1,30,17,0,635.39,2030.02
174,2025-06-01,1,24,17,0,545.56,2674.0
232,2025-06-01,1,30,14,0,286.25,1794.43
241,2025-06-01,1,27,14,0,409.35,1739.19
272,2025-06-01,1,29,16,0,525.59,1807.13
336,2025-06-01,1,26,13,0,692.37,2869.16
11,2025-06-01,1,29,16,0,563.12,2172.62
45,2025-06-01,1,33,24,0,990.92,1647.4
292,2025-06-01,1,22,7,0,690.2,3029.45
352,2025-06-01,1,33,15,0,566.56,2273.8
337,2025-06-01,1,8,2,1,43.82,58.0
252,2025-06-01,1,13,5,1,241.96,0.0
147,2025-06-01,1,13,0,0,0.0,3337.0
280,2025-06-01,1,37,14,6,548.96,1958.58
357,2025-06-01,1,23,10,0,246.78,2746.06
305,2025-06-01,1,25,12,0,414.94,1934.12
31,2025-06-01,1,36,12,0,367.17,2666.09
192,2025-06-01,1,10,2,0,64.39,3866.0
58,2025-06-01,1,26,17,0,490.59,2621.58
242,2025-06-01,1,24,12,0,350.84,2244.18
276,2025-06-01,1,30,17,0,1120.13,2392.24
364,2025-06-01,1,40,18,0,441.94,2031.65
320,2025-06-01,1,18,5,1,103.8,131.0
155,2025-06-01,1,28,14,0,539.41,2528.76
178,2025-06-01,1,42,19,0,695.6,2555.13
126,2025-06-01,1,43,19,0,718.18,1961.9
66,2025-06-01,1,34,15,0,654.21,1541.99
86,2025-06-01,1,28,11,0,308.81,472.0
306,2025-06-01,1,22,3,0,153.34,4587.0
68,2025-06-01,1,24,15,2,1394.79,1697.23
311,2025-06-01,1,31,15,1,851.75,2342.34
281,2025-06-01,1,20,11,4,355.43,493.0
169,2025-06-01,1,15,4,0,112.49,167.0
18,2025-06-01,1,25,12,0,361.43,1671.03
10,2025-06-01,1,7,3,0,48.91,0.0
28,2025-06-01,1,20,11,0,297.93,2217.74
54,2025-06-01,1,5,3,0,59.36,0.0
227,2025-06-01,1,27,15,0,509.63,1738.12
256,2025-06-01,1,22,5,0,109.87,813.0
162,2025-06-01,1,14,6,0,143.76,970.0
355,2025-06-01,1,34,11,0,455.69,1166.0
228,2025-06-01,1,17,8,0,245.21,372.0
330,2025-06-01,1,26,15,0,640.15,1546.81
198,2025-06-01,1,12,4,0,184.6,340.0
81,2025-06-01,1,34,19,1,987.16,2225.91
201,2025-06-01,1,5,1,0,114.34,0.0
145,2025-06-01,1,28,15,0,715.56,2120.72
141,2025-06-01,1,31,18,2,1267.13,1369.87
299,2025-06-01,1,35,17,2,803.55,2325.06
340,2025-06-01,1,10,2,5,24.01,0.0
34,2025-06-01,1,23,10,1,331.11,1136.01
172,2025-06-01,1,4,0,5,0.0,0.0
258,2025-06-01,1,8,5,0,217.51,116.0
283,2025-06-01,1,32,18,2,777.61,2035.08
146,2025-06-01,1,18,8,0,233.19,0.0
171,2025-06-01,1,10,8,0,268.93,0.0
223,2025-06-01,1,6,1,0,23.06,198.0
234,2025-06-01,0,0,0,9,0.0,0.0
400,2025-06-01,0,0,0,0,0.0,0.0
308,2025-06-01,1,2,0,0,0.0,0.0
36,2025-06-01,1,13,2,0,55.84,79.0
416,2025-06-01,0,0,0,0,0.0,0.0
437,2025-06-01,1,20,4,0,137.89,6321.0
42,2025-06-01,1,30,15,0,498.41,3408.47
71,2025-06-01,1,27,17,0,431.7,2223.19
76,2025-06-01,1,31,12,0,538.6,2417.06
170,2025-06-01,1,23,13,0,446.53,1766.29
209,2025-06-01,1,27,12,0,410.12,1736.72
212,2025-06-01,1,31,16,0,709.1,2428.83
30,2025-06-01,1,26,6,0,165.12,593.0
347,2025-06-01,1,19,6,0,185.76,1333.0
38,2025-06-01,1,25,10,0,391.62,2159.57
151,2025-06-01,1,28,17,0,641.33,1926.03
116,2025-06-01,1,16,4,0,124.79,1564.0
289,2025-06-01,1,27,12,0,479.36,2235.98
200,2025-06-01,0,0,0,0,0.0,2003.78
99,2025-06-01,1,19,4,0,101.52,5591.0
356,2025-06-01,1,17,8,0,266.49,153.0
358,2025-06-01,1,4,0,3,0.0,267.0
245,2025-06-01,1,15,2,0,50.02,313.0
366,2025-06-01,1,16,4,0,123.18,761.0
134,2025-06-01,1,5,2,0,63.98,2564.0
92,2025-06-01,1,15,5,1,205.55,0.0
203,2025-06-01,1,8,4,0,133.5,0.0
202,2025-06-01,1,24,11,0,822.17,2280.06
285,2025-06-01,1,9,7,0,214.46,0.0
361,2025-06-01,1,13,6,0,256.07,88.0
218,2025-06-01,1,7,4,0,147.39,0.0
135,2025-06-01,1,18,7,0,259.87,738.0
326,2025-06-01,1,5,3,8,58.21,0.0
39,2025-06-01,1,23,4,0,160.66,1719.0
249,2025-06-01,1,13,6,1,179.96,190.0
103,2025-06-01,1,13,4,0,105.32,798.0
346,2025-06-01,1,9,3,0,83.8,0.0
205,2025-06-01,1,13,5,0,152.79,304.0
190,2025-06-01,1,21,7,0,184.72,506.0
210,2025-06-01,1,14,5,0,194.14,78.0
8,2025-06-01,1,27,12,0,465.04,2399.43
160,2025-06-01,1,30,12,0,435.91,3068.23
137,2025-06-01,1,10,2,0,84.39,1347.0
17,2025-06-01,1,18,4,0,136.74,3771.0
233,2025-06-01,1,16,8,0,297.78,570.0
329,2025-06-01,1,11,3,0,109.47,2480.0
224,2025-06-01,1,7,4,0,83.56,0.0
396,2025-06-01,1,15,5,0,141.5,640.0
413,2025-06-01,1,17,7,1,223.69,674.0
438,2025-06-01,1,14,3,1,175.56,447.0
158,2025-06-01,1,24,15,0,945.9,2004.71
179,2025-06-01,1,35,16,0,524.85,2072.19
211,2025-06-01,1,15,8,0,285.46,2674.82
397,2025-06-01,1,10,3,1,28.5,108.0
44,2025-06-01,1,17,7,0,245.27,0.0
140,2025-06-01,1,10,5,1,174.3,0.0
216,2025-06-01,1,20,6,0,165.23,695.0
236,2025-06-01,1,13,4,4,68.73,126.0
199,2025-06-01,1,21,6,0,169.66,1179.0
130,2025-06-01,1,14,4,1,75.2,0.0
428,2025-06-01,1,6,2,4,34.98,58.0
165,2025-06-01,1,13,1,0,38.15,8021.0
5,2025-06-01,1,11,4,0,141.93,883.0
319,2025-06-01,1,8,0,0,0.0,3818.0
213,2025-06-01,1,16,8,0,288.04,430.0
379,2025-06-01,1,26,7,0,188.16,875.0
354,2025-06-01,1,16,1,0,28.66,5001.0
335,2025-06-01,1,16,6,8,179.73,185.0
365,2025-06-01,1,17,5,0,143.1,1608.0
309,2025-06-01,1,13,2,0,81.64,552.0
377,2025-06-01,1,25,9,1,288.52,975.0
253,2025-06-01,1,7,5,2,275.06,0.0
90,2025-06-01,1,16,6,0,826.37,0.0
4,2025-06-01,1,18,6,0,221.33,440.0
304,2025-06-01,1,21,5,2,126.67,736.0
93,2025-06-01,1,7,2,2,42.82,0.0
195,2025-06-01,1,13,4,0,151.91,1055.0
214,2025-06-01,1,8,2,0,92.24,0.0
247,2025-06-01,1,16,8,0,266.57,596.0
150,2025-06-01,1,12,0,0,0.0,2924.0
166,2025-06-01,1,22,2,0,22.36,1073.0
432,2025-06-01,1,4,0,0,0.0,5603.0
238,2025-06-01,1,18,7,0,280.93,550.0
421,2025-06-01,1,15,4,0,72.64,446.0
331,2025-06-01,1,26,11,5,265.33,273.0
296,2025-06-01,1,7,4,0,91.97,98.0
250,2025-06-01,1,20,4,0,200.33,793.0
381,2025-06-01,1,4,0,0,0.0,0.0
384,2025-06-01,1,19,7,5,216.96,849.0
127,2025-06-01,1,19,4,1,87.46,282.0
48,2025-06-01,1,16,9,0,268.01,87.0
442,2025-06-01,1,8,5,1,96.83,99.0
255,2025-06-01,1,15,7,0,309.46,1630.0
411,2025-06-01,1,11,2,13,66.27,97.0
328,2025-06-01,1,11,1,0,21.03,0.0
109,2025-06-01,1,18,6,0,268.57,256.0
273,2025-06-01,1,7,3,0,103.9,0.0
264,2025-06-01,1,13,7,0,281.51,151.0
50,2025-06-01,1,15,4,0,98.68,70.0
282,2025-06-01,1,10,2,1,37.17,846.0
389,2025-06-01,1,14,4,0,320.17,996.0
323,2025-06-01,1,15,4,1,192.66,794.0
19,2025-06-01,1,5,3,0,140.0,0.0
338,2025-06-01,1,10,3,0,72.0,240.0
401,2025-06-01,1,2,0,0,0.0,0.0
24,2025-06-01,1,17,1,0,19.43,2633.0
410,2025-06-01,1,11,3,0,75.74,1992.0
65,2025-06-01,1,21,9,0,443.72,720.0
286,2025-06-01,1,6,2,0,63.23,0.0
412,2025-06-01,1,16,2,0,65.56,4695.0
121,2025-06-01,1,14,3,0,85.68,47.0
284,2025-06-01,1,8,1,4,9.84,192.0
72,2025-06-01,1,7,3,0,72.39,0.0
118,2025-06-01,1,3,1,1,24.53,0.0
206,2025-06-01,1,10,1,2,72.04,550.0
382,2025-06-01,1,4,0,0,0.0,0.0
322,2025-06-01,1,9,7,0,269.13,0.0
157,2025-06-01,1,12,8,0,212.76,0.0
95,2025-06-01,1,6,1,0,23.42,3625.0
260,2025-06-01,1,11,1,1,38.32,0.0
204,2025-06-01,1,6,4,0,194.12,0.0
56,2025-06-01,1,5,3,0,143.81,0.0
367,2025-06-01,1,29,2,0,18.99,1323.0
220,2025-06-01,1,8,5,0,363.15,193.0
429,2025-06-01,1,11,5,5,115.33,139.0
425,2025-06-01,1,6,4,4,266.9,267.0
349,2025-06-01,1,5,3,3,40.69,0.0
370,2025-06-01,1,2,0,0,0.0,256.0
392,2025-06-01,1,10,0,0,0.0,414.0
221,2025-06-01,1,11,6,0,144.28,99.0
97,2025-06-01,1,3,1,0,27.39,0.0
360,2025-06-01,1,10,2,1,54.61,76.0
279,2025-06-01,1,22,9,1,179.68,248.0
414,2025-06-01,1,14,3,0,89.4,217.0
407,2025-06-01,1,4,0,0,0.0,0.0
436,2025-06-01,1,7,5,1,180.92,189.0
388,2025-06-01,1,2,0,0,0.0,0.0
110,2025-06-01,1,14,4,0,262.09,267.0
53,2025-06-01,0,0,0,0,0.0,0.0
197,2025-06-01,1,15,4,0,242.41,139.0
387,2025-06-01,1,12,4,0,173.61,310.0
441,2025-06-01,1,6,2,9,33.12,44.0
23,2025-06-01,1,15,3,0,208.46,1708.0
375,2025-06-01,1,18,3,6,84.42,113.0
235,2025-06-01,1,7,2,0,87.55,921.0
383,2025-06-01,1,4,0,0,0.0,0.0
177,2025-06-01,1,5,3,0,79.43,0.0
333,2025-06-01,1,10,2,0,126.86,887.0
128,2025-06-01,1,4,0,0,0.0,0.0
376,2025-06-01,1,6,2,4,45.3,47.0
374,2025-06-01,1,9,3,0,57.09,177.0
57,2025-06-01,1,4,0,0,0.0,916.0
404,2025-06-01,1,10,1,0,19.29,452.0
405,2025-06-01,1,8,4,0,135.84,223.0
257,2025-06-01,1,14,4,0,139.95,584.0
372,2025-06-01,1,8,2,0,134.05,364.0
435,2025-06-01,1,4,0,0,0.0,83.0
1,2025-06-01,1,11,5,0,402.3,0.0
433,2025-06-01,1,7,5,0,108.69,737.0
380,2025-06-01,1,15,7,0,367.63,543.0
222,2025-06-01,1,8,1,0,24.54,5046.0
422,2025-06-01,1,12,6,0,233.41,364.0
55,2025-06-01,1,7,5,0,244.09,0.0
399,2025-06-01,1,5,3,0,73.68,222.0
394,2025-06-01,1,3,1,0,59.5,132.0
406,2025-06-01,1,14,9,0,335.27,632.0
434,2025-06-01,1,6,1,0,48.94,256.0
426,2025-06-01,1,6,2,0,41.32,76.0
163,2025-06-01,1,6,0,0,0.0,1585.0
418,2025-06-01,1,4,2,0,87.32,92.0
444,2025-06-01,1,4,0,0,0.0,114.0
431,2025-06-01,1,7,3,0,183.12,290.0
133,2025-06-01,1,2,0,0,0.0,2469.0
398,2025-06-01,1,7,5,0,221.07,279.0
129,2025-06-01,1,4,0,0,0.0,0.0
417,2025-06-01,1,7,5,0,216.48,297.0
368,2025-06-01,1,6,2,0,30.24,70.0
390,2025-06-01,1,5,0,0,0.0,1254.0
403,2025-06-01,1,4,2,0,60.92,238.0
424,2025-06-01,0,0,0,0,0.0,0.0
393,2025-06-01,1,3,1,0,22.42,541.0
395,2025-06-01,1,4,0,0,0.0,502.0
439,2025-06-01,1,7,1,0,9.92,130.0
408,2025-06-01,1,4,2,0,43.96,181.0
415,2025-06-01,1,4,2,0,62.07,361.0
391,2025-06-01,0,0,0,0,0.0,0.0
423,2025-06-01,1,2,0,0,0.0,99.0
420,2025-06-01,0,0,0,0,0.0,0.0
409,2025-06-01,0,0,0,0,0.0,0.0
427,2025-06-01,0,0,0,0,0.0,0.0
402,2025-06-01,0,0,0,0,0.0,0.0
371,2025-06-01,0,0,0,0,0.0,0.0
386,2025-06-01,0,0,0,0,0.0,0.0
300,2025-07-01,1,9,3,0,224.15,1366.0
162,2025-07-01,1,16,4,0,111.64,415.0
155,2025-07-01,1,41,22,1,614.53,2374.62
212,2025-07-01,1,43,18,0,822.02,2049.07
265,2025-07-01,1,27,14,0,708.13,1702.0
293,2025-07-01,1,25,14,0,1044.5,2592.57
302,2025-07-01,1,30,15,4,939.1,2040.17
317,2025-07-01,1,37,16,0,860.66,2437.32
334,2025-07-01,1,26,13,0,719.76,2254.38
336,2025-07-01,1,33,18,0,788.48,2898.25
418,2025-07-01,1,27,15,0,719.79,1767.4
384,2025-07-01,1,23,15,11,1111.67,1848.79
8,2025-07-01,1,28,17,0,1147.65,2304.74
11,2025-07-01,1,29,14,0,692.0,2053.33
68,2025-07-01,1,30,19,0,1723.68,1700.05
87,2025-07-01,1,27,16,0,690.15,1342.19
189,2025-07-01,1,36,13,1,571.46,1739.73
202,2025-07-01,1,39,24,0,1041.38,2338.08
230,2025-07-01,1,40,27,0,1642.03,3010.76
299,2025-07-01,1,26,12,0,615.7,2139.54
311,2025-07-01,1,38,18,0,602.8,2564.81
359,2025-07-01,1,35,20,0,764.45,2929.06
436,2025-07-01,1,27,15,0,551.54,2167.72
329,2025-07-01,1,5,1,0,45.21,0.0
395,2025-07-01,1,21,7,0,341.38,490.0
116,2025-07-01,1,19,3,0,93.62,4172.0
439,2025-07-01,1,33,20,0,616.58,1971.2
402,2025-07-01,1,41,22,0,1313.88,2319.39
9,2025-07-01,1,28,10,0,570.59,1676.56
15,2025-07-01,1,30,13,0,342.55,2412.03
45,2025-07-01,1,37,22,0,752.34,1641.19
62,2025-07-01,1,21,9,0,531.33,2159.61
71,2025-07-01,1,25,20,0,652.14,2231.37
108,2025-07-01,1,32,10,0,465.48,1923.52
289,2025-07-01,1,36,19,5,1122.54,2165.18
431,2025-07-01,1,25,20,5,1109.73,1616.97
58,2025-07-01,1,20,10,0,434.77,2629.15
332,2025-07-01,1,24,15,1,589.71,2356.37
13,2025-07-01,1,44,25,0,1079.45,2315.51
63,2025-07-01,1,37,27,0,1429.08,2579.14
105,2025-07-01,1,30,23,0,780.55,1954.39
117,2025-07-01,1,33,22,0,1055.25,2094.67
158,2025-07-01,1,46,22,0,631.71,2072.73
175,2025-07-01,1,28,21,0,1760.6,2661.59
211,2025-07-01,1,41,19,0,686.52,2873.51
242,2025-07-01,1,42,25,1,1461.98,2234.44
307,2025-07-01,1,28,17,0,1399.83,2079.46
330,2025-07-01,1,15,4,8,395.25,1621.3
425,2025-07-01,1,27,16,0,877.76,2447.31
280,2025-07-01,1,23,12,0,651.03,1867.18
387,2025-07-01,1,14,4,4,121.01,436.0
79,2025-07-01,1,30,17,1,837.37,1673.04
360,2025-07-01,1,8,3,2,52.59,56.0
167,2025-07-01,1,35,18,0,887.64,2280.57
195,2025-07-01,1,7,3,0,127.92,0.0
159,2025-07-01,1,27,13,7,1241.65,2082.4
253,2025-07-01,1,9,0,2,0.0,371.0
322,2025-07-01,1,12,4,0,83.59,1675.0
295,2025-07-01,1,26,17,0,626.84,1803.72
78,2025-07-01,1,23,6,0,692.4,75.0
366,2025-07-01,1,18,5,0,268.64,454.0
321,2025-07-01,1,23,15,0,911.45,1385.85
358,2025-07-01,1,15,6,0,313.75,376.0
233,2025-07-01,1,16,10,0,269.11,0.0
361,2025-07-01,1,14,8,0,772.11,0.0
163,2025-07-01,1,10,4,0,228.08,0.0
40,2025-07-01,1,18,11,0,375.99,4412.31
42,2025-07-01,1,36,20,0,1906.82,3574.76
335,2025-07-01,1,22,13,4,742.1,2399.24
227,2025-07-01,1,36,18,0,1140.06,1761.57
70,2025-07-01,1,21,10,6,1188.31,2021.66
320,2025-07-01,1,8,0,6,0.0,0.0
132,2025-07-01,1,27,18,0,982.4,2019.67
278,2025-07-01,1,44,21,0,737.21,1785.72
32,2025-07-01,1,20,8,0,560.38,2537.82
174,2025-07-01,1,34,19,0,1042.28,2602.5
21,2025-07-01,1,30,21,0,711.96,2108.3
1,2025-07-01,1,13,2,0,79.63,505.0
73,2025-07-01,1,3,1,0,3.23,0.0
113,2025-07-01,1,17,4,0,145.79,95.0
97,2025-07-01,1,12,4,0,215.5,1813.0
368,2025-07-01,1,19,6,0,140.54,965.0
120,2025-07-01,1,29,10,1,615.4,1208.81
433,2025-07-01,1,26,15,0,526.96,2413.38
178,2025-07-01,1,53,28,1,1558.0,2578.5
234,2025-07-01,1,9,1,7,4.83,98.0
417,2025-07-01,1,32,17,0,705.08,5170.37
204,2025-07-01,1,2,2,0,57.86,0.0
47,2025-07-01,1,34,17,1,665.61,1387.25
441,2025-07-01,1,32,16,2,1032.84,1777.37
133,2025-07-01,1,11,2,0,286.65,914.0
351,2025-07-01,1,21,7,0,388.52,643.0
51,2025-07-01,1,15,3,0,141.45,7414.0
364,2025-07-01,1,26,11,0,327.24,2290.38
276,2025-07-01,1,47,22,0,918.38,2390.04
61,2025-07-01,1,10,8,0,580.71,0.0
18,2025-07-01,1,28,19,1,1008.33,1632.08
6,2025-07-01,1,35,26,2,1011.19,2241.08
43,2025-07-01,1,9,7,0,240.84,0.0
318,2025-07-01,1,20,13,7,677.75,2520.83
403,2025-07-01,1,36,18,3,996.39,1906.12
90,2025-07-01,1,3,3,0,87.65,0.0
505,2025-07-01,1,2,0,0,0.0,0.0
154,2025-07-01,1,19,5,0,228.52,0.0
187,2025-07-01,1,33,21,0,899.21,2386.21
88,2025-07-01,1,29,18,0,578.46,1948.78
125,2025-07-01,1,15,7,0,362.2,0.0
30,2025-07-01,1,12,8,0,198.95,0.0
342,2025-07-01,1,22,12,0,1303.91,2879.88
261,2025-07-01,1,8,6,0,150.96,0.0
34,2025-07-01,1,34,18,0,681.14,1114.04
152,2025-07-01,1,37,20,0,1973.41,3657.69
124,2025-07-01,1,29,12,0,351.69,2636.99
310,2025-07-01,1,31,26,0,1154.75,2503.93
28,2025-07-01,1,22,9,0,441.61,2154.88
173,2025-07-01,1,15,5,0,158.67,244.0
135,2025-07-01,1,10,5,0,131.9,108.0
372,2025-07-01,1,11,6,0,290.34,2367.0
422,2025-07-01,1,17,5,0,164.95,273.0
357,2025-07-01,1,25,16,0,1214.96,2750.9
326,2025-07-01,1,14,6,1,252.56,273.0
410,2025-07-01,1,12,5,0,197.2,1409.0
438,2025-07-01,1,10,6,3,243.3,0.0
136,2025-07-01,1,35,18,0,659.18,1854.1
198,2025-07-01,1,10,1,9,69.35,103.0
104,2025-07-01,1,35,21,0,1037.05,2355.86
19,2025-07-01,1,9,3,0,95.48,581.0
257,2025-07-01,1,10,7,0,687.72,261.0
313,2025-07-01,1,22,8,0,232.47,1501.0
331,2025-07-01,1,23,14,1,504.61,1726.8
319,2025-07-01,1,16,3,0,97.01,7353.0
408,2025-07-01,1,33,14,0,807.75,1952.44
386,2025-07-01,1,28,19,0,1066.44,2909.11
205,2025-07-01,1,19,6,0,190.47,558.0
365,2025-07-01,1,18,6,0,132.89,400.0
429,2025-07-01,1,26,13,2,927.05,1822.99
434,2025-07-01,1,19,6,0,449.33,525.0
377,2025-07-01,1,37,20,0,650.15,1337.85
168,2025-07-01,1,12,3,0,144.32,244.0
398,2025-07-01,1,28,15,0,595.14,2052.1
151,2025-07-01,1,37,12,0,450.18,1984.76
192,2025-07-01,1,8,3,0,105.97,1612.0
214,2025-07-01,1,7,2,0,102.47,1524.0
272,2025-07-01,1,32,18,5,859.66,1884.4
428,2025-07-01,1,18,4,1,171.6,173.0
239,2025-07-01,1,32,15,3,515.56,2092.66
409,2025-07-01,1,15,6,0,261.69,4635.0
273,2025-07-01,1,11,3,0,81.27,3014.0
394,2025-07-01,1,7,4,2,125.44,108.0
76,2025-07-01,1,36,19,0,1123.63,2462.31
141,2025-07-01,1,37,21,0,1032.13,1499.78
145,2025-07-01,1,35,19,0,801.56,2106.11
22,2025-07-01,1,20,15,0,1333.69,2553.87
263,2025-07-01,1,29,16,0,534.54,3199.85
411,2025-07-01,1,27,12,0,434.57,1445.23
83,2025-07-01,1,26,19,0,768.51,2864.15
217,2025-07-01,1,30,17,0,1026.53,3145.65
179,2025-07-01,1,29,11,0,545.64,2262.3
345,2025-07-01,1,26,19,6,758.06,1846.66
188,2025-07-01,1,35,18,1,982.91,1843.13
266,2025-07-01,1,32,19,0,767.44,1851.74
271,2025-07-01,1,33,17,0,589.48,1777.36
292,2025-07-01,1,19,14,0,421.51,2919.64
380,2025-07-01,1,32,23,0,713.82,2666.83
305,2025-07-01,1,27,12,3,539.14,1882.64
355,2025-07-01,1,41,20,0,753.57,3430.96
86,2025-07-01,1,13,3,0,160.56,154.0
194,2025-07-01,1,28,13,0,1032.27,2607.3
12,2025-07-01,1,30,17,0,827.18,2270.66
426,2025-07-01,1,23,9,1,300.22,382.0
81,2025-07-01,1,37,18,0,937.53,2244.93
72,2025-07-01,1,15,4,0,172.5,1156.0
297,2025-07-01,1,19,3,0,70.98,0.0
291,2025-07-01,1,32,21,0,829.71,2086.12
66,2025-07-01,1,34,16,13,697.21,1611.36
258,2025-07-01,1,14,8,0,302.39,0.0
415,2025-07-01,1,38,18,0,917.11,1808.84
102,2025-07-01,1,27,16,0,1374.51,2178.27
397,2025-07-01,1,21,7,0,295.08,965.0
5,2025-07-01,1,14,4,0,122.07,0.0
251,2025-07-01,1,30,12,6,624.5,1818.32
282,2025-07-01,1,10,3,0,97.32,0.0
228,2025-07-01,1,18,9,0,334.23,51.0
103,2025-07-01,1,15,7,0,1083.75,0.0
39,2025-07-01,1,14,8,0,597.68,170.0
304,2025-07-01,1,11,6,0,162.01,171.0
435,2025-07-01,1,17,3,0,72.1,207.0
224,2025-07-01,1,11,4,0,101.75,155.0
375,2025-07-01,1,37,21,3,1220.69,2185.3
80,2025-07-01,1,16,5,4,125.42,294.0
437,2025-07-01,1,10,4,0,136.37,0.0
218,2025-07-01,1,15,4,0,141.28,128.0
288,2025-07-01,1,35,17,2,591.15,1753.41
223,2025-07-01,1,14,8,0,835.66,0.0
527,2025-07-01,1,17,2,12,57.89,66.0
349,2025-07-01,1,5,0,3,0.0,0.0
150,2025-07-01,1,12,2,0,75.19,1526.0
396,2025-07-01,1,16,6,0,341.94,521.0
348,2025-07-01,1,1,1,0,21.22,0.0
267,2025-07-01,1,38,22,0,934.72,2404.04
255,2025-07-01,1,15,7,0,114.93,0.0
238,2025-07-01,1,13,8,0,505.05,731.0
161,2025-07-01,1,37,18,1,633.26,2592.59
126,2025-07-01,1,43,26,0,1492.08,1789.98
50,2025-07-01,1,20,5,0,165.8,242.0
370,2025-07-01,1,14,4,0,70.99,478.0
274,2025-07-01,1,37,19,0,633.29,3796.78
241,2025-07-01,1,31,18,0,665.14,1727.73
296,2025-07-01,1,4,0,2,0.0,0.0
219,2025-07-01,1,10,6,0,150.51,0.0
55,2025-07-01,1,13,5,0,318.72,215.0
262,2025-07-01,1,34,21,6,823.43,1856.76
67,2025-07-01,1,32,22,0,853.38,2826.04
279,2025-07-01,1,32,19,1,867.67,2603.45
367,2025-07-01,1,13,7,0,668.33,0.0
245,2025-07-01,1,11,6,1,119.63,105.0
287,2025-07-01,1,26,14,0,880.64,2103.7
111,2025-07-01,1,29,12,0,674.31,1709.06
180,2025-07-01,1,36,15,0,837.63,2774.89
184,2025-07-01,1,29,14,0,584.9,2176.77
283,2025-07-01,1,32,13,0,745.68,2014.57
362,2025-07-01,1,30,15,7,1361.56,1768.36
94,2025-07-01,1,31,16,1,1170.08,2224.65
209,2025-07-01,1,32,23,0,863.45,1730.55
235,2025-07-01,1,6,6,0,241.86,0.0
256,2025-07-01,1,15,4,0,116.12,270.0
38,2025-07-01,1,31,12,0,470.4,2094.0
107,2025-07-01,1,30,18,4,761.66,1379.74
170,2025-07-01,1,26,15,0,1165.36,1782.03
277,2025-07-01,1,45,17,0,914.7,2895.84
98,2025-07-01,1,34,20,0,1296.23,2987.35
323,2025-07-01,1,27,8,0,238.85,1326.0
199,2025-07-01,1,14,7,0,269.49,65.0
337,2025-07-01,1,13,2,2,60.59,187.0
82,2025-07-01,1,23,14,0,465.23,1653.62
353,2025-07-01,1,8,3,5,58.38,239.0
213,2025-07-01,1,17,2,0,65.11,1246.0
301,2025-07-01,1,7,5,0,116.57,0.0
57,2025-07-01,1,7,1,0,19.08,0.0
286,2025-07-01,1,14,5,0,246.39,2915.0
512,2025-07-01,1,14,5,12,125.45,209.0
374,2025-07-01,1,23,4,0,75.27,676.0
404,2025-07-01,1,6,4,0,129.02,0.0
232,2025-07-01,1,26,13,0,437.49,1757.91
352,2025-07-01,1,28,14,0,494.21,2197.4
203,2025-07-01,1,16,6,0,209.48,248.0
165,2025-07-01,1,15,3,0,139.09,3244.0
412,2025-07-01,1,10,1,0,40.74,2238.0
190,2025-07-01,1,10,5,0,237.39,199.0
121,2025-07-01,1,16,6,0,265.46,661.0
260,2025-07-01,1,18,6,1,212.09,582.0
259,2025-07-01,1,8,5,0,226.7,132.0
118,2025-07-01,1,17,8,1,447.98,175.0
338,2025-07-01,1,11,4,8,157.5,71.0
236,2025-07-01,1,10,3,0,162.04,493.0
193,2025-07-01,1,7,5,0,305.45,0.0
143,2025-07-01,1,24,19,0,1284.05,2060.13
131,2025-07-01,1,8,4,0,216.04,0.0
371,2025-07-01,1,7,1,0,44.46,150.0
427,2025-07-01,1,16,1,0,241.12,460.0
420,2025-07-01,1,9,2,14,66.85,71.0
391,2025-07-01,1,14,3,0,180.91,611.0
89,2025-07-01,1,5,3,0,134.32,0.0
75,2025-07-01,1,33,14,0,1105.89,2591.51
160,2025-07-01,1,24,11,0,410.04,2870.98
123,2025-07-01,1,37,18,2,555.94,2984.09
406,2025-07-01,1,27,16,0,1240.65,3668.46
423,2025-07-01,1,25,16,0,693.93,2004.33
328,2025-07-01,1,7,3,1,125.82,0.0
31,2025-07-01,1,31,18,0,634.19,2667.51
356,2025-07-01,1,21,5,0,157.72,175.0
306,2025-07-01,1,13,5,0,260.79,2916.0
316,2025-07-01,1,35,13,3,463.03,2080.34
166,2025-07-01,1,14,6,0,194.06,0.0
390,2025-07-01,1,9,3,0,137.53,190.0
376,2025-07-01,1,14,1,3,14.43,1663.0
340,2025-07-01,1,3,1,6,16.41,0.0
53,2025-07-01,1,13,3,0,96.77,2019.0
60,2025-07-01,1,6,3,0,316.25,297.0
220,2025-07-01,1,12,8,0,384.84,0.0
157,2025-07-01,1,7,5,0,160.34,0.0
285,2025-07-01,1,17,8,6,153.54,57.0
93,2025-07-01,1,11,9,0,478.47,0.0
389,2025-07-01,1,13,6,0,139.3,137.0
284,2025-07-01,1,6,6,1,120.27,0.0
413,2025-07-01,1,9,3,0,939.01,0.0
275,2025-07-01,1,13,4,0,104.97,34.0
109,2025-07-01,1,19,12,0,598.79,142.0
347,2025-07-01,1,15,5,0,176.29,315.0
506,2025-07-01,1,16,5,11,70.97,92.0
448,2025-07-01,1,5,3,6,60.51,63.0
290,2025-07-01,1,12,6,2,210.81,0.0
112,2025-07-01,1,11,3,0,153.6,0.0
516,2025-07-01,0,0,0,0,0.0,0.0
424,2025-07-01,1,26,10,4,287.38,378.0
10,2025-07-01,1,9,5,0,216.11,0.0
148,2025-07-01,1,15,5,0,399.55,505.0
350,2025-07-01,1,24,6,0,392.13,732.0
197,2025-07-01,1,14,4,0,150.76,672.0
147,2025-07-01,1,8,2,0,180.07,0.0
393,2025-07-01,1,16,5,0,232.94,134.0
399,2025-07-01,1,22,7,0,155.47,488.0
354,2025-07-01,1,17,4,0,394.26,8107.0
432,2025-07-01,1,11,6,0,281.01,2203.0
531,2025-07-01,1,11,5,14,97.45,112.0
269,2025-07-01,1,8,1,0,30.35,749.0
140,2025-07-01,1,11,6,0,405.58,405.0
421,2025-07-01,1,20,8,0,634.59,219.0
315,2025-07-01,1,14,3,2,103.7,286.0
134,2025-07-01,1,11,5,0,368.08,1674.0
309,2025-07-01,1,8,2,0,75.23,0.0
201,2025-07-01,1,7,4,0,147.17,1136.0
210,2025-07-01,1,13,6,0,227.99,116.0
177,2025-07-01,1,11,7,0,556.84,0.0
23,2025-07-01,1,14,4,0,163.69,2869.0
392,2025-07-01,1,25,6,0,247.77,946.0
216,2025-07-01,1,10,6,0,167.86,0.0
530,2025-07-01,1,17,6,6,165.93,222.0
324,2025-07-01,1,15,5,0,186.97,129.0
414,2025-07-01,1,6,2,7,41.2,0.0
146,2025-07-01,1,13,9,0,729.68,0.0
444,2025-07-01,1,14,6,1,341.42,144.0
343,2025-07-01,1,17,5,1,133.32,224.0
56,2025-07-01,1,10,1,0,50.62,477.0
496,2025-07-01,1,7,3,0,225.79,741.0
481,2025-07-01,1,23,4,0,145.56,1185.0
37,2025-07-01,1,23,7,0,162.4,438.0
497,2025-07-01,1,13,5,1,130.69,136.0
24,2025-07-01,1,21,4,0,907.42,897.0
462,2025-07-01,1,6,2,2,54.87,97.0
99,2025-07-01,1,10,4,0,136.29,0.0
264,2025-07-01,1,14,4,3,104.51,185.0
4,2025-07-01,1,9,3,0,123.82,0.0
100,2025-07-01,1,9,3,0,289.97,0.0
84,2025-07-01,1,4,1,1,55.73,126.0
44,2025-07-01,1,5,1,0,159.63,0.0
482,2025-07-01,1,22,13,0,407.5,887.0
222,2025-07-01,1,14,2,0,105.76,2697.0
215,2025-07-01,1,11,6,0,226.37,156.0
250,2025-07-01,1,14,5,1,153.4,665.0
252,2025-07-01,1,13,3,2,90.67,528.0
468,2025-07-01,1,8,2,1,74.59,79.0
452,2025-07-01,1,5,3,4,117.55,118.0
17,2025-07-01,1,9,2,0,88.52,1267.0
536,2025-07-01,1,4,0,0,0.0,0.0
127,2025-07-01,1,13,6,0,153.72,404.0
29,2025-07-01,1,10,1,0,16.13,124.0
36,2025-07-01,1,13,4,0,94.91,204.0
478,2025-07-01,1,18,5,2,318.87,321.0
443,2025-07-01,1,19,7,2,239.38,381.0
196,2025-07-01,1,3,0,0,0.0,50.0
92,2025-07-01,1,18,3,0,137.72,209.0
221,2025-07-01,1,5,3,0,302.77,0.0
513,2025-07-01,1,15,5,4,114.56,783.0
456,2025-07-01,1,6,2,0,42.88,178.0
511,2025-07-01,1,7,1,10,19.23,25.0
498,2025-07-01,1,8,2,0,22.06,165.0
488,2025-07-01,1,11,2,0,99.83,559.0
333,2025-07-01,1,6,2,0,33.38,0.0
130,2025-07-01,1,7,1,0,347.61,337.0
110,2025-07-01,1,18,6,1,325.04,570.0
346,2025-07-01,1,12,3,0,163.91,624.0
525,2025-07-01,1,9,0,4,0.0,29.0
485,2025-07-01,1,7,1,1,168.86,173.0
508,2025-07-01,1,5,0,0,0.0,5807.0
475,2025-07-01,0,0,0,0,0.0,0.0
457,2025-07-01,1,14,6,1,139.57,145.0
469,2025-07-01,1,11,5,3,103.34,125.0
139,2025-07-01,1,10,3,0,68.97,1607.0
470,2025-07-01,1,11,3,0,39.92,224.0
246,2025-07-01,1,10,6,0,241.62,0.0
489,2025-07-01,1,15,5,1,191.75,205.0
503,2025-07-01,1,9,3,4,41.19,62.0
484,2025-07-01,1,15,4,2,99.35,115.0
405,2025-07-01,1,10,5,1,179.82,3997.0
534,2025-07-01,1,8,2,5,66.53,88.0
487,2025-07-01,1,6,4,0,225.56,479.0
528,2025-07-01,0,0,0,0,0.0,0.0
249,2025-07-01,1,16,5,0,139.87,438.0
442,2025-07-01,1,1,0,6,0.0,0.0
519,2025-07-01,1,10,4,0,218.95,427.0
473,2025-07-01,1,10,3,10,104.27,262.0
517,2025-07-01,1,6,2,0,45.77,70.0
453,2025-07-01,1,9,2,0,53.86,251.0
514,2025-07-01,1,5,1,0,27.63,226.0
529,2025-07-01,1,15,2,7,44.37,61.0
526,2025-07-01,1,14,5,0,131.6,1482.0
509,2025-07-01,1,10,5,4,128.09,130.0
461,2025-07-01,1,3,1,0,21.1,221.0
225,2025-07-01,1,11,3,0,58.96,0.0
537,2025-07-01,1,4,0,0,0.0,0.0
480,2025-07-01,1,2,0,0,0.0,0.0
515,2025-07-01,1,4,0,0,0.0,0.0
379,2025-07-01,1,6,2,1,47.24,0.0
472,2025-07-01,1,12,4,7,106.11,119.0
446,2025-07-01,1,7,2,0,38.21,516.0
500,2025-07-01,1,4,0,0,0.0,0.0
450,2025-07-01,1,19,4,0,104.94,912.0
466,2025-07-01,1,3,1,0,44.33,137.0
247,2025-07-01,1,16,1,0,17.23,336.0
169,2025-07-01,1,10,2,0,42.9,0.0
281,2025-07-01,1,5,2,0,74.94,440.0
532,2025-07-01,1,6,2,0,28.5,610.0
460,2025-07-01,1,5,1,1,75.75,98.0
454,2025-07-01,1,9,2,0,60.15,282.0
491,2025-07-01,1,9,3,3,115.78,141.0
495,2025-07-01,1,2,0,0,0.0,1137.0
95,2025-07-01,1,5,1,0,16.41,0.0
510,2025-07-01,1,6,1,0,22.59,3388.0
504,2025-07-01,1,4,2,1,52.47,189.0
522,2025-07-01,1,5,3,0,94.04,632.0
518,2025-07-01,1,3,1,1,33.2,48.0
449,2025-07-01,1,5,1,0,72.57,1204.0
445,2025-07-01,1,6,1,0,45.21,317.0
479,2025-07-01,1,2,0,0,0.0,0.0
471,2025-07-01,0,0,0,0,0.0,0.0
524,2025-07-01,1,4,0,0,0.0,0.0
463,2025-07-01,1,4,0,0,0.0,171.0
464,2025-07-01,1,2,0,0,0.0,607.0
474,2025-07-01,1,2,0,0,0.0,140.0
459,2025-07-01,1,2,0,0,0.0,28.0
490,2025-07-01,1,4,0,0,0.0,93.0
430,2025-07-01,1,4,0,0,0.0,1194.0
501,2025-07-01,1,2,0,0,0.0,306.0
535,2025-07-01,0,0,0,0,0.0,0.0
502,2025-07-01,0,0,0,0,0.0,0.0
467,2025-07-01,1,2,0,0,0.0,224.0
507,2025-07-01,1,3,1,0,23.47,114.0
520,2025-07-01,1,2,0,0,0.0,264.0
492,2025-07-01,1,3,1,0,86.77,303.0
523,2025-07-01,1,2,0,0,0.0,194.0
486,2025-07-01,1,3,1,1,10.41,306.0
533,2025-07-01,1,2,0,0,0.0,1400.0
521,2025-07-01,0,0,0,0,0.0,0.0
539,2025-07-01,1,2,0,0,0.0,174.0
447,2025-07-01,1,2,0,0,0.0,867.0
493,2025-07-01,0,0,0,0,0.0,0.0
458,2025-07-01,0,0,0,0,0.0,0.0
476,2025-07-01,1,2,0,0,0.0,67.0
494,2025-07-01,0,0,0,0,0.0,0.0
538,2025-07-01,1,2,0,0,0.0,160.0
465,2025-07-01,0,0,0,0,0.0,0.0
267,2025-08-01,1,30,15,1,652.58,2517.5
10,2025-08-01,1,13,7,2,330.12,0.0
418,2025-08-01,1,35,19,0,894.75,1821.44
22,2025-08-01,1,30,23,2,1680.3,2547.32
117,2025-08-01,1,29,18,0,1034.79,2025.06
120,2025-08-01,1,41,20,2,1076.73,1256.66
293,2025-08-01,1,29,18,1,842.28,2692.19
317,2025-08-01,1,29,18,0,952.16,2531.87
336,2025-08-01,1,31,16,0,1159.35,2882.92
342,2025-08-01,1,38,21,0,1205.25,2724.07
357,2025-08-01,1,25,18,0,797.26,2648.94
380,2025-08-01,1,41,17,1,937.75,3013.64
406,2025-08-01,1,23,10,5,1320.34,3631.22
469,2025-08-01,1,37,17,0,516.85,1926.53
512,2025-08-01,1,22,11,0,267.38,2246.2
12,2025-08-01,1,26,13,0,683.15,2189.9
45,2025-08-01,1,27,16,0,1156.59,1643.0
102,2025-08-01,1,26,13,0,550.78,2251.42
104,2025-08-01,1,33,14,0,851.33,2341.58
178,2025-08-01,1,47,21,0,999.92,2933.7
184,2025-08-01,1,39,21,1,1134.54,2319.69
251,2025-08-01,1,35,18,0,1195.2,1827.23
272,2025-08-01,1,41,18,0,616.95,2119.42
274,2025-08-01,1,31,11,0,783.17,3844.13
291,2025-08-01,1,22,12,0,1140.81,2425.46
334,2025-08-01,1,31,16,3,1416.52,2168.29
506,2025-08-01,1,35,18,1,709.8,1520.86
511,2025-08-01,1,28,14,2,415.42,1680.39
530,2025-08-01,1,22,14,0,492.3,2452.33
444,2025-08-01,1,19,4,0,93.28,1296.0
189,2025-08-01,1,27,14,2,670.39,1661.53
263,2025-08-01,1,26,14,0,681.47,3275.22
495,2025-08-01,1,10,5,0,145.76,701.0
355,2025-08-01,1,25,12,0,823.57,3320.96
67,2025-08-01,1,33,20,0,1884.99,2141.24
83,2025-08-01,1,32,23,0,955.23,2838.35
145,2025-08-01,1,30,18,0,1520.98,2118.51
160,2025-08-01,1,42,26,0,752.84,2920.94
175,2025-08-01,1,18,12,0,268.42,2628.25
271,2025-08-01,1,41,23,0,1124.71,1929.42
287,2025-08-01,1,23,12,0,732.34,2155.53
318,2025-08-01,1,29,18,0,1203.69,2525.45
489,2025-08-01,1,34,15,5,611.9,1916.71
490,2025-08-01,1,31,17,7,1417.64,2267.97
84,2025-08-01,1,16,7,0,414.88,479.0
13,2025-08-01,1,27,13,0,829.28,2299.85
259,2025-08-01,1,13,2,0,44.84,153.0
284,2025-08-01,1,15,2,4,49.58,82.0
9,2025-08-01,1,27,17,0,1221.7,1569.94
98,2025-08-01,1,31,22,0,1066.99,3062.33
126,2025-08-01,1,22,11,0,391.31,1858.1
170,2025-08-01,1,29,16,0,786.14,1744.76
187,2025-08-01,1,24,17,0,1178.72,2355.53
266,2025-08-01,1,35,17,4,1056.63,2068.01
289,2025-08-01,1,31,22,0,828.65,2108.32
295,2025-08-01,1,21,14,1,593.95,1891.12
302,2025-08-01,1,29,17,0,1074.06,2251.66
408,2025-08-01,1,39,17,2,763.6,1958.19
415,2025-08-01,1,36,17,0,741.32,1685.47
420,2025-08-01,1,33,15,0,527.52,2061.51
478,2025-08-01,1,42,19,5,549.14,1840.36
504,2025-08-01,1,23,18,0,1211.13,2326.06
523,2025-08-01,1,27,12,1,867.0,1650.79
277,2025-08-01,1,28,15,0,713.38,2819.92
38,2025-08-01,1,31,18,0,800.09,2176.61
498,2025-08-01,1,18,4,1,125.81,1960.0
534,2025-08-01,1,26,13,3,610.72,1775.34
162,2025-08-01,1,10,3,0,83.39,142.0
433,2025-08-01,1,42,23,0,1161.35,2418.42
180,2025-08-01,1,32,13,0,600.75,2849.47
61,2025-08-01,1,11,2,0,84.6,243.0
4,2025-08-01,1,14,7,0,185.05,141.0
473,2025-08-01,1,37,18,0,934.65,2674.35
519,2025-08-01,1,12,5,1,114.47,55.0
211,2025-08-01,1,43,22,0,2143.72,2695.62
161,2025-08-01,1,36,17,0,643.76,2473.44
423,2025-08-01,1,38,15,1,554.9,1927.44
428,2025-08-01,1,7,1,6,5.96,0.0
34,2025-08-01,1,31,22,0,886.09,1154.86
491,2025-08-01,1,31,18,7,744.39,1166.23
152,2025-08-01,1,25,18,0,981.04,3636.51
364,2025-08-01,1,22,13,0,453.46,1898.1
299,2025-08-01,1,32,17,0,880.42,2107.4
376,2025-08-01,1,13,8,0,399.55,67.0
239,2025-08-01,1,35,20,1,1256.61,2684.31
201,2025-08-01,1,11,2,0,382.01,3232.0
482,2025-08-01,1,25,12,2,822.56,2333.37
159,2025-08-01,1,26,10,0,401.69,1861.89
377,2025-08-01,1,35,23,1,1006.94,1831.24
457,2025-08-01,1,26,11,11,440.49,1391.49
223,2025-08-01,1,22,9,0,246.41,1051.0
18,2025-08-01,1,31,19,1,525.12,1755.13
209,2025-08-01,1,31,16,0,933.42,1752.47
234,2025-08-01,1,11,4,0,135.6,91.0
507,2025-08-01,1,31,20,2,778.7,1694.56
434,2025-08-01,1,15,6,0,528.31,376.0
441,2025-08-01,1,36,21,2,965.05,1807.69
538,2025-08-01,1,37,20,1,967.08,1933.31
124,2025-08-01,1,31,24,0,809.9,2762.58
110,2025-08-01,1,17,7,0,183.22,0.0
445,2025-08-01,1,18,10,0,332.33,97.0
459,2025-08-01,1,34,19,5,1933.84,2192.47
311,2025-08-01,1,32,23,0,1283.17,2186.31
125,2025-08-01,1,18,10,0,285.3,550.0
476,2025-08-01,1,6,3,2,52.81,209.0
307,2025-08-01,1,27,16,0,567.85,2070.66
466,2025-08-01,1,16,1,1,22.94,480.0
247,2025-08-01,1,11,3,0,53.05,938.0
107,2025-08-01,1,34,7,4,334.27,1477.15
349,2025-08-01,1,21,7,7,194.36,268.0
75,2025-08-01,1,27,13,0,630.76,2524.5
316,2025-08-01,1,29,12,0,307.46,1932.79
212,2025-08-01,1,34,16,0,601.76,2483.74
508,2025-08-01,1,14,7,0,341.6,3973.0
479,2025-08-01,1,2,0,0,0.0,0.0
42,2025-08-01,1,22,15,0,464.35,3398.4
368,2025-08-01,1,10,4,0,97.53,0.0
453,2025-08-01,1,15,4,3,138.2,69.0
322,2025-08-01,1,9,4,0,263.21,502.0
501,2025-08-01,1,20,13,0,518.17,2416.63
487,2025-08-01,1,10,8,2,252.72,0.0
202,2025-08-01,1,24,13,0,563.49,2322.17
486,2025-08-01,1,37,20,0,803.95,2486.29
78,2025-08-01,1,17,6,0,321.62,74.0
330,2025-08-01,1,28,11,1,594.45,1585.77
121,2025-08-01,1,7,7,0,321.23,0.0
32,2025-08-01,1,30,19,0,990.66,2476.91
393,2025-08-01,1,11,6,0,178.51,126.0
411,2025-08-01,1,29,10,9,406.61,1451.04
275,2025-08-01,1,20,3,0,112.1,309.0
37,2025-08-01,1,23,7,0,268.47,739.0
265,2025-08-01,1,37,20,1,667.47,1682.92
513,2025-08-01,1,30,14,0,833.79,3353.31
436,2025-08-01,1,39,18,0,641.83,2095.45
82,2025-08-01,1,32,11,0,335.22,1642.18
301,2025-08-01,1,16,3,0,88.77,135.0
526,2025-08-01,1,20,8,0,643.39,198.0
292,2025-08-01,1,25,14,0,897.54,2926.89
396,2025-08-01,1,13,7,0,164.6,0.0
257,2025-08-01,1,17,6,0,253.27,363.0
410,2025-08-01,1,18,5,0,1078.29,939.0
158,2025-08-01,1,30,17,0,635.38,1921.96
105,2025-08-01,1,29,16,0,856.06,1974.01
391,2025-08-01,1,12,8,0,145.11,0.0
261,2025-08-01,1,13,6,0,335.52,118.0
8,2025-08-01,1,50,26,2,1712.55,2422.69
87,2025-08-01,1,32,18,0,1106.75,1530.63
28,2025-08-01,1,44,16,0,886.66,2861.01
437,2025-08-01,1,16,4,0,411.51,2203.0
278,2025-08-01,1,27,12,6,456.77,1656.15
112,2025-08-01,1,19,3,0,123.63,970.0
449,2025-08-01,1,11,7,1,642.0,0.0
425,2025-08-01,1,28,11,0,448.45,2371.87
194,2025-08-01,1,33,16,0,601.0,2338.28
472,2025-08-01,1,42,15,1,622.1,3758.37
305,2025-08-01,1,27,11,5,763.79,1933.4
527,2025-08-01,1,27,12,1,404.19,1785.75
108,2025-08-01,1,26,13,0,530.8,1932.51
219,2025-08-01,1,24,2,0,65.2,805.0
88,2025-08-01,1,33,21,0,1558.94,2031.12
11,2025-08-01,1,32,9,0,537.87,2240.07
246,2025-08-01,1,8,4,0,144.53,0.0
590,2025-08-01,1,16,3,15,202.93,209.0
269,2025-08-01,1,12,3,0,230.75,3162.0
367,2025-08-01,1,8,6,0,169.33,0.0
103,2025-08-01,1,5,3,0,128.72,0.0
70,2025-08-01,1,22,14,1,671.48,1957.95
624,2025-08-01,1,11,4,11,121.51,218.0
66,2025-08-01,1,24,12,0,785.1,1815.16
76,2025-08-01,1,23,17,0,647.56,2381.09
143,2025-08-01,1,29,14,0,871.69,2084.43
179,2025-08-01,1,26,13,0,409.77,2143.33
227,2025-08-01,1,27,12,0,556.97,1725.0
359,2025-08-01,1,29,16,0,777.23,3038.43
439,2025-08-01,1,28,14,2,988.34,2120.44
509,2025-08-01,1,25,14,0,419.86,1518.99
31,2025-08-01,1,27,17,0,1045.57,3392.63
241,2025-08-01,1,31,16,5,739.63,1724.49
321,2025-08-01,1,31,16,2,651.15,1362.38
384,2025-08-01,1,33,16,0,616.77,1896.52
417,2025-08-01,1,20,11,0,662.13,4944.1
531,2025-08-01,1,27,14,2,567.94,2190.68
567,2025-08-01,1,10,0,0,0.0,10208.0
288,2025-08-01,1,17,10,2,860.67,1682.22
452,2025-08-01,1,9,0,2,0.0,533.0
63,2025-08-01,1,19,6,0,236.82,2323.45
79,2025-08-01,1,27,18,0,1184.54,1635.06
230,2025-08-01,1,29,11,0,347.02,3035.13
345,2025-08-01,1,29,11,0,566.31,1980.22
522,2025-08-01,1,29,17,0,685.68,2142.9
468,2025-08-01,1,13,5,3,224.09,1432.0
315,2025-08-01,1,14,4,0,108.86,0.0
529,2025-08-01,1,26,15,0,522.9,2129.24
215,2025-08-01,1,2,0,0,0.0,0.0
21,2025-08-01,1,25,18,0,476.35,2072.64
81,2025-08-01,1,23,12,0,496.6,2244.87
362,2025-08-01,1,35,14,0,624.32,1785.98
431,2025-08-01,1,24,11,6,991.26,1563.94
351,2025-08-01,1,19,7,0,180.52,292.0
95,2025-08-01,1,17,2,0,88.27,1977.0
167,2025-08-01,1,25,16,0,971.65,2311.61
521,2025-08-01,1,32,17,0,726.93,1902.14
216,2025-08-01,1,11,4,0,390.99,215.0
320,2025-08-01,1,20,6,4,145.39,292.0
174,2025-08-01,1,37,18,0,991.42,2542.44
398,2025-08-01,1,30,19,1,699.42,1975.11
252,2025-08-01,1,19,4,0,84.43,584.0
154,2025-08-01,1,18,4,0,202.47,373.0
365,2025-08-01,1,14,7,0,357.88,398.0
335,2025-08-01,1,33,19,0,1060.59,2461.12
196,2025-08-01,1,14,4,0,117.05,289.0
262,2025-08-01,1,18,7,1,489.56,1914.56
404,2025-08-01,1,14,3,0,104.04,899.0
337,2025-08-01,1,20,4,1,166.51,472.0
177,2025-08-01,1,12,5,0,363.27,137.0
192,2025-08-01,1,11,4,0,329.2,3223.0
217,2025-08-01,1,30,17,1,923.35,3234.67
304,2025-08-01,1,10,5,1,395.22,62.0
188,2025-08-01,1,32,17,1,706.51,1836.83
236,2025-08-01,1,12,8,0,431.64,0.0
15,2025-08-01,1,28,21,0,1750.57,2441.43
300,2025-08-01,1,9,3,0,156.99,0.0
36,2025-08-01,1,13,6,0,135.29,71.0
55,2025-08-01,1,9,4,0,129.37,34.0
113,2025-08-01,1,17,11,0,758.12,0.0
148,2025-08-01,1,12,8,0,272.95,0.0
456,2025-08-01,1,10,2,2,91.6,0.0
199,2025-08-01,1,17,5,0,73.47,625.0
402,2025-08-01,1,39,20,1,813.16,2168.03
481,2025-08-01,1,15,4,0,128.84,146.0
218,2025-08-01,1,16,7,0,244.01,540.0
310,2025-08-01,1,27,12,0,476.52,2554.27
264,2025-08-01,1,12,8,2,307.18,0.0
279,2025-08-01,1,25,12,1,409.31,2670.91
71,2025-08-01,1,33,17,0,599.51,2117.2
371,2025-08-01,1,17,8,3,231.03,142.0
414,2025-08-01,1,12,1,1,21.93,209.0
260,2025-08-01,1,16,5,0,143.12,384.0
488,2025-08-01,1,10,2,1,61.05,0.0
141,2025-08-01,1,31,10,5,521.88,1400.18
280,2025-08-01,1,38,23,0,861.07,1887.98
245,2025-08-01,1,21,4,0,141.35,719.0
323,2025-08-01,1,18,3,0,126.03,414.0
395,2025-08-01,1,19,8,0,265.48,430.0
448,2025-08-01,1,13,0,3,0.0,396.0
30,2025-08-01,1,20,6,0,212.99,827.0
356,2025-08-01,1,13,4,2,102.28,223.0
375,2025-08-01,1,26,11,0,486.94,2054.49
352,2025-08-01,1,29,15,0,1036.75,2318.1
332,2025-08-01,1,30,13,0,793.65,2309.19
353,2025-08-01,1,17,4,0,133.62,515.0
347,2025-08-01,1,23,8,0,237.46,348.0
139,2025-08-01,1,6,4,0,232.29,0.0
569,2025-08-01,1,11,5,2,120.91,131.0
576,2025-08-01,1,14,1,11,27.38,77.0
552,2025-08-01,1,30,16,0,713.15,2772.17
6,2025-08-01,1,26,17,0,875.35,2324.25
123,2025-08-01,1,27,14,0,805.41,2922.6
136,2025-08-01,1,24,17,0,1650.14,1739.9
424,2025-08-01,1,18,8,0,327.45,1611.25
94,2025-08-01,1,28,13,0,617.87,2245.01
132,2025-08-01,1,43,17,1,621.63,2013.65
429,2025-08-01,1,23,8,0,182.24,1868.6
58,2025-08-01,1,44,29,0,2224.7,2613.66
47,2025-08-01,1,35,19,0,693.94,1467.37
62,2025-08-01,1,21,13,0,557.01,2202.38
242,2025-08-01,1,32,14,0,798.19,2729.16
403,2025-08-01,1,25,12,0,477.32,2000.43
484,2025-08-01,1,26,13,0,703.44,1863.45
68,2025-08-01,1,35,15,3,814.98,1766.06
111,2025-08-01,1,36,15,1,876.59,1717.89
151,2025-08-01,1,27,10,0,698.43,1960.49
232,2025-08-01,1,36,18,0,597.13,1852.78
283,2025-08-01,1,27,14,0,733.64,1984.86
405,2025-08-01,1,4,0,0,0.0,0.0
343,2025-08-01,0,0,0,1,0.0,0.0
203,2025-08-01,1,5,5,0,84.82,0.0
612,2025-08-01,1,8,2,3,49.27,52.0
386,2025-08-01,1,38,19,0,1231.34,2801.87
465,2025-08-01,1,9,3,0,186.55,946.0
442,2025-08-01,1,10,3,2,138.97,146.0
435,2025-08-01,1,14,7,0,242.59,124.0
19,2025-08-01,1,8,6,0,446.19,0.0
374,2025-08-01,1,12,4,0,68.63,1127.0
166,2025-08-01,1,14,6,0,293.31,442.0
157,2025-08-01,1,12,5,0,119.32,249.0
135,2025-08-01,1,15,7,0,481.64,941.0
197,2025-08-01,1,12,6,0,167.09,0.0
313,2025-08-01,1,15,8,0,692.94,154.0
467,2025-08-01,1,19,9,2,323.43,289.0
426,2025-08-01,1,8,6,0,546.4,0.0
89,2025-08-01,1,19,2,0,132.71,4227.0
29,2025-08-01,1,8,6,0,174.47,0.0
60,2025-08-01,1,8,5,2,493.43,593.0
450,2025-08-01,1,15,8,0,198.17,111.0
40,2025-08-01,1,26,13,0,1157.88,4458.4
72,2025-08-01,1,19,10,0,711.25,293.0
399,2025-08-01,1,9,5,0,164.15,0.0
130,2025-08-01,1,9,4,0,309.39,112.0
421,2025-08-01,1,16,4,0,191.07,748.0
464,2025-08-01,1,9,3,0,128.66,5272.0
290,2025-08-01,1,3,1,2,135.7,0.0
461,2025-08-01,1,8,1,0,19.73,682.0
326,2025-08-01,1,13,5,0,436.04,615.0
517,2025-08-01,1,20,6,1,389.2,396.0
86,2025-08-01,1,1,1,0,23.08,0.0
80,2025-08-01,1,5,3,0,87.43,0.0
57,2025-08-01,1,13,2,1,65.9,187.0
379,2025-08-01,1,17,7,1,191.29,339.0
346,2025-08-01,1,18,8,1,586.47,440.0
276,2025-08-01,1,28,17,0,816.27,2385.18
598,2025-08-01,1,7,2,1,41.54,286.0
155,2025-08-01,1,24,12,0,817.03,2403.28
361,2025-08-01,1,19,11,1,324.3,18.0
331,2025-08-01,1,32,13,0,588.95,1741.12
503,2025-08-01,1,25,13,1,757.36,1507.06
256,2025-08-01,1,15,6,0,532.25,422.0
618,2025-08-01,1,19,6,11,153.36,278.0
5,2025-08-01,1,18,3,0,89.83,6948.0
205,2025-08-01,1,11,4,0,114.94,108.0
413,2025-08-01,1,11,7,0,172.44,0.0
306,2025-08-01,1,20,5,0,129.97,3789.0
228,2025-08-01,1,16,6,0,228.69,0.0
255,2025-08-01,1,10,4,0,223.12,0.0
140,2025-08-01,1,15,3,0,82.33,841.0
233,2025-08-01,1,6,2,2,47.17,0.0
539,2025-08-01,1,9,4,0,82.47,71.0
195,2025-08-01,1,9,5,0,355.58,0.0
397,2025-08-01,1,7,7,0,466.55,0.0
258,2025-08-01,1,19,6,0,243.2,543.0
525,2025-08-01,1,16,5,2,144.24,489.0
497,2025-08-01,1,4,0,6,0.0,0.0
470,2025-08-01,1,11,5,4,117.87,0.0
366,2025-08-01,1,12,5,0,244.83,58.0
296,2025-08-01,1,7,2,1,35.56,201.0
109,2025-08-01,1,10,5,0,253.29,93.0
392,2025-08-01,1,6,4,0,173.13,0.0
485,2025-08-01,1,12,3,0,122.87,48.0
224,2025-08-01,1,15,10,0,1065.54,60.0
273,2025-08-01,1,5,3,0,85.63,0.0
214,2025-08-01,1,12,5,0,221.84,874.0
577,2025-08-01,1,3,1,0,42.24,1058.0
463,2025-08-01,1,14,5,0,303.02,1206.0
221,2025-08-01,1,14,3,0,111.15,108.0
568,2025-08-01,1,13,7,0,158.0,247.0
458,2025-08-01,1,15,3,0,173.49,3619.0
556,2025-08-01,1,3,1,0,17.92,1036.0
533,2025-08-01,1,9,3,0,114.65,0.0
370,2025-08-01,1,13,7,0,229.51,0.0
454,2025-08-01,1,13,4,0,187.48,434.0
493,2025-08-01,1,13,8,0,700.4,1029.0
249,2025-08-01,1,20,9,0,320.45,331.0
333,2025-08-01,1,19,5,0,127.62,576.0
92,2025-08-01,1,17,12,0,690.94,145.0
93,2025-08-01,1,13,8,0,293.02,206.0
427,2025-08-01,1,10,6,1,194.28,0.0
514,2025-08-01,1,7,3,0,273.67,0.0
253,2025-08-01,1,10,5,0,328.34,725.0
409,2025-08-01,1,14,3,0,240.23,790.0
564,2025-08-01,1,14,3,6,144.59,156.0
50,2025-08-01,1,12,7,0,202.34,128.0
588,2025-08-01,1,11,1,14,31.16,96.0
446,2025-08-01,1,13,4,0,99.62,203.0
193,2025-08-01,1,8,6,0,124.43,0.0
165,2025-08-01,1,13,4,0,235.01,1447.0
147,2025-08-01,1,7,4,0,173.51,818.0
210,2025-08-01,1,6,2,0,105.8,0.0
518,2025-08-01,1,19,8,1,287.36,296.0
250,2025-08-01,1,14,4,0,77.44,183.0
358,2025-08-01,1,10,6,2,230.44,0.0
562,2025-08-01,1,20,3,0,134.61,1901.0
97,2025-08-01,1,13,4,0,151.75,2327.0
561,2025-08-01,1,11,5,11,129.16,141.0
116,2025-08-01,1,14,3,0,129.28,1140.0
53,2025-08-01,1,16,7,0,412.79,198.0
190,2025-08-01,1,13,5,0,123.59,471.0
589,2025-08-01,1,8,2,13,31.56,32.0
585,2025-08-01,1,25,12,0,339.45,816.0
44,2025-08-01,1,13,4,0,73.14,88.0
134,2025-08-01,1,8,2,0,158.32,0.0
387,2025-08-01,1,7,4,0,119.56,0.0
532,2025-08-01,1,7,1,0,63.34,0.0
235,2025-08-01,1,8,3,0,176.94,1085.0
163,2025-08-01,1,12,2,0,683.83,0.0
620,2025-08-01,1,16,0,8,0.0,55.0
614,2025-08-01,1,21,12,2,427.03,860.0
390,2025-08-01,1,9,4,0,162.32,115.0
319,2025-08-01,1,8,2,0,77.97,0.0
220,2025-08-01,1,4,4,0,101.99,0.0
462,2025-08-01,1,10,3,11,139.98,1037.0
394,2025-08-01,1,5,2,8,41.48,0.0
460,2025-08-01,1,2,2,3,21.55,0.0
285,2025-08-01,1,1,0,5,0.0,0.0
238,2025-08-01,1,13,2,0,33.13,427.0
492,2025-08-01,1,7,5,0,176.63,0.0
198,2025-08-01,1,13,5,4,132.48,274.0
169,2025-08-01,1,13,6,1,129.95,41.0
350,2025-08-01,1,14,4,0,135.73,338.0
447,2025-08-01,1,6,3,0,228.26,181.0
520,2025-08-01,1,10,7,0,189.35,109.0
510,2025-08-01,1,16,1,0,85.18,4085.0
595,2025-08-01,1,11,3,6,22.51,29.0
591,2025-08-01,1,18,8,1,233.66,378.0
596,2025-08-01,1,5,0,0,0.0,2017.0
173,2025-08-01,1,11,2,0,60.15,81.0
372,2025-08-01,1,14,4,0,119.49,1111.0
309,2025-08-01,1,15,3,0,93.41,0.0
629,2025-08-01,1,12,2,9,19.27,90.0
474,2025-08-01,1,13,4,0,200.8,122.0
553,2025-08-01,1,7,2,0,54.16,287.0
329,2025-08-01,1,12,3,0,190.31,2442.0
23,2025-08-01,1,17,1,0,18.59,6676.0
324,2025-08-01,1,20,7,0,295.72,142.0
545,2025-08-01,1,3,1,0,57.85,367.0
360,2025-08-01,1,8,2,1,22.65,0.0
565,2025-08-01,1,15,6,3,176.57,203.0
127,2025-08-01,1,9,5,0,474.71,0.0
597,2025-08-01,1,5,0,0,0.0,501.0
100,2025-08-01,1,12,2,0,49.01,270.0
340,2025-08-01,1,17,3,4,72.74,297.0
146,2025-08-01,1,11,5,0,472.4,0.0
2,2025-08-01,1,13,2,0,205.43,2042.0
543,2025-08-01,1,2,0,0,0.0,0.0
554,2025-08-01,0,0,0,0,0.0,0.0
496,2025-08-01,1,7,5,0,351.75,0.0
225,2025-08-01,1,14,4,0,128.44,182.0
621,2025-08-01,1,19,3,6,37.85,91.0
412,2025-08-01,1,9,3,0,212.07,0.0
222,2025-08-01,1,12,2,0,164.4,0.0
583,2025-08-01,1,4,0,0,0.0,0.0
619,2025-08-01,1,21,7,1,204.84,398.0
282,2025-08-01,1,8,2,0,48.8,0.0
213,2025-08-01,1,6,4,0,189.16,0.0
328,2025-08-01,1,8,0,0,0.0,2458.0
286,2025-08-01,1,4,2,0,111.25,0.0
1,2025-08-01,1,6,4,0,284.72,0.0
571,2025-08-01,1,9,3,0,167.85,214.0
559,2025-08-01,1,14,5,6,111.96,228.0
354,2025-08-01,1,16,2,0,63.89,1906.0
131,2025-08-01,1,13,6,0,237.11,144.0
628,2025-08-01,1,10,5,0,225.34,242.0
133,2025-08-01,1,17,0,0,0.0,593.0
546,2025-08-01,1,8,3,0,148.96,603.0
438,2025-08-01,0,0,0,2,0.0,0.0
43,2025-08-01,1,5,3,0,90.72,0.0
118,2025-08-01,1,8,6,1,281.38,0.0
594,2025-08-01,1,15,7,1,184.21,246.0
17,2025-08-01,1,6,1,0,60.58,765.0
24,2025-08-01,1,5,3,0,190.22,0.0
550,2025-08-01,1,5,1,0,29.15,82.0
626,2025-08-01,1,9,1,8,14.96,29.0
592,2025-08-01,1,12,4,4,105.26,110.0
150,2025-08-01,1,5,1,0,100.43,0.0
586,2025-08-01,1,5,1,1,33.95,78.0
606,2025-08-01,1,8,3,0,130.45,501.0
604,2025-08-01,1,13,3,2,71.55,207.0
563,2025-08-01,1,20,10,2,349.47,531.0
297,2025-08-01,1,11,0,0,0.0,497.0
581,2025-08-01,1,9,0,0,0.0,2466.0
557,2025-08-01,1,15,11,1,336.88,338.0
578,2025-08-01,1,6,4,0,181.1,2510.0
541,2025-08-01,1,10,2,9,91.11,107.0
617,2025-08-01,1,2,0,0,0.0,0.0
575,2025-08-01,1,4,0,0,0.0,0.0
443,2025-08-01,1,10,2,0,40.77,394.0
611,2025-08-01,1,3,1,0,32.22,297.0
623,2025-08-01,1,9,3,0,72.14,104.0
601,2025-08-01,1,3,1,4,23.3,35.0
56,2025-08-01,1,1,1,0,5.2,0.0
558,2025-08-01,1,11,3,1,65.62,86.0
600,2025-08-01,1,4,2,4,29.02,32.0
547,2025-08-01,1,7,3,0,87.05,323.0
505,2025-08-01,1,2,0,0,0.0,0.0
142,2025-08-01,1,4,0,0,0.0,0.0
540,2025-08-01,0,0,0,0,0.0,0.0
593,2025-08-01,1,2,0,0,0.0,156.0
16,2025-08-01,1,6,1,0,170.97,2794.0
627,2025-08-01,1,4,2,2,98.11,110.0
607,2025-08-01,1,8,2,0,36.77,120.0
560,2025-08-01,1,3,1,0,38.62,188.0
570,2025-08-01,1,4,2,0,33.24,344.0
172,2025-08-01,1,4,0,0,0.0,0.0
584,2025-08-01,1,5,3,0,107.16,428.0
51,2025-08-01,1,7,1,0,23.47,0.0
603,2025-08-01,1,3,1,1,44.04,134.0
281,2025-08-01,1,4,0,0,0.0,0.0
555,2025-08-01,0,0,0,0,0.0,0.0
544,2025-08-01,1,5,0,0,0.0,146.0
580,2025-08-01,1,4,2,0,61.57,206.0
432,2025-08-01,1,2,2,0,213.04,0.0
602,2025-08-01,1,3,1,0,126.94,230.0
613,2025-08-01,1,4,0,0,0.0,175.0
548,2025-08-01,1,8,2,1,18.39,47.0
378,2025-08-01,0,0,0,0,0.0,0.0
566,2025-08-01,0,0,0,0,0.0,0.0
471,2025-08-01,1,2,0,0,0.0,0.0
542,2025-08-01,1,3,1,0,30.03,657.0
430,2025-08-01,1,3,0,0,0.0,5502.0
622,2025-08-01,0,0,0,0,0.0,0.0
615,2025-08-01,1,3,1,0,16.63,497.0
573,2025-08-01,0,0,0,0,0.0,0.0
101,2025-08-01,0,0,0,0,0.0,0.0
625,2025-08-01,1,2,0,0,0.0,0.0
579,2025-08-01,0,0,0,0,0.0,0.0
616,2025-08-01,1,2,0,0,0.0,103.0
609,2025-08-01,1,2,0,0,0.0,339.0
199,2025-09-01,1,12,5,0,143.77,172.0
746,2025-09-01,1,8,1,0,30.44,7993.0
693,2025-09-01,1,21,9,4,325.09,357.0
701,2025-09-01,1,2,0,0,0.0,0.0
638,2025-09-01,1,36,19,4,955.81,2517.37
667,2025-09-01,1,11,3,0,78.18,134.0
22,2025-09-01,1,28,13,0,963.06,2598.47
62,2025-09-01,1,32,17,0,701.81,2195.14
70,2025-09-01,1,34,11,0,714.59,2151.09
83,2025-09-01,1,26,15,0,322.08,2836.73
161,2025-09-01,1,35,20,0,817.46,2547.65
180,2025-09-01,1,33,15,0,623.75,3062.21
209,2025-09-01,1,33,19,0,561.29,1960.77
266,2025-09-01,1,38,11,1,338.18,1871.71
293,2025-09-01,1,36,21,0,1174.04,2689.78
299,2025-09-01,1,28,21,0,563.18,2066.61
331,2025-09-01,1,28,14,1,737.33,1853.98
352,2025-09-01,1,33,15,0,596.78,2220.27
425,2025-09-01,1,23,14,0,246.35,2317.13
478,2025-09-01,1,35,15,0,1029.02,2136.88
501,2025-09-01,1,31,16,0,928.6,2392.04
547,2025-09-01,1,18,9,12,806.1,1927.63
548,2025-09-01,1,29,17,0,974.89,2505.84
564,2025-09-01,1,39,19,0,526.32,2553.5
589,2025-09-01,1,29,12,0,591.36,2300.03
615,2025-09-01,1,46,25,1,1391.46,2847.6
619,2025-09-01,1,28,16,0,575.57,2055.52
626,2025-09-01,1,28,17,0,820.84,2078.36
534,2025-09-01,1,26,14,1,530.91,1783.54
795,2025-09-01,1,17,8,0,402.8,416.0
28,2025-09-01,1,22,9,0,429.08,2215.3
67,2025-09-01,1,36,15,0,908.12,2308.21
287,2025-09-01,1,37,14,0,484.11,2123.95
342,2025-09-01,1,26,14,0,828.38,2925.81
402,2025-09-01,1,37,16,0,581.65,2136.27
484,2025-09-01,1,25,13,0,1136.04,1971.79
489,2025-09-01,1,30,15,1,530.52,1877.33
521,2025-09-01,1,27,16,0,603.23,1585.9
523,2025-09-01,1,36,15,0,549.74,2278.91
40,2025-09-01,1,24,17,0,554.97,4227.08
441,2025-09-01,1,30,11,0,414.99,1811.35
459,2025-09-01,1,29,20,1,575.3,2168.49
616,2025-09-01,1,15,6,0,128.6,579.0
48,2025-09-01,1,4,0,0,0.0,0.0
102,2025-09-01,1,26,11,0,473.89,2214.41
31,2025-09-01,1,40,17,0,686.86,2996.5
58,2025-09-01,1,31,26,0,989.6,2643.67
68,2025-09-01,1,33,20,0,986.99,1739.49
120,2025-09-01,1,31,15,0,883.22,1401.85
136,2025-09-01,1,37,14,5,533.98,1682.52
167,2025-09-01,1,29,14,0,628.95,2211.02
194,2025-09-01,1,26,13,0,686.7,2366.63
217,2025-09-01,1,37,17,0,497.33,3440.07
232,2025-09-01,1,31,17,0,1146.46,1745.09
271,2025-09-01,1,30,17,0,613.7,1721.48
289,2025-09-01,1,27,16,0,528.72,2162.1
295,2025-09-01,1,38,19,0,925.89,1812.05
317,2025-09-01,1,30,11,0,432.05,2505.9
377,2025-09-01,1,28,19,2,910.79,1330.26
406,2025-09-01,1,41,14,0,466.78,4078.99
560,2025-09-01,1,25,16,0,743.72,2359.8
601,2025-09-01,1,40,16,0,773.53,3557.18
236,2025-09-01,1,14,4,0,218.17,179.0
311,2025-09-01,1,40,14,0,454.57,2237.66
179,2025-09-01,1,39,18,0,805.23,2086.8
174,2025-09-01,1,27,12,0,420.31,2574.92
188,2025-09-01,1,35,17,1,533.31,2095.43
621,2025-09-01,1,41,13,0,477.74,2732.14
488,2025-09-01,1,9,7,0,200.39,0.0
284,2025-09-01,1,25,2,1,132.91,494.0
9,2025-09-01,1,27,10,0,653.96,1465.91
13,2025-09-01,1,34,21,0,932.23,2189.78
98,2025-09-01,1,28,12,0,528.19,3319.35
316,2025-09-01,1,25,12,0,670.48,1911.32
332,2025-09-01,1,30,17,0,977.15,2330.31
420,2025-09-01,1,29,9,0,393.05,2400.82
506,2025-09-01,1,37,14,0,466.78,1681.44
512,2025-09-01,1,28,19,0,682.01,2340.92
513,2025-09-01,1,31,20,0,1015.68,2620.01
588,2025-09-01,1,30,19,1,988.57,1997.37
600,2025-09-01,1,24,17,0,757.44,1988.24
544,2025-09-01,1,17,7,2,262.77,309.0
485,2025-09-01,1,12,5,0,332.48,436.0
398,2025-09-01,1,26,17,0,621.09,2000.57
146,2025-09-01,1,17,10,1,395.44,61.0
118,2025-09-01,1,1,1,0,11.52,0.0
507,2025-09-01,1,46,21,1,645.51,2047.59
47,2025-09-01,1,24,8,0,282.92,1395.66
307,2025-09-01,1,39,16,0,535.0,2373.75
509,2025-09-01,1,32,15,1,882.3,1516.46
57,2025-09-01,1,10,1,0,33.57,1600.0
446,2025-09-01,1,4,4,0,179.69,0.0
145,2025-09-01,1,35,14,0,436.17,2111.64
6,2025-09-01,1,40,25,0,1103.88,2258.36
279,2025-09-01,1,28,23,0,1010.06,2640.33
108,2025-09-01,1,32,16,0,559.29,1922.01
21,2025-09-01,1,39,24,0,1411.59,2024.4
276,2025-09-01,1,39,24,0,1144.81,2347.11
189,2025-09-01,1,33,12,3,486.51,2628.3
257,2025-09-01,1,28,6,0,223.45,1241.0
110,2025-09-01,1,20,6,0,164.87,801.0
42,2025-09-01,1,23,14,0,508.52,3446.12
76,2025-09-01,1,25,11,0,492.05,2848.03
38,2025-09-01,1,38,21,0,880.94,2178.5
576,2025-09-01,1,25,11,1,600.99,1639.5
178,2025-09-01,1,28,14,0,478.58,2578.25
453,2025-09-01,1,17,6,1,199.32,63.0
474,2025-09-01,1,14,4,0,110.81,433.0
112,2025-09-01,1,14,4,0,88.38,219.0
473,2025-09-01,1,36,19,0,966.81,2666.8
364,2025-09-01,1,22,13,0,603.02,1915.85
557,2025-09-01,1,31,12,2,419.91,1959.86
148,2025-09-01,1,16,8,0,162.78,434.0
218,2025-09-01,1,15,4,0,76.16,691.0
335,2025-09-01,1,40,17,0,629.47,2583.93
131,2025-09-01,1,13,5,0,1380.79,0.0
247,2025-09-01,1,23,9,0,205.33,696.0
596,2025-09-01,1,7,3,0,218.86,0.0
469,2025-09-01,1,30,16,4,661.72,1833.82
486,2025-09-01,1,32,21,0,982.79,2492.46
568,2025-09-01,1,39,26,0,882.15,2049.98
29,2025-09-01,1,23,10,0,610.36,132.0
431,2025-09-01,1,23,14,2,491.51,1557.68
121,2025-09-01,1,31,6,0,151.79,1469.0
220,2025-09-01,1,12,4,0,191.95,628.0
546,2025-09-01,1,18,4,0,146.5,393.0
44,2025-09-01,1,16,5,0,607.54,46.0
539,2025-09-01,1,28,8,0,183.6,1009.0
603,2025-09-01,1,9,4,2,155.62,127.0
330,2025-09-01,1,37,15,0,414.85,1782.79
242,2025-09-01,1,33,16,0,498.72,2293.09
750,2025-09-01,1,21,14,5,486.59,489.0
624,2025-09-01,1,27,16,4,790.24,2015.88
561,2025-09-01,1,27,16,1,730.25,2917.84
609,2025-09-01,1,34,16,0,400.08,1825.78
155,2025-09-01,1,35,19,0,754.89,2298.07
552,2025-09-01,1,34,17,0,645.25,2176.8
375,2025-09-01,1,23,12,0,347.39,1811.79
300,2025-09-01,1,12,4,2,136.37,0.0
405,2025-09-01,1,9,0,0,0.0,717.0
530,2025-09-01,1,32,14,0,484.69,2519.11
370,2025-09-01,1,9,3,2,86.87,0.0
458,2025-09-01,1,7,3,0,177.84,0.0
418,2025-09-01,1,27,16,2,666.2,1633.47
454,2025-09-01,1,21,7,1,428.6,573.0
321,2025-09-01,1,30,13,6,1227.31,1865.35
197,2025-09-01,1,15,5,0,381.56,788.0
253,2025-09-01,1,13,7,0,284.66,0.0
563,2025-09-01,1,9,4,0,259.21,1980.94
504,2025-09-01,1,33,13,0,1147.93,3385.88
24,2025-09-01,1,24,4,0,371.71,3453.0
584,2025-09-01,1,17,5,0,92.03,1008.0
265,2025-09-01,1,24,11,1,727.87,1679.7
173,2025-09-01,1,25,6,0,170.76,767.0
124,2025-09-01,1,31,17,0,581.31,2932.42
152,2025-09-01,1,24,15,0,531.28,3625.09
283,2025-09-01,1,38,19,0,645.48,2038.5
695,2025-09-01,1,14,5,1,210.47,307.0
411,2025-09-01,1,32,15,0,651.36,1468.7
239,2025-09-01,1,24,10,6,782.39,2169.4
177,2025-09-01,1,10,6,0,310.01,0.0
421,2025-09-01,1,7,3,0,62.67,0.0
595,2025-09-01,1,22,7,9,306.28,1517.15
23,2025-09-01,1,10,1,0,36.58,1733.0
606,2025-09-01,1,17,5,0,334.44,1034.0
355,2025-09-01,1,43,24,0,861.44,3309.9
423,2025-09-01,1,41,22,5,745.92,2106.54
159,2025-09-01,1,42,23,0,1049.68,2743.8
310,2025-09-01,1,37,22,0,1144.07,2511.05
529,2025-09-01,1,34,15,0,1085.91,2110.21
408,2025-09-01,1,30,16,1,601.26,1962.13
278,2025-09-01,1,30,17,1,558.53,1992.59
111,2025-09-01,1,25,12,2,344.54,1730.2
291,2025-09-01,1,20,11,0,519.0,2046.55
333,2025-09-01,1,17,4,0,76.09,299.0
329,2025-09-01,1,16,2,0,117.15,3067.0
158,2025-09-01,1,37,18,2,840.79,2055.09
251,2025-09-01,1,36,16,1,554.38,1966.69
357,2025-09-01,1,36,17,0,1238.82,3511.8
228,2025-09-01,1,9,3,0,43.91,0.0
4,2025-09-01,1,17,5,0,76.08,0.0
223,2025-09-01,1,15,3,0,45.67,367.0
8,2025-09-01,1,30,15,2,1114.13,2363.98
367,2025-09-01,1,1,1,0,69.4,0.0
15,2025-09-01,1,43,20,0,723.8,2375.09
280,2025-09-01,1,29,12,0,723.16,1888.66
261,2025-09-01,1,13,8,1,182.92,292.0
614,2025-09-01,1,21,16,0,591.9,1396.65
277,2025-09-01,1,25,13,0,404.63,2735.33
360,2025-09-01,1,10,3,3,151.16,175.0
353,2025-09-01,1,13,7,1,302.79,0.0
620,2025-09-01,1,26,13,1,408.32,2168.16
150,2025-09-01,1,4,0,0,0.0,0.0
541,2025-09-01,1,35,19,1,626.59,2515.09
397,2025-09-01,1,3,1,0,22.01,0.0
104,2025-09-01,1,21,14,0,413.24,2359.29
384,2025-09-01,1,20,13,0,919.48,1827.91
143,2025-09-01,1,34,17,0,1017.51,2001.43
427,2025-09-01,1,11,0,8,0.0,199.0
275,2025-09-01,1,12,3,0,65.29,274.0
437,2025-09-01,1,22,4,0,239.04,3409.0
495,2025-09-01,1,13,3,0,200.15,1245.0
245,2025-09-01,1,11,5,0,168.15,0.0
466,2025-09-01,1,23,8,0,331.81,880.0
622,2025-09-01,1,8,2,0,117.76,1175.0
250,2025-09-01,1,16,5,0,168.81,88.0
89,2025-09-01,1,9,3,0,92.63,0.0
210,2025-09-01,1,15,6,0,121.09,293.0
580,2025-09-01,1,34,19,0,606.72,2457.31
263,2025-09-01,1,29,17,0,805.9,3374.04
519,2025-09-01,1,13,4,1,145.4,492.0
113,2025-09-01,1,17,9,0,260.41,0.0
160,2025-09-01,1,34,21,0,1147.12,2816.74
16,2025-09-01,1,8,1,0,33.11,718.0
19,2025-09-01,1,10,4,0,139.57,0.0
380,2025-09-01,1,31,17,0,613.62,2948.03
66,2025-09-01,1,39,20,1,1126.11,1672.59
45,2025-09-01,1,40,24,0,721.15,1788.69
123,2025-09-01,1,22,13,0,434.57,2900.3
429,2025-09-01,1,30,17,0,543.63,1914.67
436,2025-09-01,1,2,2,0,125.15,2119.88
107,2025-09-01,1,37,16,0,614.04,1447.14
258,2025-09-01,1,20,3,0,125.46,885.0
439,2025-09-01,1,22,11,0,392.34,1956.38
175,2025-09-01,1,33,16,0,516.88,2524.47
292,2025-09-01,1,24,16,0,552.44,3290.54
590,2025-09-01,1,24,12,0,356.64,2586.98
607,2025-09-01,1,9,2,5,59.1,0.0
141,2025-09-01,1,30,15,1,530.92,1426.9
10,2025-09-01,1,23,5,1,116.75,916.0
337,2025-09-01,1,4,1,0,24.39,340.0
151,2025-09-01,1,22,13,0,483.66,1894.17
184,2025-09-01,1,29,18,0,613.15,2280.58
227,2025-09-01,1,35,17,0,576.07,1992.47
241,2025-09-01,1,36,13,0,428.61,1680.64
305,2025-09-01,1,33,18,0,477.3,1881.81
334,2025-09-01,1,26,12,0,717.45,2156.23
362,2025-09-01,1,28,11,0,509.71,1763.61
491,2025-09-01,1,31,12,4,452.99,1159.48
503,2025-09-01,1,19,8,0,177.38,1527.21
511,2025-09-01,1,26,14,0,383.18,1644.76
559,2025-09-01,1,26,11,3,384.37,1411.49
604,2025-09-01,1,22,9,0,298.0,2076.55
796,2025-09-01,1,23,9,1,323.62,116.0
221,2025-09-01,1,18,5,0,188.05,151.0
464,2025-09-01,1,2,0,0,0.0,0.0
256,2025-09-01,1,19,4,0,125.93,886.0
386,2025-09-01,1,23,12,0,491.43,2801.92
12,2025-09-01,1,41,20,0,611.7,2165.07
803,2025-09-01,1,12,4,3,106.83,1185.0
394,2025-09-01,1,14,4,3,149.61,167.0
274,2025-09-01,1,32,17,0,710.97,3615.75
434,2025-09-01,1,14,7,0,241.14,118.0
216,2025-09-01,1,6,3,0,153.98,253.0
496,2025-09-01,1,20,2,0,64.35,1875.0
268,2025-09-01,1,6,1,0,50.42,1046.0
202,2025-09-01,1,26,11,0,467.46,2299.35
60,2025-09-01,1,19,4,0,65.33,1105.0
34,2025-09-01,1,15,10,1,593.92,1112.36
328,2025-09-01,1,13,2,0,137.0,7689.0
212,2025-09-01,1,26,14,0,556.51,2098.3
433,2025-09-01,1,22,9,0,318.42,2421.23
578,2025-09-01,1,15,2,0,46.6,655.0
94,2025-09-01,1,19,7,0,302.74,2299.5
445,2025-09-01,1,10,2,4,21.68,42.0
442,2025-09-01,1,9,3,6,54.52,574.0
272,2025-09-01,1,38,15,0,684.23,1828.31
438,2025-09-01,1,11,2,1,58.36,515.0
100,2025-09-01,1,13,5,0,137.9,326.0
538,2025-09-01,1,31,24,1,1228.67,1950.32
531,2025-09-01,1,28,14,0,431.34,2578.59
84,2025-09-01,1,3,1,0,61.12,0.0
424,2025-09-01,1,16,9,0,451.36,1686.81
428,2025-09-01,1,9,0,4,0.0,468.0
527,2025-09-01,1,28,11,0,400.4,1524.61
767,2025-09-01,1,10,2,7,68.3,70.0
309,2025-09-01,1,11,2,0,39.34,2739.0
288,2025-09-01,1,25,10,2,307.43,1689.8
230,2025-09-01,1,29,12,0,411.95,3023.3
318,2025-09-01,1,24,13,3,483.61,2534.95
687,2025-09-01,1,10,1,0,47.65,692.0
126,2025-09-01,1,23,8,0,247.52,1778.2
165,2025-09-01,1,15,2,0,62.69,7261.0
198,2025-09-01,1,10,5,0,136.54,297.0
476,2025-09-01,1,15,4,0,149.6,163.0
457,2025-09-01,1,47,23,0,734.48,1555.55
799,2025-09-01,1,26,9,6,251.67,420.0
264,2025-09-01,1,15,1,1,32.77,300.0
468,2025-09-01,1,21,5,0,139.76,628.0
415,2025-09-01,1,25,12,0,456.52,1721.67
514,2025-09-01,1,26,6,0,167.89,820.0
50,2025-09-01,1,12,3,0,54.2,82.0
2,2025-09-01,1,19,4,0,188.75,1343.0
116,2025-09-01,1,12,0,0,0.0,1463.0
629,2025-09-01,1,45,18,1,547.11,2811.33
490,2025-09-01,1,34,13,1,498.35,2768.8
81,2025-09-01,1,34,21,2,625.55,2198.29
758,2025-09-01,1,9,5,15,115.79,117.0
520,2025-09-01,1,4,2,0,45.08,0.0
365,2025-09-01,1,14,2,0,42.14,165.0
417,2025-09-01,1,29,18,0,897.22,4909.26
315,2025-09-01,1,18,5,0,203.36,112.0
611,2025-09-01,1,32,17,0,730.81,3014.83
497,2025-09-01,1,8,2,2,75.08,72.0
345,2025-09-01,1,34,20,0,960.83,1959.02
92,2025-09-01,1,17,4,0,73.27,366.0
127,2025-09-01,1,18,4,0,143.6,627.0
1,2025-09-01,1,8,1,0,12.73,1829.0
196,2025-09-01,1,19,6,0,304.1,1108.0
558,2025-09-01,1,26,15,1,526.75,3785.78
591,2025-09-01,1,37,20,6,794.0,1396.7
78,2025-09-01,1,14,2,1,88.72,531.0
72,2025-09-01,1,12,5,0,249.96,313.0
219,2025-09-01,1,9,7,0,539.98,0.0
87,2025-09-01,1,30,13,0,288.5,1311.29
324,2025-09-01,1,17,5,0,188.27,0.0
545,2025-09-01,1,10,5,0,206.28,240.0
301,2025-09-01,1,21,6,0,271.32,187.0
594,2025-09-01,1,29,20,0,1089.87,1654.08
130,2025-09-01,1,15,4,0,178.48,1001.0
63,2025-09-01,1,28,17,0,896.6,2323.8
302,2025-09-01,1,39,16,0,758.52,2020.25
336,2025-09-01,1,24,15,0,854.98,2960.46
719,2025-09-01,1,2,0,0,0.0,0.0
195,2025-09-01,1,9,4,0,91.03,600.0
117,2025-09-01,1,22,7,0,344.46,2044.57
132,2025-09-01,1,31,17,0,501.4,2643.38
403,2025-09-01,1,29,14,1,604.76,1988.44
510,2025-09-01,1,14,1,0,23.6,1335.0
623,2025-09-01,1,11,5,1,171.3,439.0
11,2025-09-01,1,27,14,0,437.41,2106.32
71,2025-09-01,1,36,15,0,603.06,2119.01
88,2025-09-01,1,24,15,0,580.43,2019.59
170,2025-09-01,1,32,18,0,922.24,1834.28
359,2025-09-01,1,39,20,0,794.7,3294.88
205,2025-09-01,1,11,5,0,132.41,349.0
32,2025-09-01,1,37,20,0,651.33,2461.24
571,2025-09-01,1,14,3,1,69.61,618.0
628,2025-09-01,1,17,5,0,154.12,280.0
522,2025-09-01,1,36,17,2,707.03,2041.8
562,2025-09-01,1,6,6,0,153.22,0.0
612,2025-09-01,1,26,6,2,282.9,1079.0
463,2025-09-01,1,15,7,0,178.96,0.0
393,2025-09-01,1,9,3,0,348.7,0.0
105,2025-09-01,1,25,10,0,276.1,1922.33
818,2025-09-01,1,14,3,9,123.7,126.0
135,2025-09-01,1,19,7,0,212.86,482.0
211,2025-09-01,1,23,9,1,678.33,2695.89
791,2025-09-01,1,10,2,1,151.67,186.0
313,2025-09-01,1,10,6,0,107.58,0.0
774,2025-09-01,1,13,5,11,149.44,161.0
285,2025-09-01,1,6,0,3,0.0,201.0
82,2025-09-01,1,31,15,0,588.97,2430.32
526,2025-09-01,1,8,4,0,218.07,0.0
95,2025-09-01,1,18,4,0,210.78,1567.0
267,2025-09-01,1,29,15,2,514.55,2713.35
323,2025-09-01,1,13,5,0,145.09,491.0
465,2025-09-01,1,20,2,0,215.69,2674.0
75,2025-09-01,1,35,16,0,722.63,2412.32
472,2025-09-01,1,26,11,1,470.17,3672.72
125,2025-09-01,1,18,6,0,155.54,421.0
30,2025-09-01,1,3,1,0,19.17,0.0
235,2025-09-01,1,8,1,0,39.54,774.0
269,2025-09-01,1,17,3,0,96.55,6001.0
565,2025-09-01,1,12,1,4,19.22,74.0
518,2025-09-01,1,23,3,4,132.75,367.0
450,2025-09-01,1,7,4,0,186.9,228.0
550,2025-09-01,1,18,5,0,109.12,53.0
262,2025-09-01,1,25,16,0,665.92,1850.44
387,2025-09-01,1,10,1,0,80.55,241.0
470,2025-09-01,1,24,2,0,30.95,928.0
597,2025-09-01,1,11,3,0,93.55,0.0
192,2025-09-01,1,8,3,0,161.88,1665.0
169,2025-09-01,1,9,1,1,19.37,0.0
414,2025-09-01,1,11,7,2,142.83,0.0
154,2025-09-01,1,13,6,0,107.91,43.0
532,2025-09-01,1,6,4,0,117.3,0.0
109,2025-09-01,1,8,8,0,245.17,0.0
399,2025-09-01,1,23,5,0,252.82,462.0
203,2025-09-01,1,12,2,0,25.17,287.0
766,2025-09-01,1,21,7,7,183.45,314.0
149,2025-09-01,1,11,3,0,103.56,5894.0
18,2025-09-01,1,26,15,0,460.92,1724.98
592,2025-09-01,1,31,11,1,356.91,1645.29
326,2025-09-01,1,18,8,0,190.98,229.0
482,2025-09-01,1,26,11,0,518.67,2362.77
618,2025-09-01,1,21,9,0,310.01,1852.18
525,2025-09-01,1,15,4,1,106.55,52.0
79,2025-09-01,1,27,11,0,368.95,1727.22
187,2025-09-01,1,31,13,0,516.54,2576.59
498,2025-09-01,1,16,3,0,57.59,581.0
297,2025-09-01,1,15,4,0,411.48,508.0
37,2025-09-01,1,14,9,0,377.34,68.0
404,2025-09-01,1,20,6,0,231.2,337.0
224,2025-09-01,1,18,8,0,296.72,259.0
481,2025-09-01,1,8,6,0,125.95,0.0
819,2025-09-01,1,7,1,0,11.81,94.0
97,2025-09-01,1,16,2,0,71.27,2871.0
811,2025-09-01,1,10,2,3,32.37,68.0
447,2025-09-01,1,15,6,0,262.23,307.0
56,2025-09-01,1,14,2,0,77.04,1569.0
410,2025-09-01,1,12,6,0,236.97,0.0
613,2025-09-01,1,12,5,0,157.98,973.0
379,2025-09-01,1,14,8,2,394.26,166.0
395,2025-09-01,1,17,3,0,62.91,531.0
656,2025-09-01,1,9,4,0,106.8,152.0
493,2025-09-01,1,12,2,0,46.17,0.0
456,2025-09-01,1,11,5,2,215.52,0.0
700,2025-09-01,1,24,8,4,264.17,293.0
409,2025-09-01,1,7,4,0,208.02,3842.0
55,2025-09-01,1,12,9,0,325.58,0.0
260,2025-09-01,1,14,9,0,242.37,162.0
443,2025-09-01,1,9,3,0,146.44,0.0
249,2025-09-01,1,14,7,0,466.46,349.0
691,2025-09-01,1,10,3,0,236.34,360.0
542,2025-09-01,1,12,7,0,203.52,583.0
570,2025-09-01,1,17,5,3,149.64,317.0
361,2025-09-01,1,4,0,6,0.0,37.0
378,2025-09-01,1,14,0,0,0.0,11095.0
593,2025-09-01,1,6,4,1,100.53,0.0
821,2025-09-01,1,17,5,4,234.54,279.0
820,2025-09-01,1,20,6,0,332.01,548.0
358,2025-09-01,1,10,1,5,4.48,0.0
677,2025-09-01,1,22,12,0,485.26,154.0
627,2025-09-01,1,4,0,5,0.0,0.0
728,2025-09-01,1,12,6,2,123.72,148.0
630,2025-09-01,1,11,6,0,150.73,868.0
351,2025-09-01,1,19,8,0,263.54,551.0
426,2025-09-01,1,11,4,0,65.23,177.0
412,2025-09-01,1,7,4,0,212.41,995.0
139,2025-09-01,1,8,1,0,23.53,2281.0
234,2025-09-01,1,5,1,0,43.85,1066.0
448,2025-09-01,1,15,5,0,186.01,99.0
492,2025-09-01,1,16,5,2,125.94,426.0
432,2025-09-01,1,10,2,0,44.01,3391.0
789,2025-09-01,1,22,12,0,382.26,294.0
533,2025-09-01,1,19,4,0,214.52,4933.0
647,2025-09-01,1,16,4,2,146.43,148.0
286,2025-09-01,1,15,3,0,360.86,3388.0
808,2025-09-01,1,14,3,0,113.23,898.0
340,2025-09-01,1,8,5,0,171.39,0.0
193,2025-09-01,1,15,7,0,264.12,0.0
140,2025-09-01,1,19,3,0,146.31,388.0
134,2025-09-01,1,15,5,0,143.61,6191.0
556,2025-09-01,1,9,4,0,206.89,1471.0
17,2025-09-01,1,5,2,0,73.23,1932.0
697,2025-09-01,1,14,5,0,232.94,335.0
741,2025-09-01,1,10,6,1,190.82,194.0
517,2025-09-01,1,8,0,7,0.0,0.0
749,2025-09-01,1,12,4,11,165.97,168.0
743,2025-09-01,1,4,2,1,74.07,84.0
190,2025-09-01,1,4,4,0,99.92,0.0
238,2025-09-01,1,15,5,0,178.75,969.0
413,2025-09-01,1,1,1,0,27.45,0.0
655,2025-09-01,1,10,4,2,186.15,39.0
133,2025-09-01,1,12,3,0,69.01,461.0
773,2025-09-01,1,12,8,6,437.1,324.0
586,2025-09-01,1,20,5,2,282.61,367.0
435,2025-09-01,1,9,2,1,43.95,238.0
579,2025-09-01,1,15,4,12,109.79,121.0
349,2025-09-01,1,6,0,5,0.0,0.0
252,2025-09-01,1,14,5,0,249.51,640.0
462,2025-09-01,1,8,6,0,258.37,0.0
371,2025-09-01,1,6,2,4,14.35,0.0
508,2025-09-01,1,11,5,0,113.27,0.0
396,2025-09-01,1,22,6,0,221.23,806.0
634,2025-09-01,1,2,0,0,0.0,0.0
670,2025-09-01,1,7,2,4,40.62,52.0
769,2025-09-01,1,13,5,0,139.7,390.0
725,2025-09-01,1,10,2,0,36.19,2134.0
322,2025-09-01,1,15,9,0,282.63,363.0
346,2025-09-01,1,14,4,0,71.58,468.0
374,2025-09-01,1,9,2,0,19.83,102.0
658,2025-09-01,1,15,9,0,305.74,339.0
347,2025-09-01,1,16,4,0,91.1,616.0
157,2025-09-01,1,3,1,0,12.46,0.0
356,2025-09-01,1,7,4,1,123.56,209.0
201,2025-09-01,1,7,3,0,305.62,0.0
392,2025-09-01,1,16,3,0,109.89,92.0
790,2025-09-01,1,17,9,1,244.94,282.0
816,2025-09-01,1,7,1,1,10.53,132.0
449,2025-09-01,1,7,4,2,127.29,30.0
452,2025-09-01,1,19,8,0,272.35,78.0
585,2025-09-01,1,8,4,0,118.69,0.0
101,2025-09-01,1,8,2,0,317.67,1218.0
540,2025-09-01,1,13,2,15,110.74,116.0
722,2025-09-01,1,11,2,0,80.29,149.0
651,2025-09-01,1,18,1,0,32.07,631.0
259,2025-09-01,1,8,4,0,98.06,0.0
372,2025-09-01,1,16,3,0,119.02,4595.0
569,2025-09-01,1,8,2,4,50.22,72.0
163,2025-09-01,1,11,3,0,96.66,1090.0
581,2025-09-01,1,8,2,0,85.1,0.0
721,2025-09-01,1,14,6,7,205.24,208.0
93,2025-09-01,1,7,3,0,131.8,0.0
573,2025-09-01,1,9,2,0,49.9,397.0
631,2025-09-01,1,4,0,0,0.0,0.0
53,2025-09-01,1,8,2,0,100.57,0.0
5,2025-09-01,1,9,3,0,73.19,0.0
711,2025-09-01,1,9,1,0,22.81,4944.0
759,2025-09-01,1,11,5,1,117.18,119.0
350,2025-09-01,1,12,4,0,117.93,0.0
785,2025-09-01,1,4,0,0,0.0,0.0
636,2025-09-01,1,7,2,0,267.98,7836.0
794,2025-09-01,1,9,5,1,187.08,266.0
676,2025-09-01,1,15,7,1,251.72,334.0
744,2025-09-01,0,0,0,0,0.0,0.0
354,2025-09-01,1,11,1,0,27.42,1807.0
461,2025-09-01,1,7,5,0,156.88,0.0
273,2025-09-01,1,8,2,0,62.46,0.0
756,2025-09-01,1,13,4,0,126.64,255.0
99,2025-09-01,1,10,6,0,260.96,0.0
320,2025-09-01,1,1,1,0,8.53,0.0
752,2025-09-01,1,8,2,2,24.61,38.0
214,2025-09-01,1,9,3,0,59.83,0.0
703,2025-09-01,1,6,2,1,32.3,56.0
802,2025-09-01,1,20,12,2,317.02,324.0
666,2025-09-01,1,10,3,0,62.14,248.0
430,2025-09-01,1,12,3,0,527.52,1195.0
444,2025-09-01,1,7,2,0,52.83,634.0
664,2025-09-01,1,19,8,3,170.35,188.0
338,2025-09-01,1,4,0,0,0.0,0.0
147,2025-09-01,1,6,1,0,17.65,791.0
61,2025-09-01,1,11,3,0,90.74,0.0
602,2025-09-01,1,8,1,1,34.48,1092.0
688,2025-09-01,1,5,1,1,29.5,82.0
710,2025-09-01,1,5,3,0,378.89,1082.0
788,2025-09-01,1,19,6,0,202.99,828.0
823,2025-09-01,1,8,2,3,75.21,83.0
366,2025-09-01,1,11,1,0,42.13,439.0
678,2025-09-01,1,7,5,0,176.12,289.0
713,2025-09-01,1,13,3,0,134.41,579.0
36,2025-09-01,1,10,3,0,128.57,127.0
319,2025-09-01,1,10,3,0,100.75,4444.0
782,2025-09-01,1,8,0,0,0.0,964.0
668,2025-09-01,1,8,2,1,55.09,56.0
652,2025-09-01,1,5,1,1,24.7,62.0
598,2025-09-01,1,9,5,0,107.35,0.0
738,2025-09-01,1,8,2,3,41.75,62.0
348,2025-09-01,1,4,0,0,0.0,0.0
807,2025-09-01,1,5,1,0,59.46,146.0
708,2025-09-01,1,21,8,1,182.03,393.0
567,2025-09-01,1,7,1,0,25.48,0.0
797,2025-09-01,1,9,3,0,101.41,497.0
391,2025-09-01,1,12,3,0,62.22,357.0
543,2025-09-01,1,2,0,0,0.0,0.0
642,2025-09-01,1,13,2,0,46.33,871.0
282,2025-09-01,1,8,1,2,41.04,131.0
390,2025-09-01,1,4,2,0,49.68,0.0
665,2025-09-01,0,0,0,0,0.0,0.0
680,2025-09-01,1,2,0,0,0.0,1854.0
296,2025-09-01,1,5,5,0,125.1,0.0
705,2025-09-01,1,7,1,0,44.22,198.0
643,2025-09-01,1,8,2,0,29.54,747.0
757,2025-09-01,1,11,5,1,226.57,258.0
222,2025-09-01,1,9,2,0,184.04,1212.0
732,2025-09-01,1,11,5,4,140.25,133.0
577,2025-09-01,1,5,1,0,74.2,0.0
698,2025-09-01,1,11,5,4,131.0,140.0
225,2025-09-01,1,12,5,0,168.23,1498.0
306,2025-09-01,1,6,4,0,375.58,0.0
689,2025-09-01,1,11,5,0,273.48,122.0
440,2025-09-01,1,7,2,0,42.55,3992.0
704,2025-09-01,1,7,0,0,0.0,893.0
654,2025-09-01,1,2,0,0,0.0,0.0
640,2025-09-01,1,8,3,0,106.1,149.0
787,2025-09-01,1,2,0,0,0.0,93.0
781,2025-09-01,1,3,1,0,35.88,336.0
51,2025-09-01,1,3,1,0,597.16,0.0
817,2025-09-01,1,4,0,0,0.0,381.0
248,2025-09-01,1,5,1,0,306.38,856.0
213,2025-09-01,1,15,0,0,0.0,794.0
553,2025-09-01,1,5,0,0,0.0,69.0
814,2025-09-01,1,8,2,4,39.58,48.0
784,2025-09-01,1,5,3,0,69.91,186.0
681,2025-09-01,1,3,1,0,8.79,223.0
566,2025-09-01,1,10,1,0,124.21,4981.0
765,2025-09-01,1,11,7,0,270.48,896.0
761,2025-09-01,0,0,0,0,0.0,0.0
645,2025-09-01,1,2,0,0,0.0,613.0
747,2025-09-01,1,5,2,2,37.51,40.0
685,2025-09-01,1,6,2,0,41.44,90.0
760,2025-09-01,1,6,1,0,26.02,925.0
659,2025-09-01,1,8,1,0,10.47,449.0
753,2025-09-01,1,7,1,0,12.63,419.0
801,2025-09-01,1,3,1,1,22.07,96.0
824,2025-09-01,1,12,4,1,142.57,220.0
733,2025-09-01,1,7,3,0,117.14,93.0
718,2025-09-01,1,2,0,0,0.0,322.0
648,2025-09-01,1,7,1,0,62.41,1813.0
739,2025-09-01,1,7,3,0,96.46,296.0
644,2025-09-01,1,6,2,2,43.01,61.0
804,2025-09-01,1,3,1,0,4.48,112.0
736,2025-09-01,1,2,0,0,0.0,295.0
783,2025-09-01,1,4,2,0,235.97,3774.0
653,2025-09-01,1,4,2,0,30.1,75.0
304,2025-09-01,1,5,2,0,57.88,91.0
809,2025-09-01,1,11,5,0,127.98,549.0
702,2025-09-01,1,3,1,0,23.34,186.0
663,2025-09-01,1,6,2,4,46.34,93.0
679,2025-09-01,1,3,1,1,14.31,97.0
717,2025-09-01,0,0,0,0,0.0,0.0
777,2025-09-01,1,2,0,0,0.0,1174.0
730,2025-09-01,0,0,0,0,0.0,0.0
662,2025-09-01,1,10,2,4,42.92,60.0
775,2025-09-01,1,3,1,0,75.4,89.0
762,2025-09-01,1,8,4,0,166.04,212.0
751,2025-09-01,1,4,0,0,0.0,2501.0
684,2025-09-01,1,2,0,0,0.0,187.0
780,2025-09-01,1,5,0,0,0.0,20654.0
822,2025-09-01,1,4,2,0,51.21,146.0
674,2025-09-01,1,5,1,2,37.33,51.0
715,2025-09-01,1,9,3,0,156.47,277.0
779,2025-09-01,0,0,0,0,0.0,0.0
669,2025-09-01,1,5,1,0,26.96,51.0
650,2025-09-01,0,0,0,0,0.0,0.0
633,2025-09-01,1,7,2,0,41.07,331.0
786,2025-09-01,1,3,1,1,57.16,65.0
742,2025-09-01,0,0,0,0,0.0,0.0
735,2025-09-01,1,5,1,0,48.53,158.0
776,2025-09-01,0,0,0,0,0.0,0.0
731,2025-09-01,0,0,0,0,0.0,0.0
726,2025-09-01,1,6,0,0,0.0,255.0
683,2025-09-01,1,2,0,0,0.0,333.0
720,2025-09-01,1,2,0,0,0.0,220.0
716,2025-09-01,0,0,0,0,0.0,0.0
675,2025-09-01,1,3,0,0,0.0,105.0
768,2025-09-01,1,2,0,0,0.0,50.0
792,2025-09-01,1,8,2,0,50.43,206.0
745,2025-09-01,0,0,0,0,0.0,0.0
641,2025-09-01,1,3,1,0,201.13,377.0
673,2025-09-01,0,0,0,0,0.0,0.0
714,2025-09-01,1,5,0,0,0.0,648.0
707,2025-09-01,0,0,0,0,0.0,0.0
812,2025-09-01,0,0,0,0,0.0,0.0
748,2025-09-01,0,0,0,0,0.0,0.0
671,2025-09-01,0,0,0,0,0.0,0.0
778,2025-09-01,0,0,0,0,0.0,0.0
696,2025-09-01,1,2,0,0,0.0,6147.0
793,2025-09-01,0,0,0,0,0.0,0.0
771,2025-09-01,0,0,0,0,0.0,0.0
815,2025-09-01,0,0,0,0,0.0,0.0
770,2025-09-01,0,0,0,0,0.0,0.0
763,2025-09-01,1,2,0,0,0.0,128.0
764,2025-09-01,0,0,0,0,0.0,0.0
339,2025-09-01,1,2,0,0,0.0,986.0
632,2025-09-01,1,2,0,0,0.0,144.0
754,2025-09-01,1,5,0,0,0.0,779.0
772,2025-09-01,1,4,0,0,0.0,143.0
639,2025-09-01,0,0,0,0,0.0,0.0
686,2025-09-01,1,3,1,0,97.99,319.0
477,2025-09-01,1,5,1,0,38.66,3520.0
657,2025-09-01,0,0,0,0,0.0,0.0
73,2025-09-01,1,4,0,0,0.0,0.0
810,2025-09-01,0,0,0,0,0.0,0.0
649,2025-09-01,0,0,0,0,0.0,0.0
806,2025-09-01,0,0,0,0,0.0,0.0
729,2025-09-01,0,0,0,0,0.0,0.0
54,2025-09-01,1,4,0,0,0.0,0.0
723,2025-09-01,0,0,0,0,0.0,0.0
661,2025-09-01,0,0,0,0,0.0,0.0
709,2025-09-01,0,0,0,0,0.0,0.0
635,2025-09-01,0,0,0,0,0.0,0.0
690,2025-09-01,0,0,0,0,0.0,0.0
813,2025-09-01,0,0,0,0,0.0,0.0
712,2025-09-01,0,0,0,0,0.0,0.0
686,2025-10-01,1,31,14,0,505.0,2139.35
941,2025-10-01,1,29,15,13,366.9,382.0
354,2025-10-01,1,6,3,0,171.67,1056.0
94,2025-10-01,1,33,19,0,1280.01,2390.96
249,2025-10-01,1,21,10,0,300.2,562.0
179,2025-10-01,1,36,15,0,531.1,2159.09
624,2025-10-01,1,31,14,0,508.58,2080.93
67,2025-10-01,1,29,14,0,503.55,2227.75
111,2025-10-01,1,29,19,0,829.16,1859.21
126,2025-10-01,1,32,17,0,677.38,1775.2
155,2025-10-01,1,29,19,0,948.03,2332.09
194,2025-10-01,1,44,19,4,708.99,2288.29
230,2025-10-01,1,29,18,0,451.47,3479.68
242,2025-10-01,1,28,19,0,657.75,2306.24
276,2025-10-01,1,29,20,0,575.53,2323.08
283,2025-10-01,1,40,21,0,814.16,2233.44
305,2025-10-01,1,37,16,0,670.19,1917.57
318,2025-10-01,1,26,8,0,859.09,2785.1
501,2025-10-01,1,45,21,0,623.46,2601.36
507,2025-10-01,1,28,11,4,1086.7,1661.19
557,2025-10-01,1,45,17,0,1093.51,2390.73
568,2025-10-01,1,49,28,3,1133.06,2062.6
576,2025-10-01,1,38,20,4,999.27,1839.93
601,2025-10-01,1,37,27,0,1104.56,3322.32
662,2025-10-01,1,28,13,0,349.48,1608.22
669,2025-10-01,1,23,16,0,500.66,1927.93
732,2025-10-01,1,22,7,6,232.8,1906.01
733,2025-10-01,1,32,16,0,462.99,2275.0
795,2025-10-01,1,24,13,0,647.05,1654.05
801,2025-10-01,1,24,10,0,495.11,2762.86
804,2025-10-01,1,28,15,0,444.58,2447.27
329,2025-10-01,1,9,0,0,0.0,327.0
398,2025-10-01,1,21,18,0,536.47,1963.1
319,2025-10-01,1,14,4,0,172.11,0.0
9,2025-10-01,1,46,22,0,715.14,1685.85
104,2025-10-01,1,30,12,0,474.36,2673.49
159,2025-10-01,1,32,14,0,575.72,2435.57
180,2025-10-01,1,47,21,0,850.21,2916.54
241,2025-10-01,1,20,15,0,558.61,1710.7
263,2025-10-01,1,29,19,0,762.0,3294.4
289,2025-10-01,1,30,15,0,811.32,2200.0
291,2025-10-01,1,37,12,0,546.78,2060.69
331,2025-10-01,1,25,14,0,591.82,1693.73
530,2025-10-01,1,28,11,0,499.45,2506.79
531,2025-10-01,1,24,17,0,917.2,2155.31
594,2025-10-01,1,19,10,0,496.63,1667.22
609,2025-10-01,1,23,13,0,815.55,1631.59
644,2025-10-01,1,27,14,0,712.73,2069.26
788,2025-10-01,1,35,16,0,657.95,2210.32
790,2025-10-01,1,30,15,0,509.17,1973.07
796,2025-10-01,1,31,18,0,609.43,3206.39
823,2025-10-01,1,32,13,0,649.82,3110.65
824,2025-10-01,1,24,15,0,494.01,2237.28
430,2025-10-01,1,6,1,0,10.07,209.0
652,2025-10-01,1,10,5,1,177.01,525.0
38,2025-10-01,1,37,22,0,815.07,2111.63
626,2025-10-01,1,21,14,0,599.39,2051.27
18,2025-10-01,1,23,14,0,365.48,1647.54
76,2025-10-01,1,34,15,0,1293.48,2442.26
81,2025-10-01,1,38,20,0,932.54,2345.47
136,2025-10-01,1,27,12,0,483.31,1705.21
145,2025-10-01,1,26,10,0,429.99,2387.98
160,2025-10-01,1,41,17,1,645.44,2987.9
187,2025-10-01,1,18,10,0,625.07,2820.95
211,2025-10-01,1,40,19,0,644.63,2716.39
310,2025-10-01,1,28,9,0,427.48,2459.5
548,2025-10-01,1,27,15,0,842.82,2900.39
590,2025-10-01,1,36,17,0,985.76,2549.43
641,2025-10-01,1,38,18,0,1029.1,2555.42
697,2025-10-01,1,22,11,0,264.93,2032.12
799,2025-10-01,1,33,19,0,707.38,3329.42
174,2025-10-01,1,35,17,0,562.26,2845.34
716,2025-10-01,1,11,5,3,281.93,283.0
504,2025-10-01,1,35,20,0,659.88,2329.23
619,2025-10-01,1,38,21,0,1036.6,1992.82
265,2025-10-01,1,27,16,4,697.81,1715.84
220,2025-10-01,1,15,4,0,109.5,406.0
490,2025-10-01,1,31,16,0,754.34,2262.54
82,2025-10-01,1,32,15,0,451.03,1646.15
143,2025-10-01,1,37,15,0,558.62,3115.11
178,2025-10-01,1,31,16,0,519.56,2563.82
288,2025-10-01,1,29,16,2,491.03,1675.88
408,2025-10-01,1,28,19,0,774.27,1981.04
523,2025-10-01,1,35,17,0,588.62,1768.78
534,2025-10-01,1,18,9,0,377.97,1791.32
541,2025-10-01,1,26,17,0,464.46,2297.52
564,2025-10-01,1,22,11,0,243.94,1704.38
653,2025-10-01,1,29,13,0,404.5,2198.84
679,2025-10-01,1,31,19,0,816.75,4149.28
720,2025-10-01,1,26,17,0,1120.23,2177.75
750,2025-10-01,1,41,15,0,743.45,1827.86
789,2025-10-01,1,27,12,0,399.5,1413.57
477,2025-10-01,1,3,1,0,129.91,0.0
604,2025-10-01,1,43,25,0,830.7,2535.7
786,2025-10-01,1,24,5,14,175.26,1744.01
870,2025-10-01,1,19,10,0,262.93,242.0
945,2025-10-01,1,13,4,0,215.98,359.0
296,2025-10-01,1,18,3,0,91.16,771.0
170,2025-10-01,1,23,12,1,473.6,1751.17
88,2025-10-01,1,28,17,0,546.94,2000.34
113,2025-10-01,1,6,4,0,185.17,0.0
721,2025-10-01,1,25,8,0,401.95,2296.66
645,2025-10-01,1,26,13,2,597.24,1575.19
705,2025-10-01,1,23,14,0,782.32,2641.91
330,2025-10-01,1,30,14,0,637.48,1923.86
117,2025-10-01,1,36,18,0,665.16,2373.4
621,2025-10-01,1,33,22,0,812.62,2664.2
656,2025-10-01,1,22,4,5,122.83,1308.0
326,2025-10-01,1,1,1,0,59.89,0.0
627,2025-10-01,1,2,2,4,22.2,0.0
346,2025-10-01,1,17,2,0,44.83,957.0
28,2025-10-01,1,32,13,0,528.4,2205.74
309,2025-10-01,1,7,2,0,87.66,823.0
558,2025-10-01,1,30,15,0,938.71,3649.17
175,2025-10-01,1,32,15,0,477.59,2587.8
529,2025-10-01,1,37,24,0,1398.2,2080.43
232,2025-10-01,1,33,20,0,937.99,1704.81
792,2025-10-01,1,31,18,0,531.83,3253.76
768,2025-10-01,1,7,4,2,45.95,0.0
738,2025-10-01,1,22,15,3,598.36,2665.78
340,2025-10-01,1,6,2,6,16.94,0.0
742,2025-10-01,1,15,4,0,62.05,1069.0
235,2025-10-01,1,11,2,0,62.9,573.0
901,2025-10-01,1,11,3,0,58.97,90.0
141,2025-10-01,1,31,13,0,623.88,1498.58
271,2025-10-01,1,30,21,0,751.68,1709.17
304,2025-10-01,1,37,8,0,316.41,1598.0
360,2025-10-01,1,17,7,1,238.82,431.0
379,2025-10-01,1,18,10,0,266.41,712.0
640,2025-10-01,1,4,2,6,30.16,0.0
488,2025-10-01,1,8,3,2,48.71,53.0
225,2025-10-01,1,8,6,0,136.74,0.0
589,2025-10-01,1,30,19,0,605.92,2230.36
274,2025-10-01,1,36,21,0,823.05,3679.44
496,2025-10-01,1,9,5,0,376.46,0.0
767,2025-10-01,1,10,4,6,183.28,313.0
277,2025-10-01,1,36,23,0,936.18,2761.86
670,2025-10-01,1,14,2,6,33.19,42.0
214,2025-10-01,1,16,5,0,353.11,1681.0
773,2025-10-01,1,23,16,2,576.43,1350.81
680,2025-10-01,1,20,0,0,0.0,10020.0
612,2025-10-01,1,22,9,0,287.72,108.0
347,2025-10-01,1,19,5,0,112.52,1429.0
552,2025-10-01,1,32,21,0,708.96,2160.45
299,2025-10-01,1,27,16,0,1084.87,2110.2
317,2025-10-01,1,20,9,0,269.81,2444.57
664,2025-10-01,1,24,13,9,1062.5,2389.67
217,2025-10-01,1,46,13,2,375.68,3219.34
403,2025-10-01,1,29,19,0,773.98,2320.73
357,2025-10-01,1,26,11,0,338.85,2665.39
616,2025-10-01,1,20,6,0,260.96,98.0
675,2025-10-01,1,13,3,2,60.57,154.0
278,2025-10-01,1,23,14,0,464.52,1594.7
473,2025-10-01,1,26,12,0,469.09,2726.26
809,2025-10-01,1,36,22,0,740.73,2249.92
559,2025-10-01,1,36,12,9,550.46,1495.3
614,2025-10-01,1,33,16,0,641.75,1375.68
611,2025-10-01,1,31,14,0,601.92,2920.04
506,2025-10-01,1,35,18,3,472.33,1535.26
704,2025-10-01,1,15,1,0,30.45,10012.0
127,2025-10-01,1,12,7,0,224.26,253.0
749,2025-10-01,1,27,17,1,462.18,1595.39
352,2025-10-01,1,35,17,0,984.55,2224.64
169,2025-10-01,1,15,5,0,156.36,654.0
484,2025-10-01,1,28,11,0,465.98,1814.16
152,2025-10-01,1,39,14,0,445.52,3742.54
522,2025-10-01,1,24,11,1,360.27,1971.87
600,2025-10-01,1,36,17,0,463.38,2007.03
465,2025-10-01,1,14,2,0,132.44,1436.0
184,2025-10-01,1,36,19,0,832.69,2289.76
151,2025-10-01,1,40,13,1,511.84,1868.84
780,2025-10-01,1,7,5,0,304.92,0.0
458,2025-10-01,1,13,4,0,135.19,780.0
262,2025-10-01,1,23,16,0,668.4,1849.07
439,2025-10-01,1,40,23,0,611.18,1970.88
628,2025-10-01,1,4,1,4,10.55,0.0
132,2025-10-01,1,28,16,0,819.23,3060.18
821,2025-10-01,1,22,12,1,399.85,2498.42
547,2025-10-01,1,35,12,4,500.54,2403.92
280,2025-10-01,1,20,11,0,516.58,1823.43
461,2025-10-01,1,11,4,0,402.3,1110.0
450,2025-10-01,1,30,7,0,348.08,240.0
70,2025-10-01,1,34,17,0,632.49,1918.44
519,2025-10-01,1,30,9,0,363.55,1132.0
816,2025-10-01,1,39,16,0,482.68,2157.59
820,2025-10-01,1,17,5,0,179.7,489.0
688,2025-10-01,1,14,4,3,105.58,398.0
335,2025-10-01,1,34,19,0,925.82,2462.84
803,2025-10-01,1,24,13,0,519.7,2269.97
791,2025-10-01,1,6,1,5,17.25,76.0
478,2025-10-01,1,35,19,1,658.17,1872.92
316,2025-10-01,1,17,12,0,377.38,1885.63
44,2025-10-01,1,10,2,0,76.6,1102.0
769,2025-10-01,1,27,16,0,587.74,2701.57
370,2025-10-01,1,9,2,1,22.82,0.0
615,2025-10-01,1,27,16,1,405.3,2871.44
638,2025-10-01,1,30,10,1,402.89,2173.47
757,2025-10-01,1,27,21,0,636.68,2361.99
579,2025-10-01,1,24,9,3,302.4,2324.34
239,2025-10-01,1,31,13,1,564.13,2296.55
822,2025-10-01,1,32,19,0,858.24,2511.39
620,2025-10-01,1,28,15,0,662.62,2161.92
425,2025-10-01,1,27,14,0,674.85,2370.82
375,2025-10-01,1,29,18,0,761.55,1794.42
245,2025-10-01,1,21,8,0,351.66,470.0
332,2025-10-01,1,32,23,0,890.42,2355.88
585,2025-10-01,1,8,2,0,45.09,0.0
42,2025-10-01,1,31,17,0,674.22,3751.93
474,2025-10-01,1,15,4,0,139.87,60.0
202,2025-10-01,1,38,19,1,711.51,2380.3
209,2025-10-01,1,34,13,0,464.2,1706.08
53,2025-10-01,1,22,4,0,234.5,8419.0
429,2025-10-01,1,34,19,0,594.89,1867.45
256,2025-10-01,1,20,4,0,121.7,1272.0
61,2025-10-01,1,21,7,0,756.52,186.0
32,2025-10-01,1,32,11,0,740.61,2485.11
677,2025-10-01,1,26,11,0,428.79,2084.67
778,2025-10-01,1,17,1,0,39.04,862.0
433,2025-10-01,1,36,17,0,856.2,2507.13
45,2025-10-01,1,22,13,0,1062.54,1688.87
163,2025-10-01,1,7,3,0,180.73,0.0
210,2025-10-01,1,12,9,0,244.86,1464.0
4,2025-10-01,1,15,5,0,271.09,0.0
752,2025-10-01,1,7,4,0,332.7,171.0
787,2025-10-01,1,20,11,0,421.41,1859.83
287,2025-10-01,1,35,16,0,515.97,2170.67
469,2025-10-01,1,28,19,2,1247.54,1866.29
629,2025-10-01,1,34,17,0,735.99,2457.3
34,2025-10-01,1,28,15,0,766.11,1154.75
75,2025-10-01,1,36,13,0,334.36,2336.74
201,2025-10-01,1,11,2,0,134.89,1498.0
784,2025-10-01,1,11,3,0,106.1,0.0
102,2025-10-01,1,35,17,0,776.04,2265.79
380,2025-10-01,1,30,21,0,1481.5,2713.46
570,2025-10-01,1,12,6,1,305.45,0.0
6,2025-10-01,1,40,21,0,713.39,2315.99
22,2025-10-01,1,29,14,0,624.39,2512.11
842,2025-10-01,1,10,2,1,104.19,183.0
442,2025-10-01,1,9,5,0,157.2,0.0
47,2025-10-01,1,36,19,0,957.1,1396.21
702,2025-10-01,1,16,6,0,355.8,588.0
418,2025-10-01,1,25,12,1,492.24,1634.99
874,2025-10-01,1,2,0,0,0.0,0.0
472,2025-10-01,1,36,18,0,581.62,3605.95
135,2025-10-01,1,11,8,0,267.16,145.0
301,2025-10-01,1,18,4,0,119.13,421.0
273,2025-10-01,1,16,3,0,117.58,2801.0
482,2025-10-01,1,33,16,0,504.72,2292.57
125,2025-10-01,1,10,2,0,45.6,0.0
818,2025-10-01,1,30,13,3,344.79,2473.78
192,2025-10-01,1,5,1,0,10.68,0.0
79,2025-10-01,1,32,23,0,952.48,1608.26
266,2025-10-01,1,31,18,3,874.85,1853.36
765,2025-10-01,1,38,12,1,522.14,2124.63
295,2025-10-01,1,35,16,0,536.66,1829.36
540,2025-10-01,1,29,12,2,569.04,2137.12
21,2025-10-01,1,33,18,0,731.75,2015.96
561,2025-10-01,1,28,10,0,296.1,3354.97
257,2025-10-01,1,21,6,0,197.73,322.0
700,2025-10-01,1,30,18,0,738.41,1797.53
622,2025-10-01,1,5,1,0,30.76,0.0
384,2025-10-01,1,36,16,0,572.91,2429.9
766,2025-10-01,1,17,6,2,196.1,1511.12
108,2025-10-01,1,33,18,0,605.38,1932.32
527,2025-10-01,1,24,9,0,517.73,1522.36
447,2025-10-01,1,6,3,0,59.42,159.0
386,2025-10-01,1,36,15,4,1241.3,2833.78
396,2025-10-01,1,12,6,0,217.31,0.0
747,2025-10-01,1,24,7,1,353.32,1593.0
661,2025-10-01,1,21,7,0,428.05,1615.0
748,2025-10-01,1,31,10,0,430.66,2735.84
834,2025-10-01,1,24,13,0,517.48,1302.0
764,2025-10-01,1,14,6,0,227.04,463.0
420,2025-10-01,1,37,18,2,783.43,2107.31
167,2025-10-01,1,25,12,0,338.48,2281.15
336,2025-10-01,1,27,16,0,709.97,2963.48
342,2025-10-01,1,43,14,0,520.2,2779.25
424,2025-10-01,1,40,18,0,619.28,1903.26
457,2025-10-01,1,19,8,0,189.55,1418.45
512,2025-10-01,1,24,13,0,1096.09,2318.73
538,2025-10-01,1,38,17,0,1023.17,1892.85
595,2025-10-01,1,31,14,13,570.22,1528.31
674,2025-10-01,1,37,15,0,678.31,2735.66
698,2025-10-01,1,26,11,6,369.84,1976.43
708,2025-10-01,1,22,9,0,296.7,1718.46
293,2025-10-01,1,30,19,0,728.86,2657.37
489,2025-10-01,1,28,15,0,491.47,1862.06
503,2025-10-01,1,24,11,0,394.42,1533.46
521,2025-10-01,1,29,10,4,323.06,1596.81
689,2025-10-01,1,38,15,0,579.69,2184.09
739,2025-10-01,1,28,4,9,137.37,2620.84
560,2025-10-01,1,30,17,4,992.35,2354.48
712,2025-10-01,1,18,6,3,163.45,192.0
199,2025-10-01,1,19,3,0,68.59,151.0
321,2025-10-01,1,30,12,2,366.91,1487.33
591,2025-10-01,1,22,11,0,397.8,1381.43
693,2025-10-01,1,33,8,0,252.49,2119.77
31,2025-10-01,1,34,21,0,828.18,2582.75
580,2025-10-01,1,26,17,0,1008.13,2467.78
302,2025-10-01,1,34,13,0,571.5,1933.46
588,2025-10-01,1,30,21,1,756.66,2016.21
109,2025-10-01,1,2,2,0,79.89,0.0
84,2025-10-01,1,20,6,0,167.79,133.0
320,2025-10-01,1,17,5,0,228.59,215.0
157,2025-10-01,1,14,5,0,225.46,197.0
905,2025-10-01,1,38,20,0,782.91,2022.83
121,2025-10-01,1,15,4,0,286.44,688.0
481,2025-10-01,1,15,5,0,137.1,294.0
832,2025-10-01,1,15,8,0,321.96,766.0
8,2025-10-01,1,30,9,0,379.16,2360.32
124,2025-10-01,1,27,16,0,449.84,2695.77
311,2025-10-01,1,24,12,0,581.48,2225.1
334,2025-10-01,1,21,15,0,1089.11,2312.55
411,2025-10-01,1,22,11,0,511.36,1475.61
415,2025-10-01,1,21,10,0,409.97,1632.5
431,2025-10-01,1,29,16,0,676.46,1560.21
663,2025-10-01,1,32,17,1,741.03,2078.17
726,2025-10-01,1,35,16,1,515.95,1244.55
774,2025-10-01,1,34,14,0,514.34,2640.24
632,2025-10-01,1,20,13,1,658.25,1850.8
404,2025-10-01,1,21,9,0,259.51,358.0
813,2025-10-01,1,17,9,3,158.33,163.0
5,2025-10-01,1,9,4,0,142.33,1646.0
177,2025-10-01,1,19,7,0,216.35,281.0
606,2025-10-01,1,22,2,0,42.22,589.0
123,2025-10-01,1,33,15,0,1186.18,3013.53
639,2025-10-01,1,33,20,0,606.89,1713.19
722,2025-10-01,1,14,4,0,111.23,348.0
213,2025-10-01,1,1,1,0,31.31,0.0
409,2025-10-01,1,8,5,0,485.38,2151.0
421,2025-10-01,1,16,5,0,328.7,614.0
365,2025-10-01,1,12,3,0,71.8,318.0
678,2025-10-01,1,27,14,0,402.19,3610.7
441,2025-10-01,1,24,15,0,522.07,1773.23
808,2025-10-01,1,11,7,0,208.27,0.0
718,2025-10-01,1,20,5,0,96.78,1038.0
759,2025-10-01,1,24,10,1,301.71,2106.44
783,2025-10-01,1,4,2,0,126.41,0.0
817,2025-10-01,1,6,4,1,213.11,0.0
459,2025-10-01,1,29,20,0,773.37,2271.49
775,2025-10-01,1,43,21,1,823.84,2616.77
539,2025-10-01,1,19,11,0,272.13,491.0
165,2025-10-01,1,16,2,0,86.51,1366.0
349,2025-10-01,1,16,4,0,124.45,306.0
709,2025-10-01,1,7,5,0,125.23,205.0
272,2025-10-01,1,38,22,0,705.59,2602.0
40,2025-10-01,1,31,18,0,963.16,4207.54
269,2025-10-01,1,13,7,0,227.48,4415.0
762,2025-10-01,1,31,14,1,650.56,1785.28
146,2025-10-01,1,11,8,0,240.73,331.0
261,2025-10-01,1,2,2,0,53.17,0.0
402,2025-10-01,1,27,10,0,344.22,2127.46
446,2025-10-01,1,14,5,0,112.09,252.0
736,2025-10-01,1,13,1,0,8.91,1052.0
445,2025-10-01,1,9,4,1,157.29,152.0
87,2025-10-01,1,41,20,0,738.58,1336.02
546,2025-10-01,1,21,7,0,483.42,157.0
772,2025-10-01,1,18,5,2,137.03,36.0
676,2025-10-01,1,33,16,0,583.25,3159.37
649,2025-10-01,1,25,9,9,666.61,674.0
11,2025-10-01,1,40,14,0,658.88,2218.99
713,2025-10-01,1,18,7,0,213.13,0.0
120,2025-10-01,1,37,13,0,400.37,1220.24
763,2025-10-01,1,10,3,0,80.06,218.0
514,2025-10-01,1,22,6,0,258.3,72.0
423,2025-10-01,1,23,12,3,309.51,1891.98
377,2025-10-01,1,29,12,4,383.97,1342.49
542,2025-10-01,1,9,3,0,80.55,0.0
392,2025-10-01,1,18,7,0,240.52,284.0
410,2025-10-01,1,9,2,0,166.56,1594.0
647,2025-10-01,1,23,11,2,530.84,2546.06
279,2025-10-01,1,23,12,0,350.59,2579.25
811,2025-10-01,1,11,3,1,57.41,604.0
486,2025-10-01,1,42,18,0,734.93,2949.21
227,2025-10-01,1,38,17,0,899.98,2170.2
284,2025-10-01,1,17,6,0,200.64,432.0
307,2025-10-01,1,32,12,0,431.29,2342.58
29,2025-10-01,1,12,9,0,369.62,489.0
802,2025-10-01,1,32,16,0,1654.19,1985.91
158,2025-10-01,1,30,17,2,717.53,2102.73
66,2025-10-01,1,37,21,0,764.43,1582.37
443,2025-10-01,1,14,4,1,250.71,0.0
218,2025-10-01,1,14,4,0,113.16,499.0
562,2025-10-01,1,10,3,0,57.62,203.0
592,2025-10-01,1,16,7,0,167.4,1613.19
681,2025-10-01,1,17,5,0,108.77,883.0
476,2025-10-01,1,8,4,4,226.66,0.0
188,2025-10-01,1,12,3,0,129.28,1850.96
50,2025-10-01,1,20,3,0,211.01,515.0
509,2025-10-01,1,23,18,0,1074.23,1561.23
470,2025-10-01,1,23,3,0,149.88,286.0
758,2025-10-01,1,22,10,0,322.64,1432.85
358,2025-10-01,1,8,4,3,76.27,0.0
491,2025-10-01,1,26,15,1,499.12,1166.3
267,2025-10-01,1,18,7,0,335.79,2446.1
250,2025-10-01,1,27,5,0,191.64,735.0
921,2025-10-01,0,0,0,0,0.0,0.0
635,2025-10-01,1,15,6,0,256.95,563.0
351,2025-10-01,1,11,7,0,246.48,0.0
687,2025-10-01,1,13,3,1,318.46,0.0
406,2025-10-01,1,26,10,0,245.34,3765.45
116,2025-10-01,1,7,2,0,380.43,5593.0
387,2025-10-01,1,17,5,0,145.93,1942.0
193,2025-10-01,1,8,6,0,150.02,0.0
815,2025-10-01,1,22,7,0,287.63,1890.36
15,2025-10-01,1,19,12,0,622.95,2368.42
58,2025-10-01,1,39,21,0,1103.8,2688.57
161,2025-10-01,1,42,21,0,993.44,2682.81
364,2025-10-01,1,37,18,0,1072.48,1939.37
715,2025-10-01,1,32,17,3,536.34,1843.47
533,2025-10-01,1,14,2,0,96.78,0.0
105,2025-10-01,1,43,15,3,704.55,2125.47
511,2025-10-01,1,31,13,0,353.34,1779.93
62,2025-10-01,1,30,15,0,509.24,2181.44
189,2025-10-01,1,34,15,0,627.01,1742.36
212,2025-10-01,1,29,14,0,486.57,2073.82
417,2025-10-01,1,33,19,0,810.1,5050.85
618,2025-10-01,1,29,12,0,644.61,1922.11
324,2025-10-01,1,17,4,2,111.66,279.0
466,2025-10-01,1,26,6,0,197.3,447.0
355,2025-10-01,1,29,15,5,652.3,3426.83
13,2025-10-01,1,34,19,0,835.64,2228.46
71,2025-10-01,1,27,14,0,659.69,2179.26
362,2025-10-01,1,29,20,0,875.19,1748.5
776,2025-10-01,1,16,4,8,125.51,131.0
57,2025-10-01,1,5,1,0,18.14,0.0
345,2025-10-01,1,21,10,0,593.99,1843.69
659,2025-10-01,1,24,9,0,236.67,293.0
356,2025-10-01,1,15,6,0,171.67,79.0
205,2025-10-01,1,13,5,0,146.57,93.0
673,2025-10-01,1,13,3,9,45.98,72.0
350,2025-10-01,1,7,5,0,201.02,0.0
492,2025-10-01,1,16,8,0,238.96,0.0
60,2025-10-01,1,6,2,0,33.35,0.0
566,2025-10-01,1,3,3,0,177.53,0.0
282,2025-10-01,1,8,2,0,75.64,0.0
83,2025-10-01,1,34,13,0,628.7,2777.89
710,2025-10-01,1,12,7,0,149.73,189.0
10,2025-10-01,1,11,4,0,157.12,442.0
98,2025-10-01,1,30,13,0,647.75,3039.21
777,2025-10-01,1,12,2,0,140.86,0.0
390,2025-10-01,1,13,3,0,88.37,0.0
696,2025-10-01,1,7,3,0,104.84,0.0
139,2025-10-01,1,12,2,0,71.14,0.0
695,2025-10-01,1,2,2,3,87.03,0.0
238,2025-10-01,1,8,5,0,156.62,340.0
437,2025-10-01,1,20,2,0,59.53,3661.0
485,2025-10-01,1,17,5,0,169.8,445.0
412,2025-10-01,1,6,0,0,0.0,0.0
374,2025-10-01,1,9,4,0,80.7,17.0
253,2025-10-01,1,19,2,0,23.87,314.0
819,2025-10-01,1,26,6,0,173.5,2402.0
234,2025-10-01,1,15,3,0,73.19,360.0
671,2025-10-01,1,11,2,0,82.89,710.0
794,2025-10-01,1,23,8,1,368.94,37.0
517,2025-10-01,1,5,0,8,0.0,0.0
36,2025-10-01,1,12,3,0,61.09,266.0
93,2025-10-01,1,13,2,0,46.59,93.0
323,2025-10-01,1,11,1,0,16.03,600.0
198,2025-10-01,1,9,5,0,337.37,0.0
292,2025-10-01,1,26,15,0,769.29,2997.88
513,2025-10-01,1,18,7,0,454.09,2536.59
532,2025-10-01,1,10,3,0,76.07,638.0
359,2025-10-01,1,40,20,0,977.74,3081.75
37,2025-10-01,1,14,1,0,8.93,453.0
814,2025-10-01,1,38,19,0,749.26,2453.51
97,2025-10-01,1,13,2,0,56.44,8282.0
140,2025-10-01,1,15,4,0,361.63,652.0
577,2025-10-01,1,12,1,0,82.93,818.0
391,2025-10-01,1,23,4,0,86.49,324.0
63,2025-10-01,1,34,13,0,434.3,2300.86
593,2025-10-01,1,5,0,1,0.0,230.0
525,2025-10-01,1,7,1,5,24.87,0.0
17,2025-10-01,1,8,4,0,232.53,0.0
684,2025-10-01,1,17,5,0,153.58,282.0
228,2025-10-01,1,17,7,0,342.67,616.0
195,2025-10-01,1,5,1,0,77.51,0.0
770,2025-10-01,1,13,5,7,127.69,233.0
903,2025-10-01,1,7,0,0,0.0,2981.0
655,2025-10-01,1,15,3,1,369.68,212.0
353,2025-10-01,1,4,0,2,0.0,0.0
884,2025-10-01,1,19,4,9,75.45,176.0
12,2025-10-01,1,35,15,0,323.14,2383.05
300,2025-10-01,1,11,3,0,158.99,1000.0
571,2025-10-01,1,20,3,0,443.78,1850.0
723,2025-10-01,1,22,8,2,254.72,45.0
68,2025-10-01,1,25,16,0,1023.57,1662.07
251,2025-10-01,1,49,25,0,827.66,1932.87
95,2025-10-01,1,4,4,0,168.46,0.0
203,2025-10-01,1,3,3,0,172.08,0.0
306,2025-10-01,1,9,4,0,130.86,4076.0
812,2025-10-01,1,12,5,8,127.26,160.0
107,2025-10-01,1,34,17,0,471.08,1392.39
149,2025-10-01,1,7,3,0,129.25,0.0
427,2025-10-01,1,8,4,2,179.38,0.0
553,2025-10-01,1,12,3,0,120.69,120.0
840,2025-10-01,1,5,0,0,0.0,594.0
885,2025-10-01,1,11,9,0,234.68,659.0
112,2025-10-01,1,12,3,0,84.3,707.0
389,2025-10-01,1,4,0,0,0.0,0.0
454,2025-10-01,1,9,4,0,143.93,299.0
782,2025-10-01,1,5,2,0,119.84,860.0
463,2025-10-01,1,4,4,0,119.57,0.0
444,2025-10-01,1,13,3,0,376.37,688.0
468,2025-10-01,1,30,10,0,252.76,512.0
154,2025-10-01,1,13,6,0,306.06,1103.0
371,2025-10-01,1,11,3,7,65.18,198.0
714,2025-10-01,1,11,4,0,128.16,0.0
753,2025-10-01,1,9,5,0,128.93,0.0
19,2025-10-01,1,18,6,0,163.08,142.0
259,2025-10-01,1,13,7,0,375.64,0.0
394,2025-10-01,1,4,0,1,0.0,0.0
667,2025-10-01,1,10,5,0,174.23,300.0
72,2025-10-01,1,10,4,0,198.78,0.0
668,2025-10-01,1,7,2,4,57.98,16.0
888,2025-10-01,1,3,1,0,25.91,225.0
923,2025-10-01,1,2,0,0,0.0,0.0
735,2025-10-01,1,20,5,0,229.66,663.0
101,2025-10-01,1,8,2,0,103.75,0.0
623,2025-10-01,1,12,6,1,330.92,0.0
518,2025-10-01,1,18,10,0,291.5,851.0
435,2025-10-01,1,3,1,0,72.26,0.0
586,2025-10-01,1,13,3,3,77.83,35.0
596,2025-10-01,1,17,1,0,35.31,5044.0
797,2025-10-01,1,14,4,0,202.36,579.0
779,2025-10-01,1,9,3,0,100.09,502.0
962,2025-10-01,1,6,2,7,78.45,85.0
893,2025-10-01,1,11,2,1,41.47,106.0
395,2025-10-01,1,15,6,0,102.26,133.0
23,2025-10-01,1,2,2,0,209.95,0.0
497,2025-10-01,1,6,0,2,0.0,0.0
134,2025-10-01,1,5,1,0,29.06,0.0
760,2025-10-01,1,20,6,0,163.39,1178.0
285,2025-10-01,1,15,4,0,172.01,489.0
247,2025-10-01,1,12,4,0,151.97,0.0
613,2025-10-01,1,14,9,0,363.85,186.0
567,2025-10-01,1,17,5,0,142.07,1263.0
297,2025-10-01,1,6,2,0,57.94,0.0
756,2025-10-01,1,7,2,0,69.93,32.0
602,2025-10-01,1,6,1,0,3.91,187.0
951,2025-10-01,1,28,4,2,223.2,390.0
148,2025-10-01,1,7,3,0,136.12,283.0
872,2025-10-01,1,14,4,0,83.94,342.0
224,2025-10-01,1,9,4,0,193.27,67.0
630,2025-10-01,1,4,0,0,0.0,0.0
584,2025-10-01,1,15,7,0,380.35,737.0
565,2025-10-01,1,19,4,0,140.98,99.0
793,2025-10-01,1,17,7,1,214.25,464.0
743,2025-10-01,1,19,5,0,115.05,180.0
110,2025-10-01,1,14,5,0,177.79,83.0
510,2025-10-01,1,11,2,0,63.1,847.0
860,2025-10-01,1,8,4,0,194.56,2595.0
545,2025-10-01,1,11,4,0,181.74,341.0
131,2025-10-01,1,15,4,0,68.7,529.0
313,2025-10-01,1,17,8,0,211.49,410.0
51,2025-10-01,1,13,1,0,44.61,1383.0
252,2025-10-01,1,13,2,0,42.74,1103.0
728,2025-10-01,1,12,1,3,18.21,313.0
810,2025-10-01,1,7,3,3,70.98,82.0
961,2025-10-01,1,3,1,0,29.3,139.0
657,2025-10-01,1,15,4,9,79.47,100.0
633,2025-10-01,1,15,4,0,151.08,201.0
16,2025-10-01,1,7,0,0,0.0,406.0
258,2025-10-01,1,15,7,0,258.37,1413.0
130,2025-10-01,1,14,7,0,376.86,1252.0
322,2025-10-01,1,4,2,0,133.61,0.0
219,2025-10-01,1,5,3,0,74.14,0.0
838,2025-10-01,1,19,9,0,374.56,1170.0
223,2025-10-01,1,6,6,0,173.01,0.0
456,2025-10-01,1,11,1,1,29.48,0.0
78,2025-10-01,1,10,7,0,173.48,250.0
264,2025-10-01,1,11,5,0,285.77,0.0
651,2025-10-01,1,17,1,0,23.44,555.0
598,2025-10-01,1,9,4,3,124.9,55.0
333,2025-10-01,1,13,7,0,165.01,0.0
361,2025-10-01,1,19,3,0,94.94,494.0
248,2025-10-01,1,14,5,0,203.06,1202.0
65,2025-10-01,1,4,0,0,0.0,0.0
315,2025-10-01,1,14,4,0,122.49,0.0
835,2025-10-01,1,12,2,0,53.49,245.0
690,2025-10-01,1,14,3,0,106.72,5582.0
887,2025-10-01,1,5,3,4,62.78,50.0
741,2025-10-01,1,10,0,8,0.0,165.0
855,2025-10-01,1,9,4,0,186.67,669.0
434,2025-10-01,1,14,5,0,143.03,23.0
221,2025-10-01,1,13,8,0,274.24,63.0
405,2025-10-01,1,7,1,0,18.81,0.0
703,2025-10-01,1,14,4,0,49.8,504.0
859,2025-10-01,1,18,3,0,109.7,585.0
99,2025-10-01,1,16,2,0,42.47,1835.0
725,2025-10-01,1,14,3,0,103.01,337.0
648,2025-10-01,1,8,4,0,376.53,0.0
100,2025-10-01,1,14,9,0,189.05,319.0
965,2025-10-01,1,12,1,0,21.3,731.0
414,2025-10-01,1,10,6,4,236.98,225.0
498,2025-10-01,1,7,5,0,120.12,0.0
526,2025-10-01,1,8,6,0,205.05,0.0
691,2025-10-01,1,13,5,4,118.27,0.0
495,2025-10-01,1,12,0,0,0.0,881.0
837,2025-10-01,1,6,0,0,0.0,1004.0
848,2025-10-01,1,17,4,0,328.42,613.0
438,2025-10-01,1,18,7,0,238.12,260.0
745,2025-10-01,1,5,1,0,18.18,537.0
328,2025-10-01,1,14,1,0,67.09,392.0
56,2025-10-01,1,7,1,0,146.92,0.0
939,2025-10-01,1,30,8,5,218.04,314.0
781,2025-10-01,1,14,5,1,250.4,464.0
462,2025-10-01,1,12,5,0,101.47,30.0
807,2025-10-01,1,10,5,7,151.27,126.0
55,2025-10-01,1,9,4,0,57.25,357.0
222,2025-10-01,1,8,1,0,10.46,976.0
569,2025-10-01,1,2,0,1,0.0,0.0
581,2025-10-01,1,3,3,0,80.23,0.0
950,2025-10-01,1,16,6,1,176.13,230.0
428,2025-10-01,1,3,1,0,33.01,0.0
936,2025-10-01,1,2,0,0,0.0,0.0
960,2025-10-01,1,17,4,3,88.36,163.0
927,2025-10-01,1,8,3,0,139.08,458.0
922,2025-10-01,1,20,9,0,361.28,1083.0
634,2025-10-01,1,2,0,0,0.0,0.0
866,2025-10-01,1,10,3,0,58.9,4500.0
883,2025-10-01,1,12,2,8,14.72,18.0
843,2025-10-01,1,12,5,0,210.58,764.0
453,2025-10-01,1,1,1,1,24.12,0.0
886,2025-10-01,1,2,0,0,0.0,0.0
934,2025-10-01,1,13,1,0,30.47,9865.0
399,2025-10-01,1,6,6,0,161.18,0.0
150,2025-10-01,1,18,3,0,99.77,3325.0
92,2025-10-01,1,8,3,0,53.41,134.0
43,2025-10-01,1,4,0,0,0.0,0.0
607,2025-10-01,1,9,2,4,56.4,85.0
683,2025-10-01,1,8,4,0,101.94,0.0
926,2025-10-01,1,13,6,0,117.44,579.0
275,2025-10-01,1,10,2,0,49.07,151.0
746,2025-10-01,1,6,4,0,229.28,0.0
685,2025-10-01,1,19,4,1,61.82,273.0
851,2025-10-01,1,2,0,0,0.0,137.0
666,2025-10-01,1,9,4,0,273.92,342.0
873,2025-10-01,1,12,4,7,132.9,177.0
1,2025-10-01,1,19,5,0,175.76,0.0
643,2025-10-01,1,21,5,0,331.26,656.0
339,2025-10-01,1,5,2,0,136.66,565.0
426,2025-10-01,1,10,6,0,250.87,0.0
711,2025-10-01,1,10,1,0,68.17,448.0
556,2025-10-01,1,2,2,0,115.04,0.0
147,2025-10-01,1,12,2,0,66.97,0.0
432,2025-10-01,1,7,4,0,141.94,1093.0
578,2025-10-01,1,5,2,0,73.52,2095.0
826,2025-10-01,1,2,0,0,0.0,0.0
918,2025-10-01,0,0,0,0,0.0,0.0
597,2025-10-01,1,11,4,0,39.7,336.0
196,2025-10-01,1,8,3,0,79.08,109.0
603,2025-10-01,1,6,3,2,87.04,1011.0
940,2025-10-01,1,16,2,0,55.11,813.0
828,2025-10-01,1,9,0,0,0.0,873.0
868,2025-10-01,1,7,3,0,208.37,679.0
372,2025-10-01,1,12,0,0,0.0,2623.0
853,2025-10-01,1,10,3,0,107.86,262.0
2,2025-10-01,1,10,3,0,62.86,979.0
931,2025-10-01,1,12,4,2,150.75,173.0
508,2025-10-01,1,10,1,0,17.73,4224.0
830,2025-10-01,1,11,3,0,93.46,639.0
89,2025-10-01,1,9,1,0,134.57,0.0
448,2025-10-01,1,13,2,0,60.88,237.0
658,2025-10-01,1,10,1,3,9.66,21.0
839,2025-10-01,1,21,5,3,182.51,330.0
899,2025-10-01,1,16,6,1,100.72,152.0
943,2025-10-01,0,0,0,0,0.0,0.0
907,2025-10-01,1,13,9,0,279.37,287.0
650,2025-10-01,1,21,7,1,217.19,1132.0
849,2025-10-01,1,17,4,0,299.21,3465.0
910,2025-10-01,1,10,3,0,121.84,323.0
24,2025-10-01,1,8,1,0,15.63,1069.0
958,2025-10-01,1,11,2,4,64.48,77.0
954,2025-10-01,1,7,5,1,179.55,245.0
827,2025-10-01,1,15,5,4,198.4,201.0
891,2025-10-01,1,4,2,0,85.15,136.0
911,2025-10-01,1,8,5,1,178.67,186.0
850,2025-10-01,1,6,0,1,0.0,78.0
944,2025-10-01,1,5,1,1,19.58,73.0
880,2025-10-01,1,2,0,0,0.0,0.0
920,2025-10-01,1,18,2,4,93.36,243.0
707,2025-10-01,1,4,0,0,0.0,0.0
862,2025-10-01,1,7,2,0,78.41,659.0
550,2025-10-01,1,5,2,0,55.75,72.0
825,2025-10-01,1,10,4,0,68.46,154.0
875,2025-10-01,1,16,3,0,158.56,345.0
895,2025-10-01,1,11,2,0,55.88,843.0
730,2025-10-01,1,2,0,0,0.0,0.0
731,2025-10-01,1,14,4,2,176.59,255.0
173,2025-10-01,1,7,4,0,259.03,121.0
133,2025-10-01,1,7,3,0,80.52,0.0
642,2025-10-01,1,21,6,0,259.28,333.0
864,2025-10-01,1,11,3,1,75.23,107.0
636,2025-10-01,1,11,2,0,45.25,1226.0
286,2025-10-01,1,5,1,0,16.88,0.0
892,2025-10-01,1,9,4,1,88.62,149.0
729,2025-10-01,1,15,8,2,177.0,209.0
836,2025-10-01,1,2,0,0,0.0,0.0
897,2025-10-01,1,22,12,3,367.4,388.0
449,2025-10-01,1,4,0,1,0.0,0.0
573,2025-10-01,1,11,4,1,116.59,35.0
882,2025-10-01,1,5,3,0,65.19,373.0
118,2025-10-01,1,4,0,0,0.0,0.0
919,2025-10-01,1,8,1,0,18.01,997.0
932,2025-10-01,1,2,0,0,0.0,58.0
754,2025-10-01,1,6,3,0,205.79,252.0
440,2025-10-01,1,12,3,0,124.14,1663.0
451,2025-10-01,1,3,1,0,13.47,252.0
929,2025-10-01,1,8,1,0,144.38,2626.0
854,2025-10-01,1,2,0,0,0.0,0.0
914,2025-10-01,1,4,2,4,39.03,71.0
833,2025-10-01,1,4,0,4,0.0,50.0
933,2025-10-01,1,11,1,0,20.79,164.0
863,2025-10-01,1,7,1,2,15.05,26.0
879,2025-10-01,0,0,0,0,0.0,0.0
900,2025-10-01,1,4,0,0,0.0,0.0
268,2025-10-01,1,5,3,0,171.82,0.0
930,2025-10-01,1,4,0,0,0.0,2516.0
956,2025-10-01,1,2,0,0,0.0,649.0
881,2025-10-01,1,6,2,4,54.75,60.0
378,2025-10-01,1,5,2,0,92.63,10009.0
963,2025-10-01,1,17,3,1,60.51,56.0
867,2025-10-01,1,6,2,0,53.55,261.0
751,2025-10-01,1,6,2,0,51.32,0.0
857,2025-10-01,1,3,1,0,45.31,262.0
889,2025-10-01,0,0,0,0,0.0,0.0
898,2025-10-01,1,6,0,0,0.0,366.0
912,2025-10-01,1,5,1,0,11.11,203.0
928,2025-10-01,1,11,5,0,70.37,125.0
959,2025-10-01,1,2,0,0,0.0,0.0
908,2025-10-01,1,4,0,0,0.0,264.0
964,2025-10-01,1,3,1,0,118.92,3821.0
869,2025-10-01,1,2,0,0,0.0,1302.0
952,2025-10-01,1,9,3,0,63.14,170.0
924,2025-10-01,1,7,2,0,87.48,4423.0
366,2025-10-01,1,5,2,0,144.85,264.0
946,2025-10-01,1,5,1,0,23.43,409.0
955,2025-10-01,1,2,0,0,0.0,1051.0
909,2025-10-01,1,10,1,0,78.12,272.0
452,2025-10-01,1,4,0,0,0.0,0.0
831,2025-10-01,1,2,0,0,0.0,200.0
896,2025-10-01,0,0,0,0,0.0,0.0
846,2025-10-01,1,4,0,0,0.0,87.0
654,2025-10-01,1,2,0,0,0.0,0.0
865,2025-10-01,1,4,0,0,0.0,2418.0
925,2025-10-01,1,2,0,0,0.0,1096.0
856,2025-10-01,1,8,4,3,104.54,111.0
948,2025-10-01,0,0,0,0,0.0,0.0
852,2025-10-01,1,3,1,3,22.33,51.0
949,2025-10-01,1,11,3,0,106.89,147.0
861,2025-10-01,0,0,0,0,0.0,0.0
845,2025-10-01,1,2,0,1,0.0,18.0
938,2025-10-01,1,7,3,0,131.77,191.0
858,2025-10-01,1,6,1,0,26.28,256.0
906,2025-10-01,1,3,1,0,16.69,69.0
894,2025-10-01,1,2,0,0,0.0,0.0
841,2025-10-01,1,3,1,0,34.18,143.0
877,2025-10-01,0,0,0,0,0.0,0.0
937,2025-10-01,1,4,0,0,0.0,871.0
878,2025-10-01,1,9,1,0,38.38,206.0
871,2025-10-01,0,0,0,0,0.0,0.0
942,2025-10-01,1,3,1,0,18.04,127.0
844,2025-10-01,0,0,0,0,0.0,0.0
672,2025-10-01,1,2,0,0,0.0,1157.0
904,2025-10-01,0,0,0,0,0.0,0.0
717,2025-10-01,1,2,0,0,0.0,0.0
876,2025-10-01,0,0,0,0,0.0,0.0
847,2025-10-01,0,0,0,0,0.0,0.0
917,2025-10-01,1,3,1,0,55.9,112.0
957,2025-10-01,0,0,0,0,0.0,0.0
915,2025-10-01,0,0,0,0,0.0,0.0
829,2025-10-01,0,0,0,0,0.0,0.0
890,2025-10-01,0,0,0,0,0.0,0.0
916,2025-10-01,0,0,0,0,0.0,0.0
197,2025-10-01,1,4,0,0,0.0,0.0
947,2025-10-01,0,0,0,0,0.0,0.0
953,2025-10-01,0,0,0,0,0.0,0.0
919,2025-11-01,1,15,3,0,72.14,184.0
523,2025-11-01,1,31,20,0,823.71,1597.23
847,2025-11-01,1,18,5,2,120.41,401.0
905,2025-11-01,1,40,24,1,637.22,2018.52
638,2025-11-01,1,24,11,0,427.91,1988.11
883,2025-11-01,1,41,26,1,902.5,3134.89
15,2025-11-01,1,38,19,0,941.36,2360.97
66,2025-11-01,1,26,17,0,614.92,1611.61
108,2025-11-01,1,32,23,0,693.92,1919.07
174,2025-11-01,1,40,21,0,738.99,2534.48
274,2025-11-01,1,39,21,0,689.9,3824.15
317,2025-11-01,1,29,18,0,1124.85,2468.85
345,2025-11-01,1,32,17,2,1101.88,1898.05
355,2025-11-01,1,37,26,0,1668.53,3519.21
386,2025-11-01,1,35,17,0,580.23,2866.47
398,2025-11-01,1,23,14,0,662.66,2006.37
441,2025-11-01,1,34,16,0,671.17,1924.3
484,2025-11-01,1,40,17,0,738.18,2057.19
489,2025-11-01,1,26,17,0,484.88,1948.87
538,2025-11-01,1,27,17,0,674.15,2083.58
547,2025-11-01,1,28,19,0,1009.55,1919.44
644,2025-11-01,1,28,16,1,624.65,2349.1
650,2025-11-01,1,25,14,1,1353.82,2151.38
657,2025-11-01,1,21,14,0,519.61,2112.99
669,2025-11-01,1,34,17,0,671.89,1914.46
686,2025-11-01,1,36,19,0,495.68,1757.26
759,2025-11-01,1,34,19,0,1089.0,1766.05
793,2025-11-01,1,30,9,7,479.52,2062.13
801,2025-11-01,1,26,21,0,558.95,2658.5
814,2025-11-01,1,27,14,0,507.42,2431.17
821,2025-11-01,1,25,12,0,464.69,2604.63
834,2025-11-01,1,29,20,0,661.81,2263.97
952,2025-11-01,1,38,21,0,827.45,2477.4
558,2025-11-01,1,37,22,0,1182.72,3640.21
521,2025-11-01,1,15,7,11,1064.77,1655.09
839,2025-11-01,1,37,17,6,705.6,1612.24
12,2025-11-01,1,29,14,0,492.22,2196.07
94,2025-11-01,1,36,22,0,828.73,2430.85
98,2025-11-01,1,32,15,0,683.73,3167.55
559,2025-11-01,1,26,14,5,878.61,1420.35
604,2025-11-01,1,37,25,0,656.97,2196.2
715,2025-11-01,1,31,14,0,289.98,1854.39
766,2025-11-01,1,20,11,0,363.32,1581.7
775,2025-11-01,1,24,15,0,647.61,2437.14
804,2025-11-01,1,38,18,0,861.71,3596.53
816,2025-11-01,1,25,16,0,549.72,2113.1
823,2025-11-01,1,32,23,0,853.45,3217.97
864,2025-11-01,1,24,9,1,269.88,1965.81
884,2025-11-01,1,20,15,0,425.22,2089.16
911,2025-11-01,1,24,8,10,424.77,1203.03
110,2025-11-01,1,18,10,0,252.43,591.0
473,2025-11-01,1,22,15,0,652.55,2735.86
589,2025-11-01,1,36,19,0,592.86,2252.39
770,2025-11-01,1,31,9,11,212.81,1396.88
189,2025-11-01,1,39,25,0,765.44,1671.84
609,2025-11-01,1,29,18,0,810.37,1632.26
408,2025-11-01,1,25,18,4,1032.07,1905.59
758,2025-11-01,1,29,14,0,338.89,1473.61
9,2025-11-01,1,40,17,0,773.95,1488.92
13,2025-11-01,1,27,10,0,346.72,2287.75
21,2025-11-01,1,27,14,0,460.43,2012.62
22,2025-11-01,1,40,14,0,813.76,2953.73
88,2025-11-01,1,26,21,0,840.72,1952.25
232,2025-11-01,1,27,18,0,540.62,1757.71
277,2025-11-01,1,35,20,0,612.32,2755.34
417,2025-11-01,1,32,22,0,775.52,5100.74
486,2025-11-01,1,36,18,0,880.07,2495.77
522,2025-11-01,1,36,16,0,486.31,2087.85
530,2025-11-01,1,27,15,1,1150.87,2942.42
620,2025-11-01,1,36,17,0,462.32,2220.91
641,2025-11-01,1,32,15,0,529.4,3209.85
712,2025-11-01,1,32,17,0,528.89,2203.73
796,2025-11-01,1,22,13,0,643.51,3175.24
815,2025-11-01,1,24,11,0,503.61,1763.57
840,2025-11-01,1,32,25,0,1266.59,3755.32
852,2025-11-01,1,20,13,0,442.15,1691.0
892,2025-11-01,1,29,15,0,554.36,2701.15
639,2025-11-01,1,32,15,3,435.9,1631.94
187,2025-11-01,1,33,17,0,523.16,2336.63
402,2025-11-01,1,37,21,0,598.53,2220.42
61,2025-11-01,1,14,6,0,109.05,848.0
795,2025-11-01,1,38,16,2,553.8,1799.62
5,2025-11-01,1,16,4,0,198.94,3681.0
909,2025-11-01,1,24,6,0,153.9,282.0
747,2025-11-01,1,29,18,3,545.78,1586.03
664,2025-11-01,1,32,12,5,481.51,2369.55
83,2025-11-01,1,30,21,0,766.6,2871.76
272,2025-11-01,1,45,22,0,687.59,1807.36
931,2025-11-01,1,17,6,1,178.17,383.0
427,2025-11-01,1,22,8,4,229.77,414.0
760,2025-11-01,1,18,6,0,347.06,678.0
11,2025-11-01,1,46,22,0,666.21,2673.38
132,2025-11-01,1,34,19,8,1085.8,2027.2
179,2025-11-01,1,23,16,0,883.54,2115.08
184,2025-11-01,1,22,11,0,447.39,2244.95
194,2025-11-01,1,36,22,0,860.55,2414.7
262,2025-11-01,1,39,18,3,879.35,1901.02
266,2025-11-01,1,34,13,0,611.78,1923.6
384,2025-11-01,1,18,11,2,344.49,1909.79
501,2025-11-01,1,31,26,0,1028.87,2407.42
592,2025-11-01,1,33,18,5,543.51,1588.76
601,2025-11-01,1,29,18,0,605.71,3372.23
611,2025-11-01,1,33,16,0,532.08,2954.04
614,2025-11-01,1,23,16,0,1043.81,1407.52
645,2025-11-01,1,29,12,0,513.02,1561.83
818,2025-11-01,1,48,27,4,958.52,2573.46
899,2025-11-01,1,27,16,2,651.51,1324.64
907,2025-11-01,1,23,14,0,475.56,2593.97
928,2025-11-01,1,24,13,0,424.49,2242.25
832,2025-11-01,1,2,0,0,0.0,0.0
6,2025-11-01,1,35,24,0,1105.06,2271.09
304,2025-11-01,1,15,5,0,91.16,0.0
941,2025-11-01,1,47,26,2,796.12,2863.45
672,2025-11-01,1,14,2,0,112.07,1764.0
328,2025-11-01,1,17,0,0,0.0,312.0
875,2025-11-01,1,9,2,4,47.75,234.0
748,2025-11-01,1,32,22,3,854.75,2401.35
425,2025-11-01,1,32,16,0,443.6,2773.86
862,2025-11-01,1,22,2,0,34.89,333.0
813,2025-11-01,1,26,13,3,673.74,1450.06
750,2025-11-01,1,39,21,2,1129.08,1780.92
450,2025-11-01,1,15,9,1,219.78,0.0
568,2025-11-01,1,32,13,3,966.53,2029.89
560,2025-11-01,1,41,15,3,578.63,2912.47
87,2025-11-01,1,31,14,0,622.06,1340.97
674,2025-11-01,1,27,22,1,741.15,2554.42
623,2025-11-01,1,22,11,1,411.43,251.0
557,2025-11-01,1,32,23,1,1003.98,1976.93
223,2025-11-01,1,10,2,0,174.66,338.0
774,2025-11-01,1,35,16,0,702.76,2736.19
688,2025-11-01,1,16,3,0,105.13,235.0
157,2025-11-01,1,14,5,0,170.45,109.0
603,2025-11-01,1,20,8,0,356.8,0.0
155,2025-11-01,1,37,17,0,477.54,2543.74
478,2025-11-01,1,45,25,0,936.43,1837.88
333,2025-11-01,1,18,6,0,155.71,0.0
365,2025-11-01,1,15,5,0,379.49,439.0
590,2025-11-01,1,33,16,0,467.2,2662.8
359,2025-11-01,1,35,22,0,796.01,2911.9
265,2025-11-01,1,32,14,1,501.2,2166.48
507,2025-11-01,1,27,15,2,776.8,1683.37
735,2025-11-01,1,22,7,0,292.06,183.0
651,2025-11-01,1,9,5,0,120.11,0.0
366,2025-11-01,1,11,7,0,172.7,0.0
364,2025-11-01,1,24,17,0,700.02,1858.31
787,2025-11-01,1,36,15,2,389.87,1811.81
949,2025-11-01,1,34,23,1,928.91,3201.67
647,2025-11-01,1,32,18,0,806.81,2513.93
649,2025-11-01,1,29,7,9,221.35,1918.3
412,2025-11-01,1,8,2,0,50.07,0.0
331,2025-11-01,1,32,13,0,457.72,1690.61
437,2025-11-01,1,5,1,0,90.71,0.0
310,2025-11-01,1,32,19,0,604.76,2489.62
831,2025-11-01,1,6,6,4,199.91,0.0
40,2025-11-01,1,39,20,0,530.68,4330.38
32,2025-11-01,1,33,16,0,668.23,2395.7
621,2025-11-01,1,38,22,0,965.73,2806.15
459,2025-11-01,1,48,18,0,854.11,2548.36
299,2025-11-01,1,34,21,0,625.28,2054.1
159,2025-11-01,1,27,14,0,744.93,1889.15
859,2025-11-01,1,14,6,0,131.01,628.0
897,2025-11-01,1,30,17,2,593.69,2001.46
944,2025-11-01,1,38,25,0,780.68,1583.43
235,2025-11-01,1,19,3,0,40.19,7971.0
239,2025-11-01,1,43,17,0,612.52,2320.14
300,2025-11-01,1,14,5,0,159.49,0.0
99,2025-11-01,1,11,2,0,19.29,724.0
352,2025-11-01,1,24,11,0,395.2,2192.03
476,2025-11-01,1,15,5,1,119.24,344.0
130,2025-11-01,1,22,6,0,189.34,532.0
295,2025-11-01,1,30,16,0,623.8,2243.39
414,2025-11-01,1,11,3,6,67.83,0.0
293,2025-11-01,1,30,19,0,553.63,2683.72
828,2025-11-01,1,10,6,0,482.6,0.0
256,2025-11-01,1,20,8,0,303.13,925.0
917,2025-11-01,1,31,16,2,574.78,1362.89
457,2025-11-01,1,34,19,0,787.27,1394.79
199,2025-11-01,1,16,3,0,134.02,101.0
519,2025-11-01,1,11,9,0,256.32,0.0
930,2025-11-01,1,7,2,0,98.33,1195.0
812,2025-11-01,1,22,12,1,497.85,1790.94
721,2025-11-01,1,29,22,0,897.08,1915.45
550,2025-11-01,1,23,8,0,234.03,616.0
125,2025-11-01,1,12,3,0,170.67,211.0
728,2025-11-01,1,21,6,1,241.9,137.0
350,2025-11-01,1,20,8,0,295.9,372.0
444,2025-11-01,1,10,5,0,177.35,200.0
93,2025-11-01,1,13,3,0,72.63,311.0
822,2025-11-01,1,31,22,0,969.1,2513.72
221,2025-11-01,1,13,8,0,527.96,102.0
863,2025-11-01,1,21,6,5,149.07,322.0
762,2025-11-01,1,33,18,0,736.58,1681.89
705,2025-11-01,1,33,18,0,721.45,2666.52
841,2025-11-01,1,42,17,5,1243.6,2605.1
655,2025-11-01,1,7,1,2,31.32,0.0
332,2025-11-01,1,41,17,0,637.92,2404.55
160,2025-11-01,1,24,11,0,295.1,2923.27
238,2025-11-01,1,10,8,0,188.49,0.0
154,2025-11-01,1,14,10,0,210.24,0.0
534,2025-11-01,1,36,19,2,633.96,1782.1
102,2025-11-01,1,30,17,0,1107.94,2169.04
47,2025-11-01,1,30,15,0,538.69,1369.76
420,2025-11-01,1,25,16,0,460.84,2078.2
418,2025-11-01,1,35,24,0,1074.53,1653.58
377,2025-11-01,1,24,15,0,534.35,1389.0
950,2025-11-01,1,23,14,1,503.42,3307.43
449,2025-11-01,1,17,4,2,126.06,773.0
334,2025-11-01,1,31,16,0,817.4,2200.94
95,2025-11-01,1,14,6,0,383.35,0.0
849,2025-11-01,1,9,3,0,150.73,0.0
939,2025-11-01,1,32,20,1,695.21,2385.91
84,2025-11-01,1,14,5,0,151.39,60.0
895,2025-11-01,1,15,7,0,182.52,518.0
278,2025-11-01,1,28,16,0,787.13,1903.28
788,2025-11-01,1,38,21,0,1276.89,2182.71
585,2025-11-01,1,8,2,6,68.71,0.0
76,2025-11-01,1,39,22,0,751.8,2347.96
552,2025-11-01,1,30,14,0,499.37,2290.63
628,2025-11-01,1,13,4,1,164.32,294.0
406,2025-11-01,1,23,18,0,480.33,3701.0
662,2025-11-01,1,40,21,1,918.05,1582.6
783,2025-11-01,1,11,1,0,27.01,2584.0
511,2025-11-01,1,31,15,0,350.05,1740.83
938,2025-11-01,1,31,18,0,833.01,2527.33
624,2025-11-01,1,25,11,0,420.33,2223.51
958,2025-11-01,1,26,7,9,230.13,1986.45
375,2025-11-01,1,32,10,0,365.58,1784.14
316,2025-11-01,1,29,16,0,679.76,1924.49
670,2025-11-01,1,18,4,1,108.08,360.0
165,2025-11-01,1,22,5,0,218.42,1959.0
62,2025-11-01,1,35,22,0,1343.42,2157.41
347,2025-11-01,1,24,8,0,214.6,850.0
636,2025-11-01,1,9,3,0,90.98,0.0
776,2025-11-01,1,34,11,12,498.46,2314.99
271,2025-11-01,1,35,24,0,1011.5,1769.75
765,2025-11-01,1,23,16,1,578.34,1870.21
372,2025-11-01,1,12,4,0,150.98,0.0
111,2025-11-01,1,33,16,0,593.05,1723.72
195,2025-11-01,1,4,2,0,30.42,0.0
151,2025-11-01,1,41,24,3,882.81,1906.25
68,2025-11-01,1,24,15,0,886.8,1715.5
732,2025-11-01,1,24,17,1,521.24,1881.46
595,2025-11-01,1,24,13,1,522.1,1528.22
937,2025-11-01,1,6,6,0,258.19,0.0
104,2025-11-01,1,33,26,0,1231.7,2300.06
403,2025-11-01,1,25,20,0,977.98,1915.1
263,2025-11-01,1,41,22,0,988.43,3424.92
873,2025-11-01,1,28,8,3,732.38,2275.08
63,2025-11-01,1,33,18,0,732.51,2385.51
881,2025-11-01,1,30,21,4,664.99,2511.02
773,2025-11-01,1,37,22,0,1038.28,1376.09
697,2025-11-01,1,32,14,0,714.87,2011.77
607,2025-11-01,1,18,4,0,129.3,211.0
152,2025-11-01,1,35,18,0,829.1,3575.47
435,2025-11-01,1,26,7,0,230.71,904.0
423,2025-11-01,1,28,12,0,362.8,2166.87
301,2025-11-01,1,10,4,0,297.96,0.0
415,2025-11-01,1,36,23,1,882.84,1714.53
481,2025-11-01,1,3,3,0,74.16,0.0
860,2025-11-01,1,10,3,0,392.41,2293.0
570,2025-11-01,1,18,3,1,59.81,212.0
71,2025-11-01,1,35,16,0,660.49,2507.17
714,2025-11-01,1,14,2,0,72.38,494.0
496,2025-11-01,1,11,2,0,479.62,1894.0
72,2025-11-01,1,9,4,0,50.15,152.0
882,2025-11-01,1,13,8,1,235.11,176.0
202,2025-11-01,1,27,14,1,938.83,2249.41
178,2025-11-01,1,37,19,0,654.78,2700.18
302,2025-11-01,1,26,15,0,415.12,2004.92
175,2025-11-01,1,29,14,0,549.83,2534.99
835,2025-11-01,1,8,3,0,79.08,193.0
576,2025-11-01,1,34,18,3,749.81,1871.33
161,2025-11-01,1,33,9,0,299.22,2862.77
733,2025-11-01,1,26,13,0,400.74,2214.3
643,2025-11-01,1,13,7,0,176.42,0.0
742,2025-11-01,1,17,5,0,217.09,0.0
222,2025-11-01,1,10,2,0,76.28,3259.0
169,2025-11-01,1,22,5,0,220.39,271.0
885,2025-11-01,1,13,7,0,234.08,0.0
700,2025-11-01,1,39,25,0,897.46,1713.84
318,2025-11-01,1,29,12,0,529.14,2574.99
824,2025-11-01,1,22,15,0,482.57,2246.89
245,2025-11-01,1,16,4,0,239.21,1837.0
242,2025-11-01,1,23,14,0,413.72,2269.96
791,2025-11-01,1,26,5,0,97.5,400.0
718,2025-11-01,1,10,5,0,68.69,191.0
173,2025-11-01,1,10,5,0,252.97,538.0
440,2025-11-01,1,12,7,0,296.18,4358.0
779,2025-11-01,1,11,3,0,188.67,171.0
541,2025-11-01,1,25,14,0,569.25,2284.19
566,2025-11-01,1,14,6,0,303.11,0.0
322,2025-11-01,1,17,6,0,204.19,224.0
756,2025-11-01,1,17,5,0,221.81,257.0
116,2025-11-01,1,13,5,0,219.85,0.0
1050,2025-11-01,1,25,8,1,201.8,704.0
158,2025-11-01,1,28,17,0,741.85,1928.22
532,2025-11-01,1,13,2,0,41.51,1281.0
305,2025-11-01,1,23,18,0,591.29,1954.37
838,2025-11-01,1,29,16,1,787.1,1407.41
540,2025-11-01,1,33,24,0,915.19,2172.05
778,2025-11-01,1,24,9,0,220.25,481.0
225,2025-11-01,1,4,2,0,90.19,0.0
468,2025-11-01,1,10,3,0,182.72,77.0
123,2025-11-01,1,32,15,0,321.85,2980.2
230,2025-11-01,1,32,19,0,703.9,3045.86
525,2025-11-01,1,9,3,4,128.19,508.0
856,2025-11-01,1,30,19,2,1004.09,1842.84
210,2025-11-01,1,12,7,0,187.97,360.0
1019,2025-11-01,1,12,0,0,0.0,8948.0
217,2025-11-01,1,44,21,1,804.65,3393.53
234,2025-11-01,1,12,4,0,107.71,0.0
396,2025-11-01,1,17,8,0,176.54,270.0
70,2025-11-01,1,37,18,0,505.95,1929.84
411,2025-11-01,1,36,10,0,526.28,1838.98
431,2025-11-01,1,25,10,0,351.7,1543.35
392,2025-11-01,1,14,4,0,90.89,244.0
51,2025-11-01,1,10,2,0,246.47,0.0
491,2025-11-01,1,28,15,2,450.69,1129.6
708,2025-11-01,1,23,14,0,696.22,1683.59
506,2025-11-01,1,30,15,2,511.69,1544.36
629,2025-11-01,1,18,13,2,511.57,2347.74
986,2025-11-01,1,31,16,1,536.77,1834.75
920,2025-11-01,1,36,23,1,598.5,1900.47
150,2025-11-01,1,8,5,0,350.75,2674.0
867,2025-11-01,1,27,12,0,362.78,2481.2
81,2025-11-01,1,37,22,0,866.8,2269.71
105,2025-11-01,1,22,11,0,528.22,1967.55
279,2025-11-01,1,32,13,0,410.37,3055.76
291,2025-11-01,1,31,16,0,764.56,2083.92
424,2025-11-01,1,25,13,0,447.9,1773.78
564,2025-11-01,1,39,23,0,1007.42,1785.13
803,2025-11-01,1,24,17,0,588.97,2198.94
37,2025-11-01,1,19,5,0,214.66,190.0
676,2025-11-01,1,20,15,0,522.24,3195.56
67,2025-11-01,1,22,10,0,690.7,2159.19
124,2025-11-01,1,31,16,0,1547.54,2726.13
211,2025-11-01,1,31,20,0,763.28,2725.16
283,2025-11-01,1,28,17,0,1368.6,1965.65
292,2025-11-01,1,34,16,0,624.98,3040.28
342,2025-11-01,1,28,13,0,491.72,2788.56
362,2025-11-01,1,30,11,9,695.94,1754.66
380,2025-11-01,1,29,10,0,433.45,2809.09
490,2025-11-01,1,20,13,0,1297.22,2227.96
618,2025-11-01,1,30,21,0,559.3,1929.71
878,2025-11-01,1,36,23,0,938.25,1556.38
922,2025-11-01,1,26,14,0,411.57,3424.91
790,2025-11-01,1,32,19,0,734.95,2062.77
527,2025-11-01,1,37,16,3,524.12,1471.03
850,2025-11-01,1,7,3,6,38.48,0.0
964,2025-11-01,1,14,4,0,270.97,0.0
8,2025-11-01,1,40,19,0,860.64,2372.0
42,2025-11-01,1,40,20,0,833.72,3953.72
141,2025-11-01,1,28,17,0,1080.99,1357.43
280,2025-11-01,1,38,22,0,1102.62,1960.05
600,2025-11-01,1,23,12,0,345.72,1930.38
693,2025-11-01,1,24,15,0,608.78,2051.93
789,2025-11-01,1,26,13,0,396.72,1400.02
908,2025-11-01,1,13,6,0,352.35,148.0
92,2025-11-01,1,11,5,0,106.74,0.0
58,2025-11-01,1,24,19,0,1255.38,2651.0
75,2025-11-01,1,27,16,0,1157.51,2294.81
145,2025-11-01,1,38,23,0,1088.74,2092.78
170,2025-11-01,1,24,14,0,521.1,1792.03
288,2025-11-01,1,27,16,0,996.47,1763.03
311,2025-11-01,1,39,10,5,447.18,2198.38
469,2025-11-01,1,26,11,0,289.83,1935.87
482,2025-11-01,1,33,20,2,1243.3,2419.1
757,2025-11-01,1,35,16,0,645.19,2274.05
954,2025-11-01,1,33,14,0,616.43,1398.15
960,2025-11-01,1,30,14,0,361.29,3645.2
571,2025-11-01,1,9,4,0,239.52,98.0
965,2025-11-01,1,13,3,0,99.98,0.0
29,2025-11-01,1,18,5,0,133.5,619.0
446,2025-11-01,1,14,5,0,192.56,97.0
912,2025-11-01,1,14,7,2,211.85,90.0
286,2025-11-01,1,7,1,0,39.89,0.0
148,2025-11-01,1,10,7,0,346.76,404.0
205,2025-11-01,1,15,8,0,131.6,315.0
439,2025-11-01,1,37,21,0,1113.86,2309.91
218,2025-11-01,1,24,6,0,194.46,618.0
60,2025-11-01,1,24,9,0,760.12,140.0
514,2025-11-01,1,18,6,0,116.93,1278.0
548,2025-11-01,1,48,22,0,776.77,2655.53
508,2025-11-01,1,7,1,0,61.18,0.0
619,2025-11-01,1,22,11,0,429.39,2080.34
285,2025-11-01,1,11,7,1,318.19,0.0
573,2025-11-01,1,4,2,0,177.75,0.0
429,2025-11-01,1,34,13,0,548.37,1865.98
786,2025-11-01,1,17,10,2,377.88,1843.04
857,2025-11-01,1,13,5,0,175.09,0.0
833,2025-11-01,1,30,13,1,455.1,1913.98
653,2025-11-01,1,33,17,0,912.04,1828.16
117,2025-11-01,1,40,18,0,483.87,2173.1
869,2025-11-01,1,7,1,0,171.94,0.0
906,2025-11-01,1,21,6,0,276.22,220.0
948,2025-11-01,1,40,15,6,461.17,2020.51
50,2025-11-01,1,13,5,0,135.01,918.0
121,2025-11-01,1,17,8,0,149.79,132.0
267,2025-11-01,1,28,21,0,1387.03,2440.87
126,2025-11-01,1,24,13,0,497.29,1790.18
713,2025-11-01,1,18,6,0,125.77,452.0
107,2025-11-01,1,38,21,0,1044.86,1446.46
591,2025-11-01,1,24,11,0,351.25,1390.2
845,2025-11-01,1,32,13,1,560.97,3542.93
961,2025-11-01,1,20,10,0,302.83,347.0
588,2025-11-01,1,38,17,1,621.64,2313.32
463,2025-11-01,1,9,5,0,157.4,0.0
927,2025-11-01,1,4,0,0,0.0,0.0
784,2025-11-01,1,14,4,1,125.37,364.0
31,2025-11-01,1,26,19,0,708.49,2571.45
677,2025-11-01,1,32,14,0,866.26,2236.83
769,2025-11-01,1,29,18,0,787.07,2780.07
250,2025-11-01,1,24,15,0,453.19,190.0
673,2025-11-01,1,35,16,2,641.96,2342.44
314,2025-11-01,1,7,3,0,116.74,1492.0
894,2025-11-01,1,2,0,0,0.0,0.0
929,2025-11-01,1,7,1,0,54.2,0.0
361,2025-11-01,1,17,5,0,267.34,575.0
357,2025-11-01,1,33,19,0,653.68,3028.57
545,2025-11-01,1,10,2,0,36.85,0.0
241,2025-11-01,1,26,10,0,330.69,2077.85
687,2025-11-01,1,17,2,1,29.45,655.0
663,2025-11-01,1,29,20,1,870.33,2175.66
227,2025-11-01,1,25,9,0,612.97,1704.77
926,2025-11-01,1,15,5,0,187.99,130.0
914,2025-11-01,1,8,2,4,24.39,0.0
320,2025-11-01,1,6,4,0,439.16,0.0
659,2025-11-01,1,18,9,0,388.23,110.0
753,2025-11-01,1,15,4,1,123.19,51.0
1017,2025-11-01,1,15,4,2,112.13,132.0
720,2025-11-01,1,28,13,0,366.66,2364.06
802,2025-11-01,1,26,13,0,372.17,1906.68
330,2025-11-01,1,20,11,0,361.02,1559.01
667,2025-11-01,1,20,5,0,128.14,1644.0
34,2025-11-01,1,21,14,0,378.07,1096.41
28,2025-11-01,1,27,12,0,839.58,2169.35
764,2025-11-01,1,8,4,0,228.27,0.0
529,2025-11-01,1,14,11,2,323.48,2029.01
531,2025-11-01,1,38,19,0,796.23,2212.28
504,2025-11-01,1,26,19,0,993.86,2274.41
488,2025-11-01,1,11,4,0,228.31,47.0
827,2025-11-01,1,38,19,2,703.59,1673.68
695,2025-11-01,1,16,6,0,186.55,184.0
932,2025-11-01,1,14,4,4,104.88,64.0
698,2025-11-01,1,37,16,2,486.63,1972.98
335,2025-11-01,1,36,23,0,2044.83,2433.56
323,2025-11-01,1,11,6,0,166.09,91.0
887,2025-11-01,1,19,6,0,330.52,643.0
626,2025-11-01,1,29,16,0,654.95,2129.16
268,2025-11-01,1,9,0,0,0.0,4872.0
870,2025-11-01,1,16,1,4,18.49,1286.0
503,2025-11-01,1,34,18,3,875.7,1669.19
284,2025-11-01,1,14,8,0,234.78,0.0
443,2025-11-01,1,7,2,4,24.56,318.0
79,2025-11-01,1,35,14,0,991.48,1622.13
456,2025-11-01,1,15,3,0,131.35,276.0
167,2025-11-01,1,37,18,0,922.23,2299.73
661,2025-11-01,1,14,4,0,275.17,406.0
10,2025-11-01,1,16,7,0,366.88,150.0
319,2025-11-01,1,19,5,0,378.06,2603.0
53,2025-11-01,1,11,5,0,106.58,0.0
120,2025-11-01,1,30,13,0,595.31,1238.54
269,2025-11-01,1,4,2,0,78.9,0.0
726,2025-11-01,1,39,19,3,799.42,1294.73
725,2025-11-01,1,11,5,0,208.23,0.0
17,2025-11-01,1,9,1,0,42.18,1344.0
518,2025-11-01,1,13,5,0,138.15,0.0
633,2025-11-01,1,10,3,0,79.02,76.0
339,2025-11-01,1,17,5,0,319.38,2152.0
542,2025-11-01,1,9,3,0,94.04,0.0
868,2025-11-01,1,6,4,0,203.28,0.0
498,2025-11-01,1,13,6,0,203.3,126.0
405,2025-11-01,1,16,4,0,279.6,1172.0
904,2025-11-01,1,2,0,0,0.0,0.0
594,2025-11-01,1,31,15,0,495.92,1654.4
853,2025-11-01,1,13,4,0,242.67,96.0
89,2025-11-01,1,18,0,0,0.0,4998.0
825,2025-11-01,1,14,6,1,186.81,977.0
799,2025-11-01,1,35,20,0,671.22,2991.21
353,2025-11-01,1,7,2,4,16.73,223.0
553,2025-11-01,1,11,2,1,113.02,155.0
739,2025-11-01,1,31,18,0,593.59,2552.67
82,2025-11-01,1,31,16,2,749.27,1647.52
513,2025-11-01,1,29,11,0,469.52,2677.97
336,2025-11-01,1,34,16,0,838.58,2932.9
792,2025-11-01,1,30,17,0,435.94,3234.57
678,2025-11-01,1,27,18,0,970.25,3551.12
580,2025-11-01,1,33,18,0,752.86,2418.86
1052,2025-11-01,1,14,2,0,151.55,4435.0
136,2025-11-01,1,30,8,0,344.65,1766.65
276,2025-11-01,1,25,11,0,850.7,3461.74
689,2025-11-01,1,38,14,0,484.51,2415.95
749,2025-11-01,1,35,16,3,695.08,1353.58
374,2025-11-01,1,9,3,0,77.19,290.0
143,2025-11-01,1,22,15,0,433.11,2048.14
287,2025-11-01,1,34,17,0,850.42,2069.29
289,2025-11-01,1,33,16,0,488.09,2203.76
963,2025-11-01,1,29,19,0,828.47,1698.89
947,2025-11-01,1,16,6,1,179.69,552.0
432,2025-11-01,1,15,4,0,232.96,1008.0
710,2025-11-01,1,10,5,0,207.28,806.0
616,2025-11-01,1,16,3,0,71.24,1021.0
45,2025-11-01,1,28,15,0,623.38,1672.46
209,2025-11-01,1,28,13,0,770.93,1725.62
962,2025-11-01,1,33,19,0,857.23,2959.04
901,2025-11-01,1,18,6,1,131.17,404.0
249,2025-11-01,1,18,6,0,102.16,764.0
945,2025-11-01,1,13,6,0,164.61,56.0
275,2025-11-01,1,7,3,0,199.5,0.0
640,2025-11-01,1,24,3,5,160.36,260.0
38,2025-11-01,1,42,23,0,1027.18,2130.32
433,2025-11-01,1,33,11,0,503.61,2537.15
512,2025-11-01,1,32,21,1,869.03,2331.25
632,2025-11-01,1,16,9,0,451.96,1902.23
135,2025-11-01,1,21,5,0,194.38,486.0
193,2025-11-01,1,9,5,0,163.78,0.0
307,2025-11-01,1,40,19,4,568.61,2118.0
837,2025-11-01,1,15,5,0,204.83,1481.0
809,2025-11-01,1,39,23,2,1117.44,2209.83
865,2025-11-01,1,14,6,0,410.81,2155.0
561,2025-11-01,1,23,14,0,544.45,3027.68
656,2025-11-01,1,14,6,0,119.73,0.0
340,2025-11-01,1,9,4,4,110.28,129.0
251,2025-11-01,1,28,13,0,392.4,1842.6
24,2025-11-01,1,10,3,0,144.07,1454.0
819,2025-11-01,1,11,4,0,140.25,449.0
18,2025-11-01,1,32,16,0,663.87,1731.27
1049,2025-11-01,1,6,2,0,131.73,364.0
379,2025-11-01,1,9,4,0,109.19,196.0
180,2025-11-01,1,43,21,0,867.47,3306.65
198,2025-11-01,1,6,1,0,56.68,397.0
890,2025-11-01,1,17,3,13,122.57,238.0
675,2025-11-01,1,3,1,0,25.27,0.0
703,2025-11-01,1,13,4,0,131.8,250.0
671,2025-11-01,1,16,6,0,377.23,211.0
658,2025-11-01,1,19,7,3,208.19,429.0
934,2025-11-01,1,5,2,0,69.96,1036.0
297,2025-11-01,1,7,3,0,296.06,0.0
510,2025-11-01,1,15,3,0,353.0,5173.0
777,2025-11-01,1,13,1,0,28.19,4047.0
729,2025-11-01,1,36,14,1,426.45,2271.57
955,2025-11-01,1,15,3,0,55.91,5631.0
652,2025-11-01,1,9,4,0,177.11,0.0
430,2025-11-01,1,9,2,0,102.91,2950.0
843,2025-11-01,1,10,4,0,97.66,0.0
668,2025-11-01,1,8,2,6,21.42,0.0
586,2025-11-01,1,23,6,0,218.99,532.0
462,2025-11-01,1,15,3,0,87.39,193.0
533,2025-11-01,1,5,3,0,127.28,0.0
685,2025-11-01,1,13,6,2,182.53,670.0
390,2025-11-01,1,14,6,0,138.52,0.0
763,2025-11-01,1,28,11,0,262.91,938.0
253,2025-11-01,1,23,5,0,161.71,984.0
470,2025-11-01,1,12,10,0,326.42,0.0
992,2025-11-01,1,2,0,0,0.0,0.0
1043,2025-11-01,1,19,11,1,329.5,316.0
691,2025-11-01,1,12,4,0,182.31,688.0
898,2025-11-01,1,18,7,0,268.79,79.0
848,2025-11-01,1,14,4,0,117.15,2014.0
477,2025-11-01,1,11,5,0,161.07,0.0
983,2025-11-01,1,2,0,0,0.0,0.0
539,2025-11-01,1,13,9,0,810.61,0.0
410,2025-11-01,1,8,4,0,98.44,0.0
214,2025-11-01,1,11,4,0,123.02,2008.0
780,2025-11-01,1,9,1,0,18.17,3738.0
877,2025-11-01,1,26,12,9,398.45,414.0
722,2025-11-01,1,9,3,3,78.17,0.0
612,2025-11-01,1,11,7,0,217.72,0.0
220,2025-11-01,1,23,6,0,184.47,320.0
989,2025-11-01,1,13,3,12,94.66,118.0
55,2025-11-01,1,14,4,0,99.41,475.0
329,2025-11-01,1,17,5,0,152.33,2736.0
642,2025-11-01,1,16,5,0,172.53,1219.0
683,2025-11-01,1,9,7,0,158.39,0.0
140,2025-11-01,1,12,5,0,167.95,20.0
606,2025-11-01,1,10,2,0,46.25,0.0
358,2025-11-01,1,10,5,0,117.77,199.0
627,2025-11-01,1,4,1,9,5.39,0.0
248,2025-11-01,1,9,3,0,177.83,0.0
946,2025-11-01,1,15,5,0,132.63,0.0
356,2025-11-01,1,10,1,1,17.23,1189.0
252,2025-11-01,1,18,4,0,131.82,1987.0
324,2025-11-01,1,17,2,0,62.37,1094.0
829,2025-11-01,1,20,10,0,538.25,355.0
861,2025-11-01,1,13,6,0,194.09,329.0
990,2025-11-01,1,18,5,0,129.69,245.0
830,2025-11-01,1,18,9,0,278.43,170.0
509,2025-11-01,1,25,5,0,125.92,1698.15
615,2025-11-01,1,26,13,0,757.97,2797.1
723,2025-11-01,1,34,20,0,834.25,2685.22
942,2025-11-01,1,41,20,2,758.36,2343.8
1004,2025-11-01,1,13,1,0,45.63,433.0
212,2025-11-01,1,28,19,0,913.76,2065.74
321,2025-11-01,1,19,12,0,462.31,1349.24
472,2025-11-01,1,22,16,0,795.84,3723.24
579,2025-11-01,1,33,10,0,377.49,2319.87
309,2025-11-01,1,9,2,0,86.03,1645.0
679,2025-11-01,1,21,9,0,618.83,4058.86
794,2025-11-01,1,16,9,0,350.49,427.0
258,2025-11-01,1,15,3,0,96.17,393.0
598,2025-11-01,1,10,2,2,38.18,0.0
546,2025-11-01,1,18,7,0,317.23,627.0
23,2025-11-01,1,11,3,0,488.87,0.0
404,2025-11-01,1,11,6,0,99.03,96.0
517,2025-11-01,1,9,4,2,148.01,78.0
371,2025-11-01,1,10,3,0,605.81,96.0
44,2025-11-01,1,18,9,0,383.65,534.0
163,2025-11-01,1,12,1,0,63.04,1561.0
915,2025-11-01,1,12,4,0,91.05,729.0
306,2025-11-01,1,11,3,0,173.12,0.0
933,2025-11-01,1,10,3,4,80.18,56.0
203,2025-11-01,1,13,5,0,199.01,513.0
464,2025-11-01,1,4,0,0,0.0,0.0
1008,2025-11-01,1,18,5,5,79.06,171.0
133,2025-11-01,1,9,2,0,289.57,918.0
842,2025-11-01,1,18,2,0,107.76,1154.0
419,2025-11-01,1,13,2,0,136.64,884.0
192,2025-11-01,1,10,2,0,118.21,1741.0
492,2025-11-01,1,1,1,3,33.99,0.0
447,2025-11-01,1,8,4,0,99.53,0.0
421,2025-11-01,1,7,4,0,196.01,57.0
745,2025-11-01,1,7,3,0,134.98,0.0
808,2025-11-01,1,9,9,1,401.73,0.0
360,2025-11-01,1,7,5,0,106.6,0.0
951,2025-11-01,1,6,1,2,12.45,0.0
597,2025-11-01,1,18,6,0,393.57,422.0
1005,2025-11-01,1,6,2,0,34.57,196.0
940,2025-11-01,1,16,4,0,201.8,1176.0
387,2025-11-01,1,21,7,0,195.91,1620.0
131,2025-11-01,1,19,5,0,146.31,1647.0
872,2025-11-01,1,10,2,0,69.83,0.0
981,2025-11-01,1,3,1,0,50.99,370.0
565,2025-11-01,1,18,9,0,590.73,152.0
782,2025-11-01,1,14,2,0,66.08,7999.0
4,2025-11-01,1,22,4,0,128.24,245.0
578,2025-11-01,1,17,5,0,330.52,0.0
844,2025-11-01,1,4,0,0,0.0,0.0
953,2025-11-01,1,19,8,3,284.4,437.0
982,2025-11-01,1,10,3,2,109.1,242.0
871,2025-11-01,1,15,4,13,73.55,84.0
974,2025-11-01,1,15,11,0,360.1,651.0
1022,2025-11-01,1,12,7,0,203.87,558.0
56,2025-11-01,1,9,3,0,142.27,0.0
820,2025-11-01,1,8,5,0,178.95,193.0
346,2025-11-01,1,7,2,0,50.4,158.0
19,2025-11-01,1,21,4,0,112.03,529.0
903,2025-11-01,1,7,2,0,46.7,1269.0
196,2025-11-01,1,9,3,0,111.98,0.0
772,2025-11-01,1,3,1,7,11.15,0.0
282,2025-11-01,1,13,2,0,76.97,587.0
993,2025-11-01,1,14,1,0,66.03,273.0
100,2025-11-01,1,12,8,0,517.92,0.0
681,2025-11-01,1,13,8,0,268.84,67.0
680,2025-11-01,1,12,4,0,150.46,949.0
474,2025-11-01,1,10,2,2,49.1,0.0
370,2025-11-01,1,12,1,3,5.16,81.0
569,2025-11-01,1,5,2,0,76.04,115.0
767,2025-11-01,1,5,3,2,87.78,0.0
743,2025-11-01,1,12,6,0,191.15,0.0
690,2025-11-01,1,8,1,0,57.85,529.0
648,2025-11-01,1,4,2,0,54.96,0.0
426,2025-11-01,1,7,3,0,90.74,0.0
666,2025-11-01,1,9,2,0,138.38,147.0
916,2025-11-01,1,22,9,7,224.84,272.0
957,2025-11-01,1,12,3,0,53.21,282.0
343,2025-11-01,1,4,0,0,0.0,0.0
445,2025-11-01,1,4,0,4,0.0,0.0
1038,2025-11-01,1,23,9,5,717.82,68.0
556,2025-11-01,1,9,1,0,272.21,0.0
910,2025-11-01,1,21,7,0,208.04,232.0
127,2025-11-01,1,18,2,0,108.48,114.0
257,2025-11-01,1,14,6,0,193.62,384.0
817,2025-11-01,1,5,3,4,48.39,0.0
613,2025-11-01,1,9,7,0,345.14,0.0
891,2025-11-01,1,15,6,0,210.67,1165.0
315,2025-11-01,1,10,4,1,167.56,523.0
57,2025-11-01,1,9,1,0,17.33,0.0
810,2025-11-01,1,18,2,2,19.44,1050.0
925,2025-11-01,1,10,3,0,601.87,726.0
768,2025-11-01,1,15,5,5,97.1,92.0
1053,2025-11-01,1,11,3,14,72.1,73.0
709,2025-11-01,1,12,3,4,206.23,121.0
101,2025-11-01,1,9,0,0,0.0,1211.0
461,2025-11-01,1,12,3,0,84.48,8226.0
966,2025-11-01,1,13,5,1,115.53,138.0
313,2025-11-01,1,15,7,0,388.26,378.0
351,2025-11-01,1,21,8,0,286.85,408.0
593,2025-11-01,1,22,8,0,331.25,397.0
228,2025-11-01,1,21,5,0,173.23,1259.0
1039,2025-11-01,1,9,2,8,29.44,43.0
1029,2025-11-01,1,6,4,4,71.73,75.0
797,2025-11-01,1,10,5,0,346.46,204.0
1046,2025-11-01,1,17,4,3,248.22,270.0
731,2025-11-01,1,9,4,0,126.75,246.0
134,2025-11-01,1,14,5,0,500.46,2160.0
1036,2025-11-01,1,19,7,4,142.49,552.0
936,2025-11-01,1,2,0,0,0.0,0.0
485,2025-11-01,1,9,7,0,319.19,0.0
996,2025-11-01,1,21,4,8,143.47,241.0
147,2025-11-01,1,7,2,0,75.5,3660.0
1058,2025-11-01,1,23,0,0,0.0,7868.0
1,2025-11-01,1,14,5,0,460.62,273.0
1045,2025-11-01,1,14,7,0,308.73,542.0
736,2025-11-01,1,8,4,0,119.2,0.0
139,2025-11-01,1,6,2,0,40.54,0.0
451,2025-11-01,1,11,1,0,22.5,1200.0
581,2025-11-01,1,7,2,0,64.59,1027.0
264,2025-11-01,1,9,4,0,104.19,149.0
635,2025-11-01,1,11,4,1,176.61,91.0
596,2025-11-01,1,9,4,0,192.57,0.0
711,2025-11-01,1,19,3,0,135.32,1650.0
409,2025-11-01,1,5,3,0,111.9,0.0
466,2025-11-01,1,14,5,0,251.76,168.0
448,2025-11-01,1,10,4,0,217.15,56.0
866,2025-11-01,1,10,3,0,317.48,2584.0
112,2025-11-01,1,14,5,0,244.8,148.0
399,2025-11-01,1,14,9,0,212.53,83.0
684,2025-11-01,1,16,7,1,281.43,251.0
754,2025-11-01,1,8,3,0,145.63,81.0
394,2025-11-01,1,13,6,0,198.46,70.0
395,2025-11-01,1,20,3,0,94.98,663.0
846,2025-11-01,1,5,3,1,61.06,0.0
438,2025-11-01,1,9,3,1,149.84,0.0
855,2025-11-01,1,10,3,0,89.8,152.0
956,2025-11-01,1,8,6,0,242.81,0.0
495,2025-11-01,1,12,5,0,369.44,3763.0
807,2025-11-01,1,14,4,0,55.24,206.0
924,2025-11-01,1,6,2,0,72.58,0.0
577,2025-11-01,1,8,3,0,79.26,1939.0
893,2025-11-01,1,9,3,1,64.39,484.0
567,2025-11-01,1,4,1,0,79.77,3467.0
980,2025-11-01,1,11,2,0,61.3,986.0
458,2025-11-01,1,21,5,0,265.38,6487.0
391,2025-11-01,1,17,6,0,406.85,352.0
201,2025-11-01,1,16,3,0,145.38,1742.0
1057,2025-11-01,1,21,4,0,90.46,1144.0
574,2025-11-01,1,9,0,0,0.0,2054.0
704,2025-11-01,1,18,2,0,37.19,3092.0
994,2025-11-01,1,6,2,0,59.19,105.0
1020,2025-11-01,1,10,5,0,122.31,445.0
781,2025-11-01,1,13,7,0,190.64,0.0
1026,2025-11-01,1,7,3,6,129.24,136.0
876,2025-11-01,1,11,3,8,85.18,138.0
354,2025-11-01,1,6,2,0,51.69,0.0
811,2025-11-01,1,15,6,0,95.91,67.0
36,2025-11-01,1,12,1,0,47.79,1211.0
526,2025-11-01,1,7,2,0,98.49,501.0
454,2025-11-01,1,15,5,0,231.63,175.0
879,2025-11-01,1,10,5,0,309.21,434.0
434,2025-11-01,1,6,4,0,127.68,0.0
978,2025-11-01,1,10,4,8,54.81,90.0
622,2025-11-01,1,10,3,0,174.51,1495.0
1034,2025-11-01,1,10,2,0,92.88,805.0
985,2025-11-01,1,7,3,3,68.15,80.0
826,2025-11-01,1,2,0,0,0.0,0.0
971,2025-11-01,1,9,5,0,456.45,641.0
696,2025-11-01,1,9,3,0,172.43,0.0
967,2025-11-01,1,2,0,0,0.0,502.0
273,2025-11-01,1,10,4,0,124.97,0.0
1011,2025-11-01,1,5,3,1,36.74,59.0
428,2025-11-01,1,4,0,0,0.0,0.0
1025,2025-11-01,1,17,6,4,128.42,193.0
1037,2025-11-01,0,0,0,0,0.0,0.0
224,2025-11-01,1,11,6,0,214.99,83.0
997,2025-11-01,1,19,10,3,171.59,196.0
987,2025-11-01,1,11,1,0,157.34,1124.0
259,2025-11-01,1,6,6,0,188.51,0.0
751,2025-11-01,1,14,4,0,132.51,0.0
1055,2025-11-01,1,4,2,2,137.97,144.0
976,2025-11-01,1,8,1,0,16.36,312.0
247,2025-11-01,1,9,4,0,85.39,467.0
702,2025-11-01,1,17,6,0,265.87,106.0
646,2025-11-01,1,9,2,0,118.03,6213.0
1028,2025-11-01,1,9,2,1,71.79,229.0
1027,2025-11-01,1,9,5,1,167.44,201.0
97,2025-11-01,1,7,4,0,327.28,1303.0
692,2025-11-01,1,4,0,0,0.0,1339.0
149,2025-11-01,1,9,1,0,13.0,4988.0
741,2025-11-01,1,6,1,0,19.5,255.0
584,2025-11-01,1,11,6,0,179.86,101.0
858,2025-11-01,1,6,3,0,124.2,116.0
1003,2025-11-01,1,13,4,0,145.42,688.0
2,2025-11-01,1,11,3,0,122.04,0.0
968,2025-11-01,1,11,3,2,93.76,117.0
716,2025-11-01,1,2,0,3,0.0,0.0
378,2025-11-01,1,7,1,0,8.34,2622.0
1014,2025-11-01,0,0,0,0,0.0,0.0
465,2025-11-01,1,5,0,0,0.0,2388.0
296,2025-11-01,1,11,2,0,81.05,59.0
1006,2025-11-01,1,6,2,0,58.53,99.0
984,2025-11-01,1,6,2,4,44.5,48.0
369,2025-11-01,1,4,2,0,142.94,2602.0
988,2025-11-01,1,5,1,0,17.22,465.0
998,2025-11-01,1,10,4,7,103.79,112.0
1041,2025-11-01,1,4,2,0,109.01,283.0
1018,2025-11-01,1,2,0,0,0.0,0.0
16,2025-11-01,1,1,1,0,259.67,0.0
78,2025-11-01,1,4,2,0,49.77,0.0
337,2025-11-01,1,4,0,0,0.0,0.0
991,2025-11-01,1,7,3,0,81.0,523.0
1030,2025-11-01,1,2,0,0,0.0,132.0
219,2025-11-01,1,9,4,0,172.84,113.0
1013,2025-11-01,1,7,2,5,84.57,97.0
902,2025-11-01,1,6,0,0,0.0,1798.0
1009,2025-11-01,1,11,5,2,122.12,181.0
995,2025-11-01,1,2,0,0,0.0,0.0
972,2025-11-01,1,10,3,0,53.66,373.0
979,2025-11-01,1,3,1,0,30.39,915.0
1051,2025-11-01,1,4,0,0,0.0,184.0
975,2025-11-01,1,4,2,0,61.52,487.0
1000,2025-11-01,1,3,1,3,16.13,42.0
1007,2025-11-01,1,3,1,0,25.54,95.0
1016,2025-11-01,1,4,0,0,0.0,183.0
442,2025-11-01,1,4,0,0,0.0,0.0
1002,2025-11-01,1,8,2,0,61.48,141.0
1031,2025-11-01,1,2,0,0,0.0,415.0
1047,2025-11-01,0,0,0,0,0.0,0.0
1032,2025-11-01,0,0,0,0,0.0,0.0
1021,2025-11-01,1,6,1,0,24.77,320.0
162,2025-11-01,1,4,0,0,0.0,0.0
312,2025-11-01,1,3,0,0,0.0,2399.0
970,2025-11-01,1,4,2,0,39.49,601.0
969,2025-11-01,1,2,0,0,0.0,272.0
1054,2025-11-01,1,6,2,0,88.79,247.0
1044,2025-11-01,0,0,0,0,0.0,0.0
1015,2025-11-01,1,5,0,0,0.0,407.0
1033,2025-11-01,0,0,0,0,0.0,0.0
973,2025-11-01,1,3,1,0,14.96,174.0
1023,2025-11-01,1,2,0,0,0.0,199.0
1040,2025-11-01,0,0,0,0,0.0,0.0
1001,2025-11-01,0,0,0,0,0.0,0.0
977,2025-11-01,1,2,0,0,0.0,196.0
1035,2025-11-01,0,0,0,0,0.0,0.0
1042,2025-11-01,0,0,0,0,0.0,0.0
1024,2025-11-01,0,0,0,0,0.0,0.0
1012,2025-11-01,0,0,0,0,0.0,0.0
999,2025-11-01,0,0,0,0,0.0,0.0
362,2025-12-01,1,38,19,13,678.81,1779.53
1026,2025-12-01,1,35,16,11,713.89,2144.35
812,2025-12-01,1,31,12,0,344.88,1813.59
686,2025-12-01,1,43,23,2,903.25,1733.89
619,2025-12-01,1,37,24,1,885.02,1989.35
317,2025-12-01,1,32,17,0,803.62,2462.34
1001,2025-12-01,1,26,6,0,209.79,6848.0
788,2025-12-01,1,4,2,0,30.89,2166.63
780,2025-12-01,1,9,5,0,650.69,0.0
1012,2025-12-01,1,4,0,0,0.0,0.0
45,2025-12-01,1,36,17,0,549.37,1654.24
111,2025-12-01,1,36,20,0,856.11,1820.67
161,2025-12-01,1,36,25,0,808.14,2494.1
178,2025-12-01,1,36,25,0,817.45,2571.65
194,2025-12-01,1,27,18,0,952.64,2350.12
212,2025-12-01,1,39,28,0,1223.14,2055.29
279,2025-12-01,1,27,14,0,379.31,2596.4
408,2025-12-01,1,35,12,1,547.97,1895.96
459,2025-12-01,1,35,19,0,682.74,2676.57
478,2025-12-01,1,37,17,1,550.92,1707.45
568,2025-12-01,1,42,29,0,1416.77,2092.31
618,2025-12-01,1,49,27,0,1144.97,2091.93
624,2025-12-01,1,32,19,2,949.11,2019.93
674,2025-12-01,1,34,17,1,1629.12,2486.99
773,2025-12-01,1,25,20,0,939.91,1349.25
822,2025-12-01,1,32,16,0,539.92,2684.76
840,2025-12-01,1,34,14,0,928.63,3966.35
873,2025-12-01,1,29,13,9,1794.99,2216.45
944,2025-12-01,1,33,12,14,644.04,1596.85
972,2025-12-01,1,30,19,0,802.68,2061.22
1008,2025-12-01,1,37,16,0,502.95,2143.82
677,2025-12-01,1,30,14,0,682.68,2375.91
173,2025-12-01,1,31,4,0,107.7,1093.0
1038,2025-12-01,1,35,20,0,1005.72,2164.76
967,2025-12-01,1,11,7,0,243.3,0.0
66,2025-12-01,1,42,21,0,1358.14,1570.67
68,2025-12-01,1,46,23,0,1163.03,1730.56
94,2025-12-01,1,25,20,0,664.49,2289.89
167,2025-12-01,1,30,21,0,869.01,2262.73
184,2025-12-01,1,44,23,0,1217.73,2290.97
230,2025-12-01,1,33,24,0,1246.83,3186.85
263,2025-12-01,1,35,20,0,1386.81,3348.76
267,2025-12-01,1,32,19,0,837.23,2392.79
316,2025-12-01,1,33,20,0,683.23,1843.74
538,2025-12-01,1,32,21,0,989.93,1940.21
541,2025-12-01,1,27,20,0,648.3,2195.99
590,2025-12-01,1,21,16,0,434.43,2608.95
595,2025-12-01,1,26,17,0,675.08,1583.3
669,2025-12-01,1,33,12,6,992.57,1882.51
732,2025-12-01,1,35,18,0,1094.57,1905.24
790,2025-12-01,1,35,26,0,990.06,2077.89
796,2025-12-01,1,25,14,0,501.87,3292.19
816,2025-12-01,1,35,18,4,734.72,2103.45
871,2025-12-01,1,36,19,0,876.9,3388.68
948,2025-12-01,1,34,17,0,609.9,1965.99
954,2025-12-01,1,33,24,1,996.67,1442.69
973,2025-12-01,1,34,13,0,617.59,1838.33
977,2025-12-01,1,39,24,0,1093.59,2732.01
469,2025-12-01,1,36,15,3,757.16,1894.5
434,2025-12-01,1,14,5,0,161.57,191.0
414,2025-12-01,1,18,8,0,146.9,497.0
23,2025-12-01,1,12,4,0,229.02,0.0
749,2025-12-01,1,31,17,6,653.66,1343.63
289,2025-12-01,1,31,16,0,555.55,2209.86
585,2025-12-01,0,0,0,2,0.0,0.0
345,2025-12-01,1,40,22,14,981.95,1997.35
24,2025-12-01,1,12,3,0,87.65,2911.0
609,2025-12-01,1,30,14,3,618.99,1666.94
955,2025-12-01,1,20,3,0,152.96,6611.0
783,2025-12-01,1,17,4,0,191.0,300.0
426,2025-12-01,1,12,5,0,152.68,411.0
292,2025-12-01,1,41,16,0,464.4,3031.41
47,2025-12-01,1,38,25,0,1303.35,1353.24
87,2025-12-01,1,45,16,0,933.2,1299.53
278,2025-12-01,1,46,29,0,1181.16,1612.46
280,2025-12-01,1,25,14,0,445.2,1926.86
288,2025-12-01,1,29,21,8,682.37,1741.58
330,2025-12-01,1,40,17,0,451.82,1617.78
402,2025-12-01,1,33,22,0,812.73,2187.42
423,2025-12-01,1,27,18,0,1078.05,1950.41
431,2025-12-01,1,28,21,0,923.21,1629.01
439,2025-12-01,1,33,20,0,889.7,1932.96
513,2025-12-01,1,31,20,0,758.01,2616.88
592,2025-12-01,1,32,20,5,860.65,1609.36
621,2025-12-01,1,35,23,0,1362.7,2750.92
638,2025-12-01,1,33,22,0,867.69,1999.07
689,2025-12-01,1,41,23,0,929.37,2285.43
700,2025-12-01,1,40,27,0,1129.52,1740.13
739,2025-12-01,1,30,19,0,673.52,2642.65
774,2025-12-01,1,29,21,0,660.2,2756.35
793,2025-12-01,1,34,17,0,621.83,2329.28
801,2025-12-01,1,32,19,0,994.74,2724.98
876,2025-12-01,1,39,25,0,1121.83,2090.54
907,2025-12-01,1,32,19,0,1014.6,2604.36
920,2025-12-01,1,30,23,0,993.42,1949.84
996,2025-12-01,1,25,14,0,696.29,2197.57
1000,2025-12-01,1,41,18,1,1325.97,2509.32
960,2025-12-01,1,45,27,0,851.66,3808.27
931,2025-12-01,1,15,5,0,227.59,231.0
385,2025-12-01,1,6,1,0,150.75,6783.0
418,2025-12-01,1,47,22,4,788.24,2258.68
519,2025-12-01,1,20,4,0,67.52,256.0
867,2025-12-01,1,46,25,3,901.96,2497.47
698,2025-12-01,1,26,13,13,1032.2,1948.43
333,2025-12-01,1,28,7,0,242.61,2115.0
639,2025-12-01,1,38,13,4,532.28,1784.78
829,2025-12-01,1,33,24,0,990.51,3662.83
877,2025-12-01,1,30,19,1,932.77,2347.72
803,2025-12-01,1,35,19,0,772.18,2245.6
735,2025-12-01,1,15,3,0,136.77,751.0
104,2025-12-01,1,40,24,0,862.45,2392.96
40,2025-12-01,1,29,18,0,1081.92,4455.56
143,2025-12-01,1,35,19,0,671.68,2110.96
211,2025-12-01,1,30,19,0,432.81,2647.27
318,2025-12-01,1,28,15,0,454.56,2620.77
359,2025-12-01,1,20,16,0,667.49,2983.68
548,2025-12-01,1,33,17,0,1078.55,2408.59
673,2025-12-01,1,26,19,0,705.1,2088.01
678,2025-12-01,1,25,22,0,1066.56,3493.52
787,2025-12-01,1,39,21,0,845.54,2051.05
795,2025-12-01,1,38,22,6,888.71,2061.07
802,2025-12-01,1,35,16,0,552.08,1992.93
804,2025-12-01,1,32,26,0,1255.74,2512.43
824,2025-12-01,1,23,12,0,382.85,2236.27
953,2025-12-01,1,32,17,0,593.82,2266.23
997,2025-12-01,1,28,15,0,536.85,2244.12
998,2025-12-01,1,29,16,3,1198.92,2052.72
22,2025-12-01,1,49,29,0,973.46,2914.29
750,2025-12-01,1,42,18,4,1025.55,2001.3
429,2025-12-01,1,40,25,0,1028.78,1841.47
641,2025-12-01,1,32,20,0,663.96,2717.4
1011,2025-12-01,1,13,8,4,179.25,163.0
927,2025-12-01,1,27,9,0,393.3,378.0
1022,2025-12-01,1,10,6,0,130.33,202.0
905,2025-12-01,1,36,13,0,466.7,1565.01
509,2025-12-01,1,24,15,0,509.58,1577.46
357,2025-12-01,1,41,25,0,923.15,2719.19
984,2025-12-01,1,31,16,1,695.52,1740.04
1030,2025-12-01,1,21,6,2,193.61,284.0
299,2025-12-01,1,19,12,0,381.59,1998.52
498,2025-12-01,1,12,8,0,287.95,0.0
917,2025-12-01,1,33,16,1,537.35,1312.69
722,2025-12-01,1,8,1,7,5.53,0.0
29,2025-12-01,1,12,8,0,483.03,0.0
335,2025-12-01,1,44,17,1,635.88,2352.11
81,2025-12-01,1,39,20,0,870.05,2214.77
714,2025-12-01,1,16,7,0,171.09,78.0
420,2025-12-01,1,34,19,5,776.47,2053.63
291,2025-12-01,1,46,27,0,1124.51,2143.99
356,2025-12-01,1,11,5,0,157.48,568.0
352,2025-12-01,1,19,14,0,466.09,2175.71
239,2025-12-01,1,28,21,0,881.56,2093.65
970,2025-12-01,1,39,22,1,824.35,1814.41
272,2025-12-01,1,25,14,0,917.48,1904.77
232,2025-12-01,1,41,26,0,1170.99,1781.97
930,2025-12-01,1,15,7,0,366.97,4250.0
606,2025-12-01,1,25,12,0,457.34,504.0
525,2025-12-01,1,13,3,0,128.41,592.0
644,2025-12-01,1,35,20,0,723.99,2137.68
557,2025-12-01,1,40,22,2,1103.45,2285.08
266,2025-12-01,1,35,24,3,726.15,1837.49
985,2025-12-01,1,21,12,1,808.08,1936.03
242,2025-12-01,1,39,26,0,1250.22,2279.27
837,2025-12-01,1,21,10,0,403.73,4056.0
15,2025-12-01,1,31,22,0,1183.41,2425.22
620,2025-12-01,1,36,25,0,871.56,2156.57
1013,2025-12-01,1,32,20,3,685.5,2987.47
323,2025-12-01,1,21,13,0,924.94,377.0
102,2025-12-01,1,37,20,0,1039.74,2259.39
571,2025-12-01,1,19,11,0,604.44,581.0
158,2025-12-01,1,26,15,0,421.2,1914.9
1009,2025-12-01,1,41,24,0,787.77,2531.45
540,2025-12-01,1,19,10,0,400.27,2170.24
656,2025-12-01,1,23,7,0,218.28,448.0
403,2025-12-01,1,42,18,0,626.71,1984.1
666,2025-12-01,1,14,5,1,160.26,52.0
1007,2025-12-01,1,16,6,4,187.7,172.0
391,2025-12-01,1,17,6,0,120.78,76.0
415,2025-12-01,1,27,13,2,714.5,2137.17
809,2025-12-01,1,28,10,19,408.11,2170.21
124,2025-12-01,1,35,24,0,1531.45,2714.01
18,2025-12-01,1,35,19,0,604.65,1841.98
438,2025-12-01,1,3,1,2,31.09,0.0
758,2025-12-01,1,48,24,1,922.91,1539.11
202,2025-12-01,1,34,21,0,751.81,2272.14
989,2025-12-01,1,25,16,1,720.36,2674.79
869,2025-12-01,1,6,4,0,140.6,0.0
552,2025-12-01,1,34,19,0,590.57,2151.28
201,2025-12-01,1,10,3,0,546.34,1289.0
593,2025-12-01,1,24,9,0,388.4,889.0
965,2025-12-01,1,12,7,0,198.76,52.0
117,2025-12-01,1,29,18,0,878.19,2099.95
468,2025-12-01,1,13,3,0,286.24,104.0
887,2025-12-01,1,20,9,0,343.65,253.0
67,2025-12-01,1,38,17,0,603.51,2139.12
647,2025-12-01,1,31,17,0,1005.98,2856.79
939,2025-12-01,1,33,20,0,764.37,2120.45
248,2025-12-01,1,12,5,0,179.8,2286.0
405,2025-12-01,1,16,4,0,129.0,0.0
833,2025-12-01,1,38,23,0,1161.92,2003.2
384,2025-12-01,1,33,16,0,579.56,1884.26
82,2025-12-01,1,32,15,2,556.5,1629.41
135,2025-12-01,1,19,9,0,309.22,0.0
58,2025-12-01,1,38,25,0,1305.52,2650.11
1036,2025-12-01,1,20,5,0,121.61,555.0
8,2025-12-01,1,34,25,0,1432.27,2320.39
1045,2025-12-01,1,12,7,1,151.05,28.0
331,2025-12-01,1,41,21,0,647.73,1799.99
224,2025-12-01,1,10,2,0,41.62,428.0
174,2025-12-01,1,33,17,0,795.69,3248.19
84,2025-12-01,1,8,4,0,99.43,0.0
765,2025-12-01,1,44,21,1,995.38,1904.91
210,2025-12-01,1,17,5,0,119.03,187.0
159,2025-12-01,1,34,23,0,1435.16,1821.53
622,2025-12-01,1,13,3,0,92.62,2505.0
928,2025-12-01,1,34,19,0,1118.83,2236.47
651,2025-12-01,1,20,6,0,337.48,480.0
527,2025-12-01,1,41,16,3,686.44,1780.37
57,2025-12-01,1,20,6,0,205.89,3745.0
534,2025-12-01,1,36,18,2,659.56,1744.21
332,2025-12-01,1,36,21,0,990.23,2317.77
856,2025-12-01,1,49,21,4,790.47,1963.74
791,2025-12-01,1,19,8,0,357.66,509.0
776,2025-12-01,1,37,21,1,609.15,2660.73
586,2025-12-01,1,6,4,0,137.79,0.0
529,2025-12-01,1,27,16,0,851.37,2018.97
811,2025-12-01,1,14,8,0,343.3,0.0
615,2025-12-01,1,48,24,0,1165.48,3301.31
380,2025-12-01,1,36,23,1,735.31,2662.0
501,2025-12-01,1,44,33,0,1105.29,2457.26
613,2025-12-01,1,12,6,4,112.02,0.0
241,2025-12-01,1,32,16,0,539.05,1695.84
693,2025-12-01,1,32,19,0,649.29,2154.06
729,2025-12-01,1,40,24,0,779.06,2406.64
881,2025-12-01,1,43,21,0,1267.69,3065.2
218,2025-12-01,1,20,9,0,584.0,288.0
28,2025-12-01,1,29,20,0,1083.07,2226.27
336,2025-12-01,1,40,19,0,683.07,2888.34
968,2025-12-01,1,2,0,9,0.0,0.0
653,2025-12-01,1,31,20,0,861.09,1758.74
808,2025-12-01,1,10,2,6,35.48,90.0
938,2025-12-01,1,37,24,0,1234.04,2592.46
671,2025-12-01,1,19,9,0,434.24,245.0
228,2025-12-01,1,17,7,0,161.32,230.0
649,2025-12-01,1,26,14,2,537.47,1972.35
713,2025-12-01,1,31,9,0,367.36,843.0
6,2025-12-01,1,30,20,0,940.42,2251.85
827,2025-12-01,1,38,17,5,764.61,1590.27
466,2025-12-01,1,16,3,0,164.41,1101.0
141,2025-12-01,1,47,30,0,1078.04,1397.11
16,2025-12-01,1,15,3,0,163.92,7546.0
941,2025-12-01,1,34,16,0,515.08,3069.8
238,2025-12-01,1,14,7,0,261.01,143.0
259,2025-12-01,1,12,3,0,211.68,243.0
358,2025-12-01,1,18,5,0,207.66,568.0
712,2025-12-01,1,24,15,0,545.38,2198.39
1002,2025-12-01,1,31,18,0,1079.63,2425.86
425,2025-12-01,1,30,17,0,1049.05,2439.76
386,2025-12-01,1,39,19,0,617.44,2859.18
895,2025-12-01,1,12,9,0,355.17,155.0
63,2025-12-01,1,34,22,0,908.76,2395.79
757,2025-12-01,1,45,24,4,913.33,2336.71
130,2025-12-01,1,14,10,0,468.77,0.0
461,2025-12-01,1,7,3,0,91.55,0.0
839,2025-12-01,1,32,17,2,516.54,1613.59
924,2025-12-01,1,15,4,0,101.64,738.0
1050,2025-12-01,1,30,15,1,723.27,2097.89
718,2025-12-01,1,13,6,0,267.36,87.0
883,2025-12-01,1,40,20,0,773.13,3479.69
350,2025-12-01,1,12,3,0,91.99,128.0
652,2025-12-01,1,11,4,8,88.13,16.0
692,2025-12-01,1,15,1,0,12.45,2551.0
324,2025-12-01,1,11,6,0,233.1,207.0
733,2025-12-01,1,26,17,0,628.47,2202.53
657,2025-12-01,1,37,21,1,801.88,2204.27
759,2025-12-01,1,35,20,2,1082.5,1695.33
293,2025-12-01,1,25,16,0,447.57,2558.2
301,2025-12-01,1,19,8,1,315.01,0.0
433,2025-12-01,1,37,22,0,630.93,2410.95
4,2025-12-01,1,19,11,0,379.39,346.0
958,2025-12-01,1,43,21,2,911.71,2409.0
807,2025-12-01,1,21,9,0,365.87,617.0
952,2025-12-01,1,46,27,3,1184.93,2521.69
559,2025-12-01,1,22,8,14,570.91,1463.03
38,2025-12-01,1,35,20,2,758.6,2515.0
601,2025-12-01,1,40,20,0,637.05,3550.9
302,2025-12-01,1,22,13,0,676.16,2032.43
36,2025-12-01,1,8,3,0,169.57,76.0
283,2025-12-01,1,35,20,0,1017.58,2013.02
775,2025-12-01,1,44,21,0,517.12,2470.38
709,2025-12-01,1,14,3,4,68.37,873.0
271,2025-12-01,1,24,15,1,576.56,1750.62
580,2025-12-01,1,35,20,1,1419.66,2408.25
193,2025-12-01,1,15,8,0,191.14,115.0
942,2025-12-01,1,35,24,0,1542.07,2350.57
748,2025-12-01,1,34,27,0,932.7,2431.56
640,2025-12-01,1,9,2,1,54.57,311.0
770,2025-12-01,1,32,15,9,486.8,1380.38
42,2025-12-01,1,37,22,0,844.63,3388.95
364,2025-12-01,1,33,15,1,471.63,2082.09
815,2025-12-01,1,42,20,0,772.43,1794.76
966,2025-12-01,1,48,22,1,810.96,2359.33
711,2025-12-01,1,14,10,0,999.99,0.0
978,2025-12-01,1,33,22,2,891.82,2148.77
321,2025-12-01,1,26,16,0,822.82,1584.36
988,2025-12-01,1,15,2,0,85.09,542.0
1040,2025-12-01,1,3,1,0,40.97,6738.0
911,2025-12-01,1,22,13,3,408.74,1167.69
379,2025-12-01,1,21,9,0,243.9,949.0
789,2025-12-01,1,33,16,11,551.68,1403.48
374,2025-12-01,1,27,11,0,338.62,0.0
823,2025-12-01,1,33,15,0,494.13,3120.72
145,2025-12-01,1,35,26,0,814.0,2051.59
993,2025-12-01,1,8,5,0,136.21,293.0
922,2025-12-01,1,35,20,0,645.5,3377.23
311,2025-12-01,1,36,23,1,963.51,2091.71
604,2025-12-01,1,30,13,1,409.13,2049.36
1051,2025-12-01,1,28,19,2,926.88,2671.33
632,2025-12-01,1,38,24,0,1255.98,2004.6
1039,2025-12-01,1,18,13,1,423.71,2005.68
83,2025-12-01,1,34,19,0,1041.37,2790.19
940,2025-12-01,1,10,7,0,226.62,101.0
507,2025-12-01,1,31,18,1,877.68,1668.91
612,2025-12-01,1,35,10,0,741.68,819.0
339,2025-12-01,1,13,1,0,12.6,21205.0
329,2025-12-01,1,8,3,0,1080.22,1554.0
813,2025-12-01,1,48,23,1,675.28,1832.53
262,2025-12-01,1,34,20,0,664.71,1832.08
926,2025-12-01,1,6,2,6,46.24,0.0
848,2025-12-01,1,21,10,0,666.37,236.0
909,2025-12-01,1,17,4,0,219.67,240.0
196,2025-12-01,1,15,9,0,439.76,0.0
646,2025-12-01,1,10,1,0,73.81,4218.0
708,2025-12-01,1,34,21,0,984.32,1678.04
1044,2025-12-01,1,41,25,0,816.52,3366.76
355,2025-12-01,1,32,21,0,948.36,3258.46
636,2025-12-01,1,16,1,0,65.5,4618.0
603,2025-12-01,1,20,6,1,165.65,243.0
276,2025-12-01,1,49,27,0,798.0,2625.01
742,2025-12-01,1,19,6,0,134.31,203.0
220,2025-12-01,1,19,5,0,206.14,484.0
845,2025-12-01,1,44,25,0,873.15,2678.26
980,2025-12-01,1,19,11,0,331.58,480.0
1046,2025-12-01,1,6,2,3,79.35,187.0
322,2025-12-01,1,10,2,0,61.53,0.0
123,2025-12-01,1,28,21,0,881.42,3045.67
417,2025-12-01,1,45,30,0,1094.42,5102.78
78,2025-12-01,1,30,5,0,194.96,566.0
642,2025-12-01,1,19,7,0,499.83,0.0
205,2025-12-01,1,21,5,0,148.17,711.0
406,2025-12-01,1,37,22,0,722.14,3681.28
772,2025-12-01,1,17,3,2,149.41,232.0
1006,2025-12-01,1,4,2,9,40.23,0.0
633,2025-12-01,1,13,6,4,153.11,134.0
75,2025-12-01,1,29,14,0,556.72,2315.52
523,2025-12-01,1,36,23,0,853.53,1626.38
821,2025-12-01,1,27,14,0,834.49,2774.21
489,2025-12-01,1,32,21,0,795.76,1963.76
697,2025-12-01,1,39,20,0,526.23,1930.95
885,2025-12-01,1,8,1,4,30.98,0.0
1107,2025-12-01,1,2,0,0,0.0,0.0
794,2025-12-01,1,13,5,0,260.71,0.0
685,2025-12-01,1,17,5,0,171.43,144.0
360,2025-12-01,1,18,9,0,213.95,155.0
71,2025-12-01,1,41,22,0,847.14,2194.03
217,2025-12-01,1,38,23,0,1237.17,3166.9
486,2025-12-01,1,24,17,0,1025.67,2475.47
522,2025-12-01,1,27,14,5,407.05,1940.3
600,2025-12-01,1,38,17,1,675.72,2228.44
834,2025-12-01,1,38,18,0,625.12,2339.42
892,2025-12-01,1,29,13,0,496.66,2642.43
98,2025-12-01,1,34,19,0,655.74,2977.28
9,2025-12-01,1,28,17,0,656.63,1462.82
11,2025-12-01,1,30,19,0,730.71,2131.53
132,2025-12-01,1,1,1,0,92.19,2045.52
424,2025-12-01,1,34,18,0,862.83,1664.07
484,2025-12-01,1,38,17,7,763.36,2385.25
504,2025-12-01,1,35,19,0,716.42,2601.35
530,2025-12-01,1,35,16,0,718.34,2495.89
715,2025-12-01,1,27,14,5,1061.6,1891.19
950,2025-12-01,1,39,32,0,1335.43,3305.29
1054,2025-12-01,1,29,17,4,563.04,1906.56
342,2025-12-01,1,44,23,1,797.09,2713.54
956,2025-12-01,1,23,11,0,235.69,298.0
616,2025-12-01,1,13,4,0,110.79,192.0
13,2025-12-01,1,45,25,0,1506.15,2524.76
79,2025-12-01,1,45,30,0,724.21,1902.95
151,2025-12-01,1,33,24,0,1359.9,1866.78
265,2025-12-01,1,22,13,5,439.76,1664.68
377,2025-12-01,1,37,20,0,666.82,1374.03
472,2025-12-01,1,27,20,0,730.62,3739.5
482,2025-12-01,1,30,21,0,936.59,2381.19
594,2025-12-01,1,32,8,0,618.28,2012.41
645,2025-12-01,1,28,19,0,978.1,1570.22
679,2025-12-01,1,31,14,0,666.59,4056.38
721,2025-12-01,1,36,21,0,673.26,1973.12
1023,2025-12-01,1,36,23,0,870.49,2040.09
731,2025-12-01,1,18,6,0,145.48,290.0
121,2025-12-01,1,18,7,0,296.43,802.0
628,2025-12-01,1,12,6,0,317.99,1980.0
932,2025-12-01,1,8,1,4,2.3,0.0
295,2025-12-01,1,31,14,0,599.17,2122.73
120,2025-12-01,1,34,18,0,809.87,1243.32
155,2025-12-01,1,29,17,0,830.41,2263.0
251,2025-12-01,1,34,15,1,988.49,1778.22
307,2025-12-01,1,33,18,0,633.46,2056.77
491,2025-12-01,1,30,16,3,661.46,1411.4
558,2025-12-01,1,43,30,0,1575.38,3659.81
588,2025-12-01,1,35,14,7,517.11,1995.79
720,2025-12-01,1,33,14,0,563.97,2136.71
723,2025-12-01,1,29,16,0,529.76,2619.46
838,2025-12-01,1,32,20,0,717.79,1553.8
1053,2025-12-01,1,37,17,0,473.09,1627.91
868,2025-12-01,1,14,3,0,101.89,5342.0
650,2025-12-01,1,25,10,1,302.64,2149.75
170,2025-12-01,1,42,28,0,1528.91,2543.98
1027,2025-12-01,1,24,17,3,1032.99,2195.68
269,2025-12-01,1,3,3,0,101.74,0.0
521,2025-12-01,1,29,16,2,720.49,1629.94
643,2025-12-01,1,10,5,1,253.55,85.0
664,2025-12-01,1,18,11,1,454.75,2268.59
969,2025-12-01,1,14,5,0,223.29,217.0
76,2025-12-01,1,31,21,0,1299.37,2542.61
411,2025-12-01,1,38,21,0,968.64,1515.99
160,2025-12-01,1,34,25,0,978.64,2898.13
627,2025-12-01,1,15,3,4,133.53,143.0
655,2025-12-01,1,15,4,6,49.96,58.0
107,2025-12-01,1,39,18,0,667.31,1447.71
250,2025-12-01,1,14,9,0,174.52,192.0
70,2025-12-01,1,42,22,0,913.56,2231.26
726,2025-12-01,1,32,21,0,685.44,1269.16
662,2025-12-01,1,33,16,1,599.22,1611.77
180,2025-12-01,1,33,24,0,1501.25,2802.13
189,2025-12-01,1,42,23,0,979.49,1658.64
60,2025-12-01,1,14,7,0,418.94,77.0
305,2025-12-01,1,51,30,0,1270.74,3448.94
853,2025-12-01,1,14,8,0,409.61,0.0
149,2025-12-01,1,13,3,0,266.36,0.0
901,2025-12-01,1,11,7,5,287.01,0.0
560,2025-12-01,1,41,24,0,1067.5,2253.41
576,2025-12-01,1,36,25,0,912.94,1662.1
169,2025-12-01,1,23,10,0,935.38,700.0
884,2025-12-01,1,33,16,0,521.42,3712.24
769,2025-12-01,1,33,22,0,920.25,2701.99
470,2025-12-01,1,8,5,0,201.81,70.0
19,2025-12-01,1,10,5,0,154.23,130.0
852,2025-12-01,1,35,24,0,854.22,1659.27
547,2025-12-01,1,42,20,1,765.28,2157.68
175,2025-12-01,1,28,13,0,368.78,2523.92
614,2025-12-01,1,32,23,3,814.66,1402.3
542,2025-12-01,1,18,7,0,177.92,675.0
747,2025-12-01,1,39,13,0,573.77,1660.46
1004,2025-12-01,1,19,7,0,467.46,575.0
982,2025-12-01,1,6,4,3,96.45,0.0
88,2025-12-01,1,33,26,0,1076.27,1973.07
672,2025-12-01,1,11,4,0,282.38,526.0
187,2025-12-01,1,34,17,0,697.07,2469.13
566,2025-12-01,1,8,4,0,115.05,0.0
222,2025-12-01,1,18,1,0,23.36,5995.0
116,2025-12-01,1,13,2,0,32.5,1450.0
179,2025-12-01,1,32,13,2,584.27,2106.74
473,2025-12-01,1,28,18,8,1460.18,2741.09
861,2025-12-01,1,16,4,0,123.21,409.0
370,2025-12-01,1,22,4,0,70.37,1615.0
1003,2025-12-01,1,25,8,0,401.62,592.0
398,2025-12-01,1,44,26,0,869.26,2290.53
462,2025-12-01,1,9,5,0,197.17,0.0
1025,2025-12-01,1,39,16,1,473.33,3694.0
314,2025-12-01,1,10,6,0,157.83,0.0
596,2025-12-01,1,13,9,0,518.57,0.0
945,2025-12-01,1,19,9,3,316.47,520.0
227,2025-12-01,1,47,28,1,1909.73,1688.86
148,2025-12-01,1,17,10,0,494.38,624.0
287,2025-12-01,1,43,24,1,1338.39,2370.52
392,2025-12-01,1,11,4,0,245.32,240.0
819,2025-12-01,1,2,2,0,76.27,0.0
676,2025-12-01,1,26,15,0,599.32,3182.14
626,2025-12-01,1,44,23,0,646.84,2123.5
152,2025-12-01,1,25,18,0,738.56,3673.6
716,2025-12-01,1,11,2,4,41.19,133.0
92,2025-12-01,1,13,5,0,322.87,0.0
506,2025-12-01,1,38,24,0,999.35,1557.14
635,2025-12-01,1,4,2,7,23.77,0.0
451,2025-12-01,1,21,4,0,58.83,2474.0
828,2025-12-01,1,12,4,0,114.85,0.0
126,2025-12-01,1,37,22,1,674.47,1779.23
282,2025-12-01,1,21,10,0,365.83,106.0
127,2025-12-01,1,12,4,0,69.61,238.0
971,2025-12-01,1,21,14,0,498.2,1461.68
916,2025-12-01,1,23,12,1,476.76,2018.5
32,2025-12-01,1,46,24,0,842.37,2429.16
768,2025-12-01,1,21,6,1,160.1,542.0
514,2025-12-01,1,15,3,0,54.5,413.0
511,2025-12-01,1,34,19,0,797.2,1525.75
814,2025-12-01,1,32,23,0,1283.49,2379.06
687,2025-12-01,1,16,7,0,264.02,273.0
570,2025-12-01,1,13,5,1,119.57,0.0
1020,2025-12-01,1,15,6,1,201.45,15.0
745,2025-12-01,1,11,4,0,242.07,207.0
820,2025-12-01,1,22,9,0,594.61,1171.0
108,2025-12-01,1,2,0,0,0.0,1907.23
1029,2025-12-01,1,5,0,5,0.0,22.0
910,2025-12-01,1,14,5,6,220.4,142.0
456,2025-12-01,1,21,13,0,287.54,0.0
394,2025-12-01,1,9,6,0,298.22,303.0
957,2025-12-01,1,21,5,0,247.24,851.0
512,2025-12-01,1,29,10,2,487.11,2281.71
147,2025-12-01,1,8,6,0,182.86,0.0
986,2025-12-01,1,25,18,1,638.34,1698.06
457,2025-12-01,1,35,17,6,638.8,1402.28
565,2025-12-01,1,16,6,0,398.51,631.0
545,2025-12-01,1,21,7,0,159.11,1897.0
949,2025-12-01,1,35,17,0,641.19,3584.54
705,2025-12-01,1,30,21,0,679.68,2609.81
611,2025-12-01,1,27,13,0,710.19,3217.04
444,2025-12-01,1,14,11,0,432.08,345.0
591,2025-12-01,1,40,25,0,1127.42,1419.25
564,2025-12-01,1,28,19,0,627.94,1787.13
1016,2025-12-01,1,8,4,2,98.99,0.0
862,2025-12-01,1,19,5,0,352.11,276.0
841,2025-12-01,1,24,15,3,934.32,2409.15
835,2025-12-01,1,19,7,0,134.28,0.0
285,2025-12-01,1,9,2,0,33.69,65.0
577,2025-12-01,1,4,2,0,337.99,0.0
947,2025-12-01,1,7,7,0,230.32,0.0
465,2025-12-01,1,18,4,0,534.29,1263.0
136,2025-12-01,1,34,19,0,640.05,1715.76
56,2025-12-01,1,13,5,0,432.26,0.0
1043,2025-12-01,1,32,17,7,607.27,1533.39
449,2025-12-01,1,9,5,0,229.18,0.0
890,2025-12-01,1,42,21,1,858.9,2579.54
799,2025-12-01,1,36,17,1,639.21,2985.74
274,2025-12-01,1,43,26,0,997.84,3685.25
581,2025-12-01,1,12,5,0,324.12,1343.0
284,2025-12-01,1,25,5,0,94.83,545.0
810,2025-12-01,1,18,4,0,87.97,877.0
1130,2025-12-01,1,2,0,0,0.0,0.0
1058,2025-12-01,1,23,3,0,145.03,11241.0
443,2025-12-01,1,16,9,0,397.12,66.0
296,2025-12-01,1,9,6,0,306.66,228.0
21,2025-12-01,1,34,19,0,802.99,2087.92
766,2025-12-01,1,29,14,0,685.2,1565.74
1055,2025-12-01,1,25,14,0,764.3,2732.45
277,2025-12-01,1,39,14,0,575.11,2809.65
334,2025-12-01,1,31,22,0,701.48,2148.29
203,2025-12-01,1,7,3,0,209.9,0.0
440,2025-12-01,1,15,2,0,87.48,689.0
860,2025-12-01,1,13,2,0,64.32,6896.0
684,2025-12-01,1,7,3,2,69.82,0.0
490,2025-12-01,1,27,13,0,578.23,2651.5
503,2025-12-01,1,30,21,0,890.45,1572.34
663,2025-12-01,1,40,21,0,751.13,2175.6
365,2025-12-01,1,16,4,0,298.16,1371.0
629,2025-12-01,1,29,20,0,1097.47,2356.26
850,2025-12-01,1,1,0,5,0.0,0.0
409,2025-12-01,1,24,5,0,162.2,2378.0
659,2025-12-01,1,13,9,0,217.48,0.0
688,2025-12-01,1,9,2,5,48.63,40.0
31,2025-12-01,1,30,16,0,487.06,3170.99
209,2025-12-01,1,22,16,0,591.98,1719.9
310,2025-12-01,1,31,20,0,891.99,2515.22
375,2025-12-01,1,38,23,1,1066.99,1831.18
561,2025-12-01,1,45,25,0,918.41,2980.2
897,2025-12-01,1,25,18,0,939.75,1921.4
681,2025-12-01,1,16,6,0,312.38,170.0
764,2025-12-01,1,16,4,3,117.03,824.0
1079,2025-12-01,1,17,4,4,187.08,341.0
399,2025-12-01,1,17,8,0,158.69,280.0
62,2025-12-01,1,28,21,0,730.99,2180.89
987,2025-12-01,1,18,6,1,241.62,0.0
817,2025-12-01,1,14,4,4,195.58,217.0
843,2025-12-01,1,22,6,0,357.51,830.0
488,2025-12-01,1,21,11,0,328.55,0.0
346,2025-12-01,1,29,8,0,396.68,603.0
1034,2025-12-01,1,12,7,0,394.02,1540.0
951,2025-12-01,1,13,3,3,148.85,318.0
249,2025-12-01,1,14,5,0,411.89,260.0
667,2025-12-01,1,18,7,0,197.14,341.0
878,2025-12-01,1,35,20,0,750.78,1549.52
354,2025-12-01,1,4,2,0,73.93,0.0
725,2025-12-01,1,2,2,0,80.49,0.0
882,2025-12-01,1,11,9,0,212.32,0.0
531,2025-12-01,1,37,20,0,651.75,2205.66
306,2025-12-01,1,1,1,0,22.21,0.0
990,2025-12-01,1,1,1,1,10.31,0.0
404,2025-12-01,1,15,6,0,177.1,182.0
300,2025-12-01,1,24,3,0,87.62,3222.0
1033,2025-12-01,1,13,4,15,176.75,182.0
72,2025-12-01,1,10,4,0,144.17,0.0
1032,2025-12-01,1,16,4,14,237.92,261.0
695,2025-12-01,1,14,7,0,335.43,98.0
421,2025-12-01,1,20,9,0,683.08,500.0
53,2025-12-01,1,15,5,0,136.75,3696.0
933,2025-12-01,1,4,1,13,4.54,0.0
879,2025-12-01,1,10,5,1,201.66,101.0
12,2025-12-01,1,34,20,0,677.58,2362.82
767,2025-12-01,1,12,3,3,94.68,160.0
221,2025-12-01,1,15,3,0,96.01,796.0
361,2025-12-01,1,7,5,0,247.34,0.0
579,2025-12-01,1,35,19,0,1052.68,2350.04
214,2025-12-01,1,12,2,0,42.94,0.0
847,2025-12-01,1,7,5,4,269.09,0.0
906,2025-12-01,1,21,5,2,224.15,428.0
328,2025-12-01,1,10,5,0,254.21,2054.0
658,2025-12-01,1,12,4,3,168.18,0.0
463,2025-12-01,1,14,8,0,307.54,0.0
275,2025-12-01,1,22,4,0,184.61,181.0
979,2025-12-01,1,15,5,0,201.88,336.0
192,2025-12-01,1,8,2,0,58.92,1052.0
661,2025-12-01,1,10,6,0,219.32,0.0
792,2025-12-01,1,31,16,0,1154.63,3147.19
150,2025-12-01,1,18,2,0,290.2,4115.0
252,2025-12-01,1,22,5,0,140.53,916.0
702,2025-12-01,1,15,6,0,514.3,382.0
782,2025-12-01,1,19,1,0,45.65,8860.0
680,2025-12-01,1,15,3,0,862.27,4310.0
366,2025-12-01,1,12,8,0,210.66,0.0
1,2025-12-01,1,9,5,0,185.01,0.0
736,2025-12-01,1,22,6,0,89.67,286.0
10,2025-12-01,1,10,5,0,112.2,145.0
929,2025-12-01,1,11,3,0,60.47,0.0
961,2025-12-01,1,7,5,5,169.14,0.0
313,2025-12-01,1,14,3,0,123.46,494.0
154,2025-12-01,1,21,9,0,406.36,967.0
818,2025-12-01,1,31,20,0,790.43,2546.52
864,2025-12-01,1,39,30,0,1191.32,1961.73
962,2025-12-01,1,30,13,0,682.03,3829.69
743,2025-12-01,1,12,3,0,149.6,103.0
589,2025-12-01,1,23,12,0,437.56,2270.71
762,2025-12-01,1,30,21,1,1118.46,1708.64
974,2025-12-01,1,27,18,0,737.66,2750.13
902,2025-12-01,1,12,2,0,55.48,2920.0
34,2025-12-01,1,32,21,0,960.13,1133.04
963,2025-12-01,1,38,22,0,873.07,1637.18
870,2025-12-01,1,12,10,0,390.92,0.0
891,2025-12-01,1,26,12,0,551.54,140.0
445,2025-12-01,1,13,6,9,201.72,197.0
1005,2025-12-01,1,8,4,0,180.47,0.0
447,2025-12-01,1,11,7,3,507.73,0.0
1097,2025-12-01,1,15,6,16,233.49,235.0
1125,2025-12-01,1,33,19,3,499.9,504.0
893,2025-12-01,1,22,9,0,518.66,1509.0
110,2025-12-01,1,15,8,0,211.98,302.0
797,2025-12-01,1,12,7,4,193.76,162.0
915,2025-12-01,1,21,10,0,254.69,505.0
1019,2025-12-01,1,9,4,0,143.47,118.0
598,2025-12-01,1,4,1,3,8.79,0.0
133,2025-12-01,1,6,4,0,527.73,0.0
347,2025-12-01,1,9,3,0,114.25,0.0
165,2025-12-01,1,7,3,0,161.37,0.0
532,2025-12-01,1,8,4,0,89.99,0.0
474,2025-12-01,1,12,4,3,77.33,180.0
859,2025-12-01,1,14,8,0,240.18,0.0
1049,2025-12-01,1,9,6,0,200.51,93.0
691,2025-12-01,1,20,11,0,477.23,349.0
607,2025-12-01,1,11,5,5,79.84,0.0
458,2025-12-01,1,7,3,0,204.65,0.0
1031,2025-12-01,1,14,8,1,298.92,0.0
623,2025-12-01,1,12,4,3,163.63,0.0
1106,2025-12-01,1,4,0,0,0.0,0.0
784,2025-12-01,1,19,9,1,360.18,324.0
319,2025-12-01,1,7,1,0,12.91,0.0
247,2025-12-01,1,8,3,0,96.15,149.0
1015,2025-12-01,1,21,6,2,291.58,116.0
157,2025-12-01,1,13,8,0,226.61,665.0
448,2025-12-01,1,13,6,2,264.05,31.0
195,2025-12-01,1,7,2,0,58.91,2145.0
97,2025-12-01,1,14,1,0,10.8,4110.0
101,2025-12-01,1,9,7,0,408.79,0.0
485,2025-12-01,1,12,5,0,152.82,204.0
858,2025-12-01,1,15,8,0,240.55,102.0
779,2025-12-01,1,21,8,0,325.63,502.0
419,2025-12-01,1,13,2,0,97.22,2651.0
865,2025-12-01,1,9,1,0,80.94,4229.0
199,2025-12-01,1,7,4,0,151.36,410.0
597,2025-12-01,1,2,2,0,55.94,0.0
668,2025-12-01,1,11,3,3,97.46,149.0
1099,2025-12-01,1,15,7,18,310.54,98.0
125,2025-12-01,1,12,8,0,379.97,0.0
550,2025-12-01,1,16,6,0,209.76,859.0
763,2025-12-01,1,20,4,0,98.63,293.0
777,2025-12-01,1,18,9,0,392.12,418.0
935,2025-12-01,1,13,4,0,216.15,393.0
683,2025-12-01,1,5,2,7,48.46,0.0
975,2025-12-01,1,17,8,0,231.39,82.0
760,2025-12-01,1,16,6,0,189.42,482.0
315,2025-12-01,1,16,3,0,152.95,101.0
934,2025-12-01,1,7,0,0,0.0,1049.0
875,2025-12-01,1,18,4,0,150.77,840.0
778,2025-12-01,1,18,11,0,362.5,45.0
481,2025-12-01,1,12,6,0,308.76,0.0
430,2025-12-01,1,18,7,0,325.14,2178.0
781,2025-12-01,1,15,7,2,304.96,243.0
1017,2025-12-01,1,10,3,1,49.94,275.0
235,2025-12-01,1,10,4,0,76.32,0.0
493,2025-12-01,1,4,0,0,0.0,0.0
1063,2025-12-01,1,2,0,0,0.0,0.0
351,2025-12-01,1,13,9,0,220.32,0.0
746,2025-12-01,1,9,5,0,179.45,0.0
387,2025-12-01,1,19,14,0,641.38,66.0
273,2025-12-01,1,12,4,0,86.12,2997.0
754,2025-12-01,1,5,5,0,168.6,0.0
574,2025-12-01,1,6,4,0,335.84,0.0
44,2025-12-01,1,6,4,0,114.27,0.0
496,2025-12-01,1,4,2,0,171.04,0.0
539,2025-12-01,1,12,4,0,74.24,267.0
268,2025-12-01,1,6,2,0,111.66,0.0
55,2025-12-01,1,17,5,0,153.46,273.0
1075,2025-12-01,1,4,0,0,0.0,0.0
477,2025-12-01,1,12,2,0,41.14,2794.0
412,2025-12-01,1,13,1,0,61.73,0.0
526,2025-12-01,1,14,4,0,132.29,199.0
1041,2025-12-01,1,14,3,0,100.95,27.0
390,2025-12-01,1,12,5,0,141.57,158.0
1113,2025-12-01,1,14,3,1,100.33,190.0
1132,2025-12-01,1,12,3,0,90.22,184.0
752,2025-12-01,1,4,0,0,0.0,0.0
946,2025-12-01,1,16,5,4,220.48,52.0
304,2025-12-01,1,13,6,0,189.54,344.0
670,2025-12-01,1,6,2,6,60.74,0.0
50,2025-12-01,1,19,5,0,310.22,1301.0
435,2025-12-01,1,19,8,0,379.91,203.0
728,2025-12-01,1,3,1,10,12.45,0.0
578,2025-12-01,1,6,6,0,671.46,0.0
508,2025-12-01,1,10,3,0,215.6,2975.0
454,2025-12-01,1,6,4,0,301.26,0.0
825,2025-12-01,1,11,6,0,247.03,303.0
866,2025-12-01,1,16,4,0,120.42,2242.0
872,2025-12-01,1,7,4,0,125.08,75.0
863,2025-12-01,1,8,3,1,310.9,226.0
964,2025-12-01,1,7,0,0,0.0,2055.0
1137,2025-12-01,1,8,1,0,83.87,329.0
919,2025-12-01,1,15,8,0,225.15,64.0
37,2025-12-01,1,21,3,0,53.38,233.0
446,2025-12-01,1,13,7,0,340.98,0.0
898,2025-12-01,1,18,7,1,163.23,737.0
517,2025-12-01,1,10,4,4,189.13,160.0
286,2025-12-01,1,6,2,0,79.08,0.0
831,2025-12-01,1,8,3,5,114.67,120.0
533,2025-12-01,1,14,4,0,206.57,0.0
1065,2025-12-01,1,15,5,0,226.41,496.0
798,2025-12-01,1,14,2,0,123.22,5680.0
842,2025-12-01,1,36,11,0,390.78,1393.0
908,2025-12-01,1,12,9,0,436.03,243.0
140,2025-12-01,1,22,8,0,320.44,1424.0
17,2025-12-01,1,10,5,0,449.55,3231.0
257,2025-12-01,1,14,8,0,214.17,0.0
264,2025-12-01,1,17,4,0,99.44,135.0
976,2025-12-01,1,15,7,0,360.59,260.0
1077,2025-12-01,1,22,6,14,210.52,395.0
703,2025-12-01,1,15,10,0,335.06,78.0
1110,2025-12-01,1,10,3,7,73.73,187.0
937,2025-12-01,1,15,6,0,236.12,137.0
912,2025-12-01,1,19,4,2,132.58,337.0
690,2025-12-01,1,17,1,0,22.53,3669.0
219,2025-12-01,1,23,6,1,171.57,452.0
450,2025-12-01,1,12,3,0,92.24,90.0
599,2025-12-01,1,7,3,0,170.14,409.0
830,2025-12-01,1,9,7,0,228.8,0.0
1028,2025-12-01,1,18,5,1,161.28,209.0
981,2025-12-01,1,9,5,1,198.16,0.0
855,2025-12-01,1,16,5,0,96.86,297.0
396,2025-12-01,1,12,5,0,195.59,215.0
1076,2025-12-01,1,18,9,5,269.84,405.0
1087,2025-12-01,1,12,2,11,64.49,80.0
372,2025-12-01,1,14,3,0,211.78,1038.0
753,2025-12-01,1,16,4,1,94.02,673.0
297,2025-12-01,1,7,5,0,216.67,0.0
1104,2025-12-01,1,6,2,0,109.13,203.0
495,2025-12-01,1,3,1,0,22.44,0.0
476,2025-12-01,1,13,4,0,250.31,311.0
751,2025-12-01,1,18,7,0,409.16,16478.0
100,2025-12-01,1,13,6,0,93.14,653.0
648,2025-12-01,1,9,1,0,7.51,0.0
395,2025-12-01,1,21,10,0,283.78,160.0
1084,2025-12-01,1,14,7,1,223.46,347.0
1149,2025-12-01,1,12,8,8,386.05,443.0
1102,2025-12-01,1,2,0,0,0.0,0.0
556,2025-12-01,1,7,4,0,325.54,1230.0
112,2025-12-01,1,23,12,0,995.59,45.0
1105,2025-12-01,1,9,7,0,204.6,240.0
994,2025-12-01,1,6,6,0,270.11,0.0
1085,2025-12-01,1,26,12,0,357.9,181.0
991,2025-12-01,1,12,2,1,85.92,3514.0
95,2025-12-01,1,4,2,0,245.19,0.0
1024,2025-12-01,1,22,4,8,128.54,404.0
1133,2025-12-01,0,0,0,0,0.0,0.0
378,2025-12-01,1,12,4,0,84.16,2110.0
1093,2025-12-01,1,7,2,0,28.56,893.0
5,2025-12-01,1,7,5,0,166.28,0.0
584,2025-12-01,1,16,9,0,208.04,590.0
134,2025-12-01,1,14,5,0,311.21,334.0
1074,2025-12-01,1,12,4,1,141.36,236.0
51,2025-12-01,1,8,2,0,377.99,0.0
1095,2025-12-01,1,12,1,0,92.02,693.0
903,2025-12-01,1,10,1,0,101.83,1720.0
369,2025-12-01,1,22,2,0,50.7,8156.0
1116,2025-12-01,1,12,4,0,99.8,906.0
410,2025-12-01,1,8,1,0,34.59,3090.0
696,2025-12-01,1,5,1,0,34.78,0.0
1071,2025-12-01,1,12,4,0,92.31,586.0
1150,2025-12-01,1,11,5,1,106.19,115.0
213,2025-12-01,1,4,0,0,0.0,0.0
1042,2025-12-01,1,11,6,1,431.31,231.0
253,2025-12-01,1,5,5,0,215.75,0.0
309,2025-12-01,1,5,3,0,135.18,0.0
432,2025-12-01,1,7,2,0,80.96,5711.0
553,2025-12-01,1,10,4,0,85.23,435.0
1057,2025-12-01,1,12,8,0,209.59,0.0
245,2025-12-01,1,14,2,0,63.39,0.0
258,2025-12-01,1,7,4,0,96.71,0.0
223,2025-12-01,1,16,8,0,393.3,562.0
1047,2025-12-01,1,9,2,0,48.36,407.0
1098,2025-12-01,1,17,5,8,275.2,653.0
246,2025-12-01,1,4,0,0,0.0,0.0
437,2025-12-01,1,6,2,0,37.59,0.0
1082,2025-12-01,1,2,0,0,0.0,0.0
312,2025-12-01,1,3,1,0,52.87,0.0
1037,2025-12-01,1,21,5,0,208.71,808.0
256,2025-12-01,1,8,3,0,78.36,95.0
510,2025-12-01,1,9,1,0,76.98,0.0
89,2025-12-01,1,13,2,0,85.94,513.0
740,2025-12-01,1,4,0,0,0.0,976.0
546,2025-12-01,1,6,3,0,57.92,301.0
1052,2025-12-01,1,17,4,0,102.75,921.0
234,2025-12-01,1,15,6,0,274.62,0.0
756,2025-12-01,1,1,1,3,33.84,0.0
1072,2025-12-01,1,13,7,0,192.12,740.0
1148,2025-12-01,1,12,7,9,156.75,164.0
163,2025-12-01,1,15,3,0,136.27,0.0
1140,2025-12-01,1,4,0,0,0.0,1409.0
1108,2025-12-01,0,0,0,0,0.0,0.0
139,2025-12-01,1,6,1,0,17.47,275.0
460,2025-12-01,1,4,0,0,0.0,0.0
1117,2025-12-01,1,12,1,0,26.66,98.0
925,2025-12-01,1,10,3,0,56.78,1326.0
704,2025-12-01,1,18,8,0,755.07,5946.0
61,2025-12-01,1,10,3,0,328.25,139.0
699,2025-12-01,1,4,2,0,85.11,840.0
1078,2025-12-01,1,12,4,0,133.8,308.0
1035,2025-12-01,1,19,7,4,251.75,315.0
99,2025-12-01,1,4,0,0,0.0,0.0
1143,2025-12-01,1,4,2,2,85.64,102.0
1070,2025-12-01,1,10,3,0,50.93,419.0
93,2025-12-01,1,6,1,0,152.56,379.0
1021,2025-12-01,1,7,2,1,51.03,227.0
1086,2025-12-01,0,0,0,0,0.0,0.0
1089,2025-12-01,1,3,1,0,56.03,172.0
427,2025-12-01,1,12,3,1,50.56,47.0
1134,2025-12-01,0,0,0,0,0.0,0.0
1100,2025-12-01,1,2,0,0,0.0,0.0
2,2025-12-01,1,1,1,0,35.85,0.0
1115,2025-12-01,1,11,7,0,202.82,281.0
1142,2025-12-01,1,4,2,0,87.26,75.0
1068,2025-12-01,1,9,7,0,271.24,476.0
1103,2025-12-01,1,18,8,0,271.14,578.0
1131,2025-12-01,0,0,0,0,0.0,0.0
1091,2025-12-01,1,9,3,0,124.95,128.0
1092,2025-12-01,1,3,1,6,50.49,62.0
455,2025-12-01,1,2,0,0,0.0,788.0
1146,2025-12-01,1,5,1,0,13.0,355.0
1144,2025-12-01,1,3,1,0,93.28,128.0
1145,2025-12-01,1,4,1,7,21.75,29.0
706,2025-12-01,1,2,0,0,0.0,3506.0
1094,2025-12-01,1,8,1,2,24.32,72.0
1111,2025-12-01,1,8,2,0,45.78,101.0
544,2025-12-01,1,4,0,0,0.0,0.0
1139,2025-12-01,1,4,1,4,76.03,79.0
1060,2025-12-01,0,0,0,0,0.0,0.0
1088,2025-12-01,0,0,0,0,0.0,0.0
1061,2025-12-01,1,3,1,0,19.89,359.0
1073,2025-12-01,1,2,0,0,0.0,1061.0
1083,2025-12-01,1,2,0,0,0.0,0.0
1080,2025-12-01,1,3,1,0,5.68,132.0
1109,2025-12-01,1,6,2,0,96.45,193.0
1069,2025-12-01,0,0,0,0,0.0,0.0
1119,2025-12-01,1,5,0,0,0.0,361.0
131,2025-12-01,1,4,0,0,0.0,0.0
1138,2025-12-01,1,6,1,0,15.78,406.0
1010,2025-12-01,1,2,0,0,0.0,547.0
1090,2025-12-01,0,0,0,0,0.0,0.0
1114,2025-12-01,1,4,2,1,17.39,46.0
1124,2025-12-01,1,6,2,0,44.51,279.0
1118,2025-12-01,1,8,3,0,106.7,336.0
1128,2025-12-01,0,0,0,0,0.0,0.0
1141,2025-12-01,0,0,0,0,0.0,0.0
1129,2025-12-01,1,7,2,0,38.64,644.0
1120,2025-12-01,1,5,1,1,13.29,89.0
1135,2025-12-01,1,7,1,0,14.6,80.0
373,2025-12-01,0,0,0,0,0.0,0.0
1127,2025-12-01,0,0,0,0,0.0,0.0
1066,2025-12-01,0,0,0,0,0.0,0.0
1123,2025-12-01,1,2,0,0,0.0,95.0
1112,2025-12-01,1,5,0,0,0.0,168.0
1067,2025-12-01,0,0,0,0,0.0,0.0
1064,2025-12-01,0,0,0,0,0.0,0.0
1136,2025-12-01,0,0,0,0,0.0,0.0
1059,2025-12-01,0,0,0,0,0.0,0.0
1101,2025-12-01,0,0,0,0,0.0,0.0
1147,2025-12-01,0,0,0,0,0.0,0.0
1081,2025-12-01,0,0,0,0,0.0,0.0
1096,2025-12-01,0,0,0,0,0.0,0.0
1126,2025-12-01,0,0,0,0,0.0,0.0
1121,2025-12-01,0,0,0,0,0.0,0.0
1151,2025-12-01,0,0,0,0,0.0,0.0
398,2026-01-01,1,41,20,0,774.42,1983.67
81,2026-01-01,1,40,23,0,1165.59,2243.16
232,2026-01-01,1,25,14,0,553.94,1787.37
800,2026-01-01,1,15,1,0,16.84,437.0
801,2026-01-01,1,27,11,0,754.52,3058.88
938,2026-01-01,1,28,13,0,576.27,2476.12
42,2026-01-01,1,32,10,0,404.3,3493.52
117,2026-01-01,1,33,20,0,556.47,2075.8
180,2026-01-01,1,49,18,0,608.49,3019.87
278,2026-01-01,1,44,14,0,732.12,1818.98
287,2026-01-01,1,24,11,0,335.15,2120.31
295,2026-01-01,1,14,7,0,391.89,1845.92
384,2026-01-01,1,37,20,0,581.9,1822.57
411,2026-01-01,1,26,15,0,623.92,1470.8
459,2026-01-01,1,35,15,1,1461.2,2573.05
576,2026-01-01,1,37,16,0,839.47,1687.81
580,2026-01-01,1,22,9,0,387.12,2496.06
591,2026-01-01,1,24,15,0,565.62,1415.97
632,2026-01-01,1,28,13,3,588.99,1816.67
689,2026-01-01,1,36,18,0,1031.67,2309.78
749,2026-01-01,1,21,10,4,375.62,1372.67
809,2026-01-01,1,29,15,0,449.89,2255.44
986,2026-01-01,1,30,13,0,463.84,1754.39
1009,2026-01-01,1,34,11,0,252.96,2529.56
1032,2026-01-01,1,29,14,1,394.32,2670.57
1053,2026-01-01,1,32,13,0,435.23,1503.43
1078,2026-01-01,1,29,18,0,732.65,2265.58
1098,2026-01-01,1,29,14,0,509.54,2188.07
1147,2026-01-01,1,30,14,0,787.0,2523.3
1163,2026-01-01,1,12,3,0,89.43,419.0
89,2026-01-01,1,14,5,0,154.38,1751.0
720,2026-01-01,1,34,13,1,432.77,2140.68
678,2026-01-01,1,34,15,0,335.74,3520.09
9,2026-01-01,1,31,11,0,548.67,2853.67
11,2026-01-01,1,30,15,0,717.75,2157.53
63,2026-01-01,1,25,14,0,906.07,2382.03
274,2026-01-01,1,24,11,0,349.66,3653.24
279,2026-01-01,1,26,11,0,290.88,2584.71
364,2026-01-01,1,24,9,1,447.06,1877.31
420,2026-01-01,1,17,10,0,344.93,2061.34
424,2026-01-01,1,25,12,0,296.7,1666.07
472,2026-01-01,1,27,20,0,533.73,3699.39
473,2026-01-01,1,43,15,0,606.59,3020.75
529,2026-01-01,1,37,12,0,446.37,2120.99
588,2026-01-01,1,41,23,0,747.36,2180.5
604,2026-01-01,1,44,21,0,1013.14,2616.65
626,2026-01-01,1,33,18,0,708.74,2096.28
638,2026-01-01,1,34,15,2,578.66,2006.14
776,2026-01-01,1,35,12,0,483.22,2310.91
802,2026-01-01,1,28,15,0,368.08,1919.22
821,2026-01-01,1,19,10,0,512.92,2611.1
823,2026-01-01,1,38,15,0,615.92,3106.85
838,2026-01-01,1,23,12,2,539.49,1582.68
871,2026-01-01,1,27,10,0,218.51,3361.55
877,2026-01-01,1,26,8,0,271.43,2478.42
917,2026-01-01,1,26,6,0,186.94,2366.16
948,2026-01-01,1,26,11,0,431.7,2013.86
1024,2026-01-01,1,31,12,0,454.19,2490.62
1074,2026-01-01,1,29,20,1,696.11,1360.51
1092,2026-01-01,1,33,17,1,535.92,1997.99
1103,2026-01-01,1,24,13,3,487.33,1702.11
1145,2026-01-01,1,28,11,7,627.82,1868.94
966,2026-01-01,1,23,10,0,502.05,1833.98
589,2026-01-01,1,27,13,0,457.52,2660.82
486,2026-01-01,1,29,12,0,433.56,2478.09
155,2026-01-01,1,33,16,0,697.02,2372.53
603,2026-01-01,1,13,2,0,19.53,0.0
662,2026-01-01,1,20,11,6,1172.58,1619.04
974,2026-01-01,1,26,8,0,396.44,3547.95
34,2026-01-01,1,27,14,0,408.99,1115.13
82,2026-01-01,1,29,11,0,304.18,1946.74
111,2026-01-01,1,24,15,0,620.78,1689.33
170,2026-01-01,1,23,10,0,326.96,1991.32
277,2026-01-01,1,18,11,0,840.85,2761.46
299,2026-01-01,1,22,7,0,353.6,2043.5
334,2026-01-01,1,27,10,0,346.79,2186.02
345,2026-01-01,1,28,14,10,497.97,1883.49
380,2026-01-01,1,23,11,0,347.76,3007.04
490,2026-01-01,1,31,12,0,539.19,2196.94
615,2026-01-01,1,30,17,0,686.8,2837.09
676,2026-01-01,1,28,10,0,992.61,3285.66
679,2026-01-01,1,38,20,0,621.96,4140.86
883,2026-01-01,1,31,12,0,448.15,3221.53
916,2026-01-01,1,34,13,0,371.46,2202.8
928,2026-01-01,1,25,18,0,1219.9,2203.59
944,2026-01-01,1,33,16,0,508.09,1629.84
953,2026-01-01,1,34,24,0,717.85,2292.22
1002,2026-01-01,1,38,9,1,439.82,2371.32
1026,2026-01-01,1,16,11,0,360.52,2084.73
1033,2026-01-01,1,27,12,1,374.43,2167.82
859,2026-01-01,1,17,9,0,407.1,0.0
869,2026-01-01,1,14,5,0,523.07,511.0
350,2026-01-01,1,11,5,0,426.78,0.0
1076,2026-01-01,1,26,9,5,584.11,2836.72
541,2026-01-01,1,29,22,0,1183.32,2216.23
765,2026-01-01,1,15,10,0,269.99,1884.63
1006,2026-01-01,1,17,4,0,62.55,312.0
757,2026-01-01,1,17,6,2,157.0,2295.61
957,2026-01-01,1,14,4,0,173.13,0.0
209,2026-01-01,1,35,24,0,701.74,1692.56
211,2026-01-01,1,33,16,0,529.65,2718.68
288,2026-01-01,1,28,17,1,532.45,1685.23
316,2026-01-01,1,27,16,4,613.79,1933.36
342,2026-01-01,1,34,19,0,876.18,2690.13
357,2026-01-01,1,27,14,0,571.36,2735.91
408,2026-01-01,1,28,16,0,610.9,2282.85
417,2026-01-01,1,34,17,0,608.51,5143.7
504,2026-01-01,1,29,10,0,614.09,2213.36
664,2026-01-01,1,28,12,0,400.58,2264.91
723,2026-01-01,1,27,12,0,608.92,2550.29
726,2026-01-01,1,27,15,0,591.06,1246.57
774,2026-01-01,1,36,16,0,1221.53,2994.57
787,2026-01-01,1,29,13,0,473.43,2041.91
796,2026-01-01,1,18,13,0,524.61,3291.21
829,2026-01-01,1,23,12,0,423.21,3744.15
852,2026-01-01,1,25,12,0,400.61,1624.19
907,2026-01-01,1,36,20,0,953.05,2852.69
922,2026-01-01,1,24,13,0,638.36,3443.08
985,2026-01-01,1,31,14,0,762.78,2048.2
996,2026-01-01,1,28,15,0,369.7,2253.18
1035,2026-01-01,1,33,16,0,619.45,2110.42
1043,2026-01-01,1,26,14,0,380.25,1521.74
1044,2026-01-01,1,39,12,5,765.46,2931.63
1079,2026-01-01,1,29,14,0,500.25,1912.82
370,2026-01-01,1,9,5,0,77.37,0.0
351,2026-01-01,1,20,8,0,522.94,413.0
790,2026-01-01,1,40,12,0,346.69,2310.38
165,2026-01-01,1,7,3,0,98.96,0.0
561,2026-01-01,1,30,15,0,565.31,3058.88
1027,2026-01-01,1,39,18,2,617.17,2644.25
779,2026-01-01,1,16,4,0,113.04,415.0
16,2026-01-01,1,9,3,0,95.93,0.0
963,2026-01-01,1,31,16,1,820.61,1483.14
68,2026-01-01,1,21,10,0,524.34,1694.3
715,2026-01-01,1,25,10,2,259.24,1836.57
507,2026-01-01,1,35,18,0,769.41,1698.45
120,2026-01-01,1,39,13,0,434.34,1215.9
38,2026-01-01,1,32,6,0,198.87,2067.6
311,2026-01-01,1,32,19,0,936.06,2092.32
1093,2026-01-01,1,17,9,0,364.09,60.0
313,2026-01-01,1,14,4,0,145.05,346.0
1151,2026-01-01,1,30,14,0,393.08,1996.91
698,2026-01-01,1,15,6,3,248.94,1974.55
523,2026-01-01,1,32,19,0,499.07,1662.95
816,2026-01-01,1,30,12,1,389.78,2451.7
94,2026-01-01,1,32,16,0,875.95,2257.56
658,2026-01-01,1,2,0,7,0.0,0.0
97,2026-01-01,1,7,2,0,162.76,3386.0
354,2026-01-01,1,9,1,0,44.99,0.0
1050,2026-01-01,1,30,17,1,1049.38,2191.97
795,2026-01-01,1,35,18,0,865.11,1752.17
375,2026-01-01,1,27,7,1,192.79,1896.92
641,2026-01-01,1,21,14,0,603.3,2653.9
814,2026-01-01,1,27,12,0,745.07,2383.63
6,2026-01-01,1,25,12,0,407.02,2269.64
318,2026-01-01,1,39,16,0,528.17,2588.27
291,2026-01-01,1,37,20,0,858.52,2044.17
297,2026-01-01,1,17,1,0,13.16,8366.0
697,2026-01-01,1,20,15,0,594.88,1948.93
538,2026-01-01,1,24,13,1,356.09,1930.02
147,2026-01-01,1,13,3,0,92.34,2425.0
824,2026-01-01,1,25,12,0,753.13,2189.33
448,2026-01-01,0,0,0,2,0.0,0.0
78,2026-01-01,1,14,6,0,369.78,1605.0
559,2026-01-01,1,23,18,2,456.52,1438.1
262,2026-01-01,1,30,11,0,761.48,1917.9
1083,2026-01-01,1,2,0,0,0.0,0.0
159,2026-01-01,1,26,12,5,1675.81,1866.78
429,2026-01-01,1,31,11,0,613.07,1846.53
548,2026-01-01,1,27,12,0,361.39,2421.74
415,2026-01-01,1,29,15,0,707.08,1799.84
530,2026-01-01,1,35,16,0,587.41,2468.61
446,2026-01-01,1,16,9,0,232.28,262.0
66,2026-01-01,1,33,19,0,677.31,2018.81
639,2026-01-01,1,35,16,0,454.17,1581.76
187,2026-01-01,1,25,18,0,1225.36,2358.83
88,2026-01-01,1,37,19,0,943.03,1990.3
542,2026-01-01,1,16,10,0,786.27,0.0
616,2026-01-01,1,8,4,2,321.17,0.0
45,2026-01-01,1,33,11,0,524.77,1662.63
513,2026-01-01,1,39,16,0,625.49,3202.78
257,2026-01-01,1,12,2,0,91.19,235.0
560,2026-01-01,1,27,14,0,491.2,2333.21
890,2026-01-01,1,35,18,3,772.42,2582.26
753,2026-01-01,1,5,4,0,140.62,0.0
317,2026-01-01,1,27,15,0,1202.74,2748.76
644,2026-01-01,1,36,19,0,520.35,2063.98
839,2026-01-01,1,32,13,0,555.72,1573.92
116,2026-01-01,1,6,0,0,0.0,0.0
747,2026-01-01,1,24,13,5,751.66,1597.03
828,2026-01-01,1,17,8,0,256.36,44.0
1025,2026-01-01,1,23,10,0,235.86,3349.64
1099,2026-01-01,1,35,16,0,686.44,2897.32
822,2026-01-01,1,40,21,0,876.51,2551.18
1301,2026-01-01,1,22,8,0,338.5,628.0
362,2026-01-01,1,35,22,0,715.24,1837.9
263,2026-01-01,1,29,14,0,587.66,3168.61
355,2026-01-01,1,37,16,0,734.23,3266.32
789,2026-01-01,1,25,13,6,514.6,1440.28
143,2026-01-01,1,40,19,0,1065.43,2053.66
970,2026-01-01,1,22,9,1,551.5,1792.24
937,2026-01-01,1,8,3,0,91.28,215.0
919,2026-01-01,1,11,6,0,308.21,162.0
1030,2026-01-01,1,14,5,3,188.23,297.0
423,2026-01-01,1,34,17,0,736.1,1917.5
667,2026-01-01,1,16,6,0,149.72,0.0
811,2026-01-01,1,12,4,0,224.9,200.0
949,2026-01-01,1,35,15,0,656.5,3341.13
973,2026-01-01,1,37,15,0,1024.62,1904.1
167,2026-01-01,1,27,12,0,351.52,2263.7
12,2026-01-01,1,25,8,0,198.46,2561.82
361,2026-01-01,1,6,4,0,146.39,0.0
447,2026-01-01,1,6,0,5,0.0,0.0
4,2026-01-01,1,9,4,0,58.88,97.0
571,2026-01-01,1,4,1,0,31.43,247.0
669,2026-01-01,1,18,7,7,618.79,1837.62
833,2026-01-01,1,24,13,0,345.14,1979.32
55,2026-01-01,1,23,4,0,134.83,546.0
149,2026-01-01,1,10,2,0,67.96,0.0
50,2026-01-01,1,12,1,0,15.7,103.0
265,2026-01-01,1,23,14,1,737.69,1699.04
1133,2026-01-01,1,20,3,0,114.53,402.0
269,2026-01-01,1,7,1,0,106.04,0.0
336,2026-01-01,1,32,17,0,672.68,2935.83
614,2026-01-01,1,31,18,1,788.51,1392.98
1269,2026-01-01,1,9,1,0,170.59,1945.0
1067,2026-01-01,1,7,3,0,148.42,1173.0
837,2026-01-01,1,14,4,0,165.84,0.0
123,2026-01-01,1,32,19,0,467.06,3021.75
1139,2026-01-01,1,28,10,4,253.28,2418.87
463,2026-01-01,1,17,5,0,128.53,249.0
534,2026-01-01,1,30,11,2,334.59,2356.34
848,2026-01-01,1,3,1,0,10.4,0.0
1013,2026-01-01,1,35,16,1,917.77,2972.37
594,2026-01-01,1,31,18,0,936.07,1726.3
1110,2026-01-01,1,37,19,0,857.17,2497.78
683,2026-01-01,1,3,0,8,0.0,0.0
693,2026-01-01,1,31,16,0,662.25,2080.23
1135,2026-01-01,1,25,15,0,410.79,2626.88
230,2026-01-01,1,30,12,0,940.71,3178.38
124,2026-01-01,1,22,7,0,381.55,2649.9
21,2026-01-01,1,40,21,0,648.56,2320.7
978,2026-01-01,1,45,21,1,900.36,2447.46
1120,2026-01-01,1,16,4,9,172.47,1866.61
680,2026-01-01,1,6,2,0,42.9,0.0
1125,2026-01-01,1,32,8,4,274.04,2510.37
1143,2026-01-01,1,5,0,3,0.0,0.0
835,2026-01-01,1,9,5,2,177.37,0.0
402,2026-01-01,1,34,27,0,903.2,2132.31
1089,2026-01-01,1,14,6,0,162.08,223.0
67,2026-01-01,1,28,17,0,1226.02,2224.2
601,2026-01-01,1,25,16,0,765.68,3256.35
891,2026-01-01,1,16,5,0,136.57,89.0
960,2026-01-01,1,39,24,0,867.91,3463.97
951,2026-01-01,1,18,3,2,67.76,914.0
58,2026-01-01,1,34,17,0,644.99,2656.73
932,2026-01-01,1,8,4,3,72.21,0.0
227,2026-01-01,1,24,15,1,610.5,1688.16
266,2026-01-01,1,30,18,0,968.21,2168.58
443,2026-01-01,1,7,5,0,227.35,0.0
1105,2026-01-01,1,16,3,0,114.53,695.0
1115,2026-01-01,1,38,11,1,319.32,1952.42
267,2026-01-01,1,42,11,0,532.63,2443.69
331,2026-01-01,1,30,10,0,337.27,1755.22
392,2026-01-01,1,13,4,0,119.79,643.0
251,2026-01-01,1,31,10,0,290.85,1855.04
732,2026-01-01,1,33,16,0,633.87,1881.29
775,2026-01-01,1,27,20,0,1008.79,2409.28
484,2026-01-01,1,35,19,0,524.35,1943.44
748,2026-01-01,1,31,16,0,460.9,2626.92
1117,2026-01-01,1,6,1,0,23.26,284.0
234,2026-01-01,1,32,5,1,154.72,531.0
831,2026-01-01,1,18,4,3,75.47,219.0
1068,2026-01-01,1,31,19,0,864.92,2570.42
517,2026-01-01,1,5,1,7,9.66,0.0
759,2026-01-01,1,21,9,1,221.79,2073.64
903,2026-01-01,1,7,2,0,86.56,347.0
1042,2026-01-01,1,8,1,1,86.52,372.0
60,2026-01-01,1,19,5,0,148.5,485.0
72,2026-01-01,1,14,8,0,262.39,494.0
136,2026-01-01,1,26,17,0,466.34,1766.77
1054,2026-01-01,1,40,16,1,458.31,2101.39
202,2026-01-01,1,36,23,0,893.6,2329.73
93,2026-01-01,1,9,5,0,184.49,0.0
876,2026-01-01,1,33,12,10,515.27,1948.7
975,2026-01-01,1,15,2,0,49.18,294.0
440,2026-01-01,1,10,4,0,156.98,0.0
729,2026-01-01,1,24,15,0,493.15,2197.0
488,2026-01-01,1,15,6,0,133.77,184.0
489,2026-01-01,1,18,9,0,490.73,1944.83
649,2026-01-01,1,31,10,0,503.72,2058.47
53,2026-01-01,1,14,4,0,234.69,2967.0
1052,2026-01-01,1,16,3,0,239.1,4338.0
1119,2026-01-01,1,26,4,0,75.81,2163.0
1051,2026-01-01,1,28,15,0,725.48,2589.43
547,2026-01-01,1,35,8,1,311.76,1960.88
465,2026-01-01,1,16,5,0,311.32,3957.0
125,2026-01-01,1,24,6,0,338.3,0.0
898,2026-01-01,1,7,4,0,228.73,162.0
1141,2026-01-01,1,29,16,0,1323.83,3254.09
1001,2026-01-01,1,11,4,0,173.57,345.0
612,2026-01-01,1,17,5,0,122.68,365.0
481,2026-01-01,1,10,3,0,49.9,319.0
1049,2026-01-01,1,14,5,4,291.4,286.0
897,2026-01-01,1,19,12,0,564.56,1923.32
501,2026-01-01,1,2,2,0,51.84,0.0
158,2026-01-01,1,31,12,0,631.66,3001.99
1045,2026-01-01,1,15,4,2,63.23,203.0
994,2026-01-01,1,3,1,6,22.76,0.0
908,2026-01-01,1,15,8,0,192.38,51.0
792,2026-01-01,1,37,16,0,444.85,3280.84
756,2026-01-01,1,13,1,2,15.12,392.0
766,2026-01-01,1,47,22,0,796.92,1522.45
609,2026-01-01,1,30,18,1,836.53,1656.94
307,2026-01-01,1,43,20,0,727.07,2150.08
817,2026-01-01,1,8,2,8,22.47,0.0
815,2026-01-01,1,26,15,0,433.88,1752.57
40,2026-01-01,1,43,13,0,760.78,4489.73
478,2026-01-01,1,27,18,0,822.42,1750.59
712,2026-01-01,1,29,16,0,934.62,2121.64
134,2026-01-01,1,15,4,0,251.61,2425.0
289,2026-01-01,1,33,13,0,337.1,2250.4
1091,2026-01-01,1,25,16,4,860.11,1186.99
98,2026-01-01,1,32,12,0,434.09,3018.53
770,2026-01-01,1,21,14,4,512.36,1391.39
1087,2026-01-01,1,21,9,3,566.01,2834.12
954,2026-01-01,1,26,19,0,982.52,1435.89
769,2026-01-01,1,35,19,0,608.96,2957.63
491,2026-01-01,1,25,8,2,389.81,1339.39
962,2026-01-01,1,28,11,0,310.59,3577.32
305,2026-01-01,1,26,13,0,635.56,1970.74
628,2026-01-01,1,13,6,0,139.75,112.0
620,2026-01-01,1,33,19,0,670.74,2220.17
1198,2026-01-01,1,15,4,0,117.45,531.0
947,2026-01-01,1,13,5,0,190.25,660.0
1144,2026-01-01,1,15,3,0,50.61,356.0
768,2026-01-01,1,11,7,0,269.32,0.0
366,2026-01-01,1,10,4,0,168.13,0.0
141,2026-01-01,1,30,17,0,1576.84,1357.32
670,2026-01-01,1,13,4,0,98.02,163.0
104,2026-01-01,1,36,22,0,746.97,2377.79
373,2026-01-01,1,11,2,0,43.37,2551.0
223,2026-01-01,1,13,8,0,305.64,219.0
189,2026-01-01,1,34,21,0,1105.09,1665.14
611,2026-01-01,1,26,11,0,373.67,3017.3
911,2026-01-01,1,31,13,0,584.9,1461.6
194,2026-01-01,1,26,13,0,483.92,2352.45
1064,2026-01-01,1,2,0,0,0.0,0.0
1059,2026-01-01,1,16,1,2,25.95,64.0
564,2026-01-01,1,31,15,0,520.49,1825.24
1158,2026-01-01,1,26,10,1,271.54,412.0
70,2026-01-01,1,35,18,0,1019.28,2042.03
292,2026-01-01,1,30,12,0,587.46,3011.68
568,2026-01-01,1,31,16,0,619.16,2033.72
619,2026-01-01,1,29,15,0,482.67,2233.22
674,2026-01-01,1,31,12,0,477.91,2594.37
827,2026-01-01,1,28,9,1,395.1,1634.3
845,2026-01-01,1,27,12,0,541.48,2704.13
920,2026-01-01,1,21,12,0,321.54,1893.27
972,2026-01-01,1,27,14,0,388.08,2127.17
984,2026-01-01,1,31,12,1,486.02,1695.73
864,2026-01-01,1,31,19,0,1123.08,2067.29
386,2026-01-01,1,32,11,0,394.98,2738.73
31,2026-01-01,1,20,13,0,644.57,2657.07
178,2026-01-01,1,25,15,0,902.78,2519.24
242,2026-01-01,1,24,11,0,573.46,2284.33
283,2026-01-01,1,28,13,0,386.95,2004.21
469,2026-01-01,1,30,11,0,335.06,1901.38
512,2026-01-01,1,24,15,0,551.23,2294.39
818,2026-01-01,1,36,18,0,584.24,2459.38
840,2026-01-01,1,24,12,0,310.58,4255.83
997,2026-01-01,1,33,16,1,970.1,2300.2
1000,2026-01-01,1,25,16,0,1381.31,2476.6
1148,2026-01-01,1,25,14,8,686.32,1521.84
87,2026-01-01,1,33,19,0,731.94,1567.75
28,2026-01-01,1,32,22,0,828.54,2373.43
32,2026-01-01,1,37,13,0,625.54,2914.79
47,2026-01-01,1,29,12,0,394.84,1615.46
457,2026-01-01,1,27,13,0,392.31,1379.63
600,2026-01-01,1,37,22,0,1087.33,2104.17
739,2026-01-01,1,27,14,0,646.76,2595.45
803,2026-01-01,1,12,7,0,529.87,2186.74
804,2026-01-01,1,33,10,0,450.98,3312.66
812,2026-01-01,1,34,19,0,834.69,1742.1
867,2026-01-01,1,29,12,5,416.57,2589.54
110,2026-01-01,1,15,4,0,213.56,448.0
958,2026-01-01,1,23,8,0,515.2,1997.8
101,2026-01-01,1,14,3,0,54.85,538.0
271,2026-01-01,1,29,11,0,402.55,1767.54
71,2026-01-01,1,30,21,0,716.2,2111.86
160,2026-01-01,1,40,23,0,750.71,2887.82
175,2026-01-01,1,25,10,1,468.24,2652.5
212,2026-01-01,1,25,15,0,560.78,2159.32
293,2026-01-01,1,16,7,0,135.44,2625.31
425,2026-01-01,1,30,19,0,942.77,2305.82
522,2026-01-01,1,28,15,0,517.08,2001.2
579,2026-01-01,1,23,12,7,783.94,2269.53
663,2026-01-01,1,22,15,0,949.49,2115.13
705,2026-01-01,1,29,14,0,683.6,2706.29
750,2026-01-01,1,21,12,1,626.64,1735.41
834,2026-01-01,1,31,18,0,570.01,2163.92
873,2026-01-01,1,29,16,0,905.28,2142.39
878,2026-01-01,1,28,15,0,490.84,1556.1
905,2026-01-01,1,29,14,0,454.04,1549.85
989,2026-01-01,1,32,19,0,720.7,2605.11
1084,2026-01-01,1,13,7,0,217.67,0.0
314,2026-01-01,1,10,1,0,32.82,1294.0
347,2026-01-01,1,4,2,0,48.08,0.0
510,2026-01-01,1,10,3,0,106.4,854.0
418,2026-01-01,1,28,9,0,858.61,1642.43
942,2026-01-01,1,31,12,0,316.0,2410.34
1005,2026-01-01,1,12,5,0,78.67,478.0
107,2026-01-01,1,25,14,0,1013.96,1371.51
856,2026-01-01,1,26,17,2,750.06,1897.0
793,2026-01-01,1,33,20,0,749.37,1970.7
310,2026-01-01,1,31,20,0,779.3,2456.57
1010,2026-01-01,1,12,1,0,34.67,990.0
184,2026-01-01,1,27,14,0,501.17,2176.35
1149,2026-01-01,1,22,7,0,381.42,1759.73
955,2026-01-01,1,11,3,0,57.06,3364.0
977,2026-01-01,1,34,18,0,847.5,3463.13
865,2026-01-01,1,11,2,0,102.46,4299.0
708,2026-01-01,1,41,21,0,737.13,1722.46
863,2026-01-01,1,7,3,5,41.88,0.0
736,2026-01-01,1,22,4,0,168.01,573.0
647,2026-01-01,1,25,14,0,557.59,2514.05
151,2026-01-01,1,23,16,0,620.94,1871.67
597,2026-01-01,1,11,2,0,53.6,158.0
79,2026-01-01,1,25,18,0,638.19,1635.37
791,2026-01-01,1,15,5,0,251.99,214.0
881,2026-01-01,1,18,11,0,452.36,2542.04
1085,2026-01-01,1,25,14,0,578.72,1601.75
961,2026-01-01,1,24,5,0,113.55,671.0
629,2026-01-01,1,30,15,0,595.33,2345.44
485,2026-01-01,1,16,4,0,103.56,167.0
1029,2026-01-01,1,10,3,1,94.24,89.0
887,2026-01-01,1,13,3,0,232.05,0.0
935,2026-01-01,1,9,2,0,96.73,1964.0
1,2026-01-01,1,17,6,0,409.56,5690.0
1097,2026-01-01,1,25,18,1,934.58,2970.38
981,2026-01-01,1,7,1,7,10.23,0.0
782,2026-01-01,1,14,1,0,52.22,9572.0
455,2026-01-01,1,7,1,0,44.3,0.0
179,2026-01-01,1,19,8,1,264.0,2124.0
300,2026-01-01,1,12,3,0,237.64,3800.0
62,2026-01-01,1,20,11,0,333.59,2209.98
1216,2026-01-01,1,9,1,8,7.17,19.0
820,2026-01-01,1,24,4,0,226.17,412.0
346,2026-01-01,1,11,6,0,194.53,425.0
241,2026-01-01,1,25,16,0,730.4,1727.48
339,2026-01-01,1,8,2,0,48.56,0.0
37,2026-01-01,1,10,5,0,146.57,0.0
1113,2026-01-01,1,4,1,1,9.06,102.0
598,2026-01-01,1,7,2,7,127.65,146.0
335,2026-01-01,1,37,18,2,907.76,2391.21
22,2026-01-01,1,40,19,0,783.38,2558.53
584,2026-01-01,1,10,6,0,88.34,0.0
75,2026-01-01,1,30,14,0,437.46,2334.62
409,2026-01-01,1,16,3,0,91.39,9193.0
152,2026-01-01,1,36,14,0,565.45,3931.78
406,2026-01-01,1,26,13,0,478.73,3836.98
426,2026-01-01,1,12,5,0,213.98,175.0
901,2026-01-01,1,9,1,2,39.05,106.0
1021,2026-01-01,1,17,7,0,170.88,487.0
139,2026-01-01,1,7,3,0,141.49,2204.0
509,2026-01-01,1,26,13,0,396.49,1572.31
332,2026-01-01,1,27,12,0,445.55,2317.21
1129,2026-01-01,1,14,6,0,137.39,0.0
199,2026-01-01,1,14,7,0,358.31,168.0
718,2026-01-01,1,18,9,0,435.86,551.0
952,2026-01-01,1,36,21,3,762.63,2513.49
1116,2026-01-01,1,15,5,0,207.65,0.0
8,2026-01-01,1,31,16,0,918.87,2376.7
1077,2026-01-01,1,32,18,0,660.58,2548.77
1031,2026-01-01,1,4,1,4,35.33,93.0
268,2026-01-01,1,25,3,0,176.33,2286.0
377,2026-01-01,1,30,17,0,618.3,1356.94
592,2026-01-01,1,28,15,1,594.51,1610.96
387,2026-01-01,1,16,4,0,78.03,270.0
681,2026-01-01,1,11,6,0,263.46,277.0
552,2026-01-01,1,33,21,0,713.73,3026.24
482,2026-01-01,1,35,17,0,548.46,2435.9
825,2026-01-01,1,18,3,0,155.41,482.0
102,2026-01-01,1,24,12,0,508.57,2201.87
468,2026-01-01,1,8,6,0,350.14,0.0
256,2026-01-01,1,10,3,0,190.87,99.0
714,2026-01-01,1,8,2,0,24.99,0.0
161,2026-01-01,1,27,12,0,535.71,2600.19
477,2026-01-01,1,12,4,0,116.78,2410.0
987,2026-01-01,1,8,1,1,53.93,420.0
1041,2026-01-01,1,22,6,1,186.15,1055.0
360,2026-01-01,1,9,9,0,346.82,0.0
13,2026-01-01,1,25,13,0,473.12,2548.52
219,2026-01-01,1,11,7,0,212.66,0.0
421,2026-01-01,1,10,4,0,169.56,0.0
130,2026-01-01,1,18,4,0,79.41,597.0
646,2026-01-01,1,7,1,0,36.93,0.0
356,2026-01-01,1,33,3,0,89.57,1625.0
687,2026-01-01,1,13,2,0,60.92,79.0
462,2026-01-01,1,3,3,0,72.96,0.0
745,2026-01-01,1,10,8,0,342.34,0.0
333,2026-01-01,1,7,4,0,91.14,147.0
758,2026-01-01,1,30,11,1,450.63,1798.27
673,2026-01-01,1,27,10,0,288.62,1993.5
1020,2026-01-01,1,16,2,0,32.93,131.0
581,2026-01-01,1,12,3,0,105.08,835.0
121,2026-01-01,1,15,6,0,236.21,339.0
1118,2026-01-01,1,10,5,2,221.29,0.0
296,2026-01-01,1,7,3,0,90.91,0.0
1069,2026-01-01,1,34,21,0,1135.5,1819.63
76,2026-01-01,1,19,12,0,473.64,2444.7
301,2026-01-01,1,6,4,0,211.81,0.0
1038,2026-01-01,1,28,9,0,398.08,1802.6
991,2026-01-01,1,10,6,0,163.2,0.0
798,2026-01-01,1,19,3,0,80.84,14208.0
1061,2026-01-01,1,15,5,0,151.22,448.0
763,2026-01-01,1,13,6,0,260.02,136.0
385,2026-01-01,1,8,4,0,188.8,0.0
201,2026-01-01,1,5,3,0,57.47,0.0
145,2026-01-01,1,37,18,0,620.52,2268.45
1008,2026-01-01,1,42,20,0,907.18,2316.56
526,2026-01-01,1,14,2,0,45.63,397.0
969,2026-01-01,1,10,5,0,119.7,0.0
593,2026-01-01,1,13,3,0,82.38,251.0
276,2026-01-01,1,32,17,0,660.33,2372.34
930,2026-01-01,1,6,2,0,103.41,0.0
174,2026-01-01,1,49,25,0,1230.23,3050.14
1011,2026-01-01,1,3,1,5,5.44,0.0
733,2026-01-01,1,28,10,0,345.48,2532.35
1124,2026-01-01,1,22,9,0,428.85,337.0
677,2026-01-01,1,32,17,0,512.21,2171.66
861,2026-01-01,1,16,3,0,169.78,65.0
196,2026-01-01,1,18,7,0,208.46,373.0
410,2026-01-01,1,4,4,0,164.21,0.0
433,2026-01-01,1,21,12,0,545.41,2489.54
1146,2026-01-01,1,18,6,0,143.74,351.0
941,2026-01-01,1,28,15,0,880.16,2994.64
946,2026-01-01,1,6,1,0,14.02,43.0
280,2026-01-01,1,24,14,0,595.94,1866.65
1232,2026-01-01,1,16,2,0,43.97,8557.0
92,2026-01-01,1,12,7,0,288.71,173.0
884,2026-01-01,1,27,17,0,648.97,2272.96
1227,2026-01-01,1,13,9,1,207.5,216.0
737,2026-01-01,1,10,0,0,0.0,697.0
1073,2026-01-01,1,9,1,0,80.38,0.0
1244,2026-01-01,1,11,2,0,80.5,787.0
1066,2026-01-01,1,16,2,0,85.57,142.0
83,2026-01-01,1,26,15,0,637.03,2785.14
403,2026-01-01,1,35,18,0,1026.13,1935.31
506,2026-01-01,1,23,10,0,441.28,1514.16
531,2026-01-01,1,32,15,0,494.25,2213.82
590,2026-01-01,1,26,15,0,442.19,2602.17
618,2026-01-01,1,29,10,0,307.58,1863.58
813,2026-01-01,1,28,9,0,243.31,1405.26
939,2026-01-01,1,30,17,0,587.5,2169.78
777,2026-01-01,1,14,2,0,176.78,1481.0
330,2026-01-01,1,32,13,0,613.0,1559.64
621,2026-01-01,1,35,14,0,552.94,2575.37
721,2026-01-01,1,27,14,0,453.12,1905.82
998,2026-01-01,1,29,12,1,532.53,1937.27
1072,2026-01-01,1,17,6,0,181.32,2651.95
319,2026-01-01,1,8,4,0,115.27,0.0
239,2026-01-01,1,32,16,0,383.92,2281.0
875,2026-01-01,1,17,6,0,217.16,286.0
642,2026-01-01,1,15,5,0,399.12,307.0
29,2026-01-01,1,20,7,0,411.98,444.0
253,2026-01-01,1,10,8,0,209.02,0.0
126,2026-01-01,1,23,12,0,747.65,1795.75
521,2026-01-01,1,30,16,1,546.34,1924.86
527,2026-01-01,1,27,13,0,458.25,1777.54
892,2026-01-01,1,29,17,0,599.31,2811.02
1127,2026-01-01,1,23,7,0,168.23,769.0
503,2026-01-01,1,39,15,0,453.87,1858.95
15,2026-01-01,1,30,18,0,690.92,2474.77
352,2026-01-01,1,16,11,0,451.44,2168.19
431,2026-01-01,1,19,10,0,327.9,1587.1
511,2026-01-01,1,25,12,0,369.81,1456.35
645,2026-01-01,1,24,11,0,358.35,1558.1
657,2026-01-01,1,17,8,0,600.7,2038.84
799,2026-01-01,1,23,12,0,418.15,3089.57
841,2026-01-01,1,39,18,2,1023.61,3011.27
971,2026-01-01,1,24,9,0,265.39,1420.96
1023,2026-01-01,1,24,10,0,403.19,2444.6
1109,2026-01-01,1,26,13,0,641.11,3419.09
690,2026-01-01,1,6,2,0,69.87,0.0
915,2026-01-01,1,18,7,0,145.58,0.0
140,2026-01-01,1,18,3,0,115.95,1846.0
36,2026-01-01,1,5,3,0,61.19,0.0
850,2026-01-01,1,3,0,10,0.0,0.0
203,2026-01-01,1,14,4,0,410.18,390.0
684,2026-01-01,1,16,3,2,151.94,1245.0
1140,2026-01-01,1,7,1,0,19.82,0.0
653,2026-01-01,1,35,15,0,456.44,2043.83
582,2026-01-01,1,7,2,0,101.12,8244.0
655,2026-01-01,1,3,1,0,43.99,0.0
704,2026-01-01,1,9,4,0,174.34,2694.0
450,2026-01-01,1,18,5,0,410.6,1202.0
374,2026-01-01,1,15,2,0,346.23,610.0
18,2026-01-01,1,47,18,0,809.88,2384.5
570,2026-01-01,1,13,2,0,31.7,255.0
762,2026-01-01,1,26,15,1,550.13,1708.36
1095,2026-01-01,1,14,1,0,24.14,212.0
61,2026-01-01,1,12,3,0,79.97,318.0
1175,2026-01-01,1,8,3,0,226.63,3501.0
924,2026-01-01,1,10,2,0,67.28,0.0
324,2026-01-01,1,3,1,0,18.31,0.0
545,2026-01-01,1,20,3,0,74.43,229.0
725,2026-01-01,1,8,1,0,29.78,785.0
685,2026-01-01,1,11,8,0,234.82,190.0
595,2026-01-01,1,25,20,0,735.26,1518.02
519,2026-01-01,1,12,5,0,137.58,108.0
1028,2026-01-01,1,22,6,0,256.11,1565.0
1132,2026-01-01,1,22,5,0,132.55,529.0
623,2026-01-01,1,10,6,2,108.37,0.0
1040,2026-01-01,1,11,4,0,126.38,3809.0
773,2026-01-01,1,32,15,0,545.49,1303.97
772,2026-01-01,1,16,3,0,59.14,270.0
157,2026-01-01,1,6,2,0,53.83,0.0
169,2026-01-01,1,8,4,0,99.09,0.0
127,2026-01-01,1,16,3,0,46.25,1118.0
259,2026-01-01,1,24,8,0,261.63,343.0
133,2026-01-01,1,12,4,0,207.22,0.0
414,2026-01-01,1,7,3,0,89.44,0.0
1267,2026-01-01,1,15,3,0,59.92,633.0
150,2026-01-01,1,12,3,0,87.34,1681.0
950,2026-01-01,1,28,11,0,207.01,3309.19
830,2026-01-01,1,2,0,0,0.0,0.0
909,2026-01-01,1,16,6,0,152.59,0.0
210,2026-01-01,1,15,3,0,159.07,265.0
566,2026-01-01,1,14,3,0,139.96,1069.0
419,2026-01-01,1,23,5,0,229.28,1544.0
842,2026-01-01,1,16,9,0,251.9,199.0
321,2026-01-01,1,42,16,2,955.74,1576.63
940,2026-01-01,1,18,6,0,199.87,226.0
112,2026-01-01,1,18,4,0,77.78,348.0
636,2026-01-01,1,11,1,0,38.46,2456.0
312,2026-01-01,1,8,0,0,0.0,2675.0
778,2026-01-01,1,12,3,0,85.39,217.0
250,2026-01-01,1,13,6,0,152.53,333.0
533,2026-01-01,1,15,4,0,127.95,3544.0
650,2026-01-01,1,21,14,0,901.12,2182.1
578,2026-01-01,1,10,3,0,411.93,884.0
1019,2026-01-01,1,6,4,0,606.2,0.0
808,2026-01-01,1,7,4,4,185.04,128.0
359,2026-01-01,1,24,17,0,552.29,3032.4
964,2026-01-01,1,19,4,0,161.3,2302.0
1036,2026-01-01,1,9,5,0,83.3,0.0
965,2026-01-01,1,12,6,0,105.21,0.0
514,2026-01-01,1,13,7,0,374.33,0.0
671,2026-01-01,1,12,1,1,131.69,705.0
866,2026-01-01,1,8,4,0,90.27,0.0
810,2026-01-01,1,14,7,0,267.86,62.0
703,2026-01-01,1,15,3,0,98.38,591.0
439,2026-01-01,1,32,18,0,768.78,2007.28
558,2026-01-01,1,25,12,0,619.87,3616.15
976,2026-01-01,1,13,4,0,123.4,84.0
1101,2026-01-01,1,8,3,0,87.88,426.0
557,2026-01-01,1,18,8,0,408.78,1946.1
700,2026-01-01,1,26,10,0,544.79,2074.98
252,2026-01-01,1,9,6,0,184.89,1092.0
456,2026-01-01,1,16,7,0,384.39,687.0
882,2026-01-01,1,13,3,2,61.55,679.0
217,2026-01-01,1,26,11,0,406.66,3213.66
624,2026-01-01,1,33,12,0,609.17,2200.4
686,2026-01-01,1,32,18,0,753.13,1876.88
315,2026-01-01,1,24,7,0,209.74,624.0
691,2026-01-01,1,16,2,0,55.88,759.0
249,2026-01-01,1,21,8,0,216.61,196.0
672,2026-01-01,1,13,3,0,60.15,2602.0
902,2026-01-01,1,14,2,0,130.79,2494.0
929,2026-01-01,1,12,3,0,219.73,246.0
853,2026-01-01,1,10,5,0,269.81,121.0
1157,2026-01-01,1,17,5,7,75.96,95.0
404,2026-01-01,1,15,7,0,244.17,787.0
264,2026-01-01,1,17,8,0,209.95,60.0
100,2026-01-01,1,10,5,0,81.27,222.0
1003,2026-01-01,1,8,3,0,78.48,87.0
163,2026-01-01,1,10,0,0,0.0,0.0
1138,2026-01-01,1,12,6,1,207.8,0.0
365,2026-01-01,1,10,4,0,108.07,0.0
855,2026-01-01,1,7,3,0,241.1,0.0
1190,2026-01-01,1,10,2,0,182.72,2850.0
84,2026-01-01,1,17,8,0,364.36,150.0
454,2026-01-01,1,12,3,0,103.91,303.0
437,2026-01-01,1,9,2,0,66.0,1407.0
967,2026-01-01,1,15,3,0,178.39,1481.0
1112,2026-01-01,1,13,4,0,153.15,62.0
449,2026-01-01,1,8,6,0,304.99,0.0
740,2026-01-01,1,1,1,0,50.11,0.0
1094,2026-01-01,1,5,1,3,37.22,0.0
982,2026-01-01,1,14,5,4,152.03,166.0
273,2026-01-01,1,13,3,0,79.2,1500.0
926,2026-01-01,1,12,0,2,0.0,253.0
627,2026-01-01,0,0,0,5,0.0,0.0
643,2026-01-01,1,20,4,2,60.66,719.0
910,2026-01-01,1,16,4,2,88.39,781.0
635,2026-01-01,1,1,0,2,0.0,0.0
895,2026-01-01,1,7,1,0,27.77,0.0
781,2026-01-01,1,10,3,1,115.79,35.0
980,2026-01-01,1,21,8,0,334.11,326.0
870,2026-01-01,1,11,5,0,133.64,0.0
668,2026-01-01,1,12,3,0,81.12,280.0
868,2026-01-01,1,9,2,0,129.34,172.0
369,2026-01-01,1,8,1,0,46.51,1804.0
474,2026-01-01,1,14,5,0,104.38,0.0
651,2026-01-01,1,16,4,0,81.19,671.0
260,2026-01-01,1,4,0,0,0.0,0.0
788,2026-01-01,1,4,0,0,0.0,0.0
1256,2026-01-01,1,4,0,0,0.0,0.0
843,2026-01-01,1,23,4,0,65.58,2052.0
1203,2026-01-01,1,16,2,5,75.08,86.0
912,2026-01-01,1,11,5,0,168.12,259.0
692,2026-01-01,1,8,2,0,37.44,0.0
652,2026-01-01,1,15,4,0,99.07,341.0
622,2026-01-01,1,7,3,0,272.05,0.0
931,2026-01-01,1,6,1,2,13.46,61.0
993,2026-01-01,1,14,5,0,278.05,487.0
1034,2026-01-01,1,15,4,0,149.31,2779.0
221,2026-01-01,1,17,8,0,340.36,316.0
322,2026-01-01,1,21,4,0,91.6,779.0
444,2026-01-01,1,20,9,0,340.58,44.0
445,2026-01-01,1,5,0,4,0.0,0.0
1047,2026-01-01,1,7,2,0,45.01,287.0
1057,2026-01-01,1,22,4,0,128.6,271.0
458,2026-01-01,1,9,2,0,63.31,1343.0
783,2026-01-01,1,15,1,0,29.53,3582.0
19,2026-01-01,1,21,6,0,150.46,544.0
695,2026-01-01,1,11,4,0,116.11,469.0
1016,2026-01-01,1,11,4,1,104.7,116.0
1177,2026-01-01,1,8,2,12,94.19,110.0
378,2026-01-01,1,15,5,0,187.58,1405.0
1046,2026-01-01,1,13,4,0,69.57,79.0
476,2026-01-01,1,22,7,0,108.66,747.0
148,2026-01-01,1,11,5,0,134.41,86.0
735,2026-01-01,1,11,7,0,760.7,0.0
764,2026-01-01,1,6,3,0,126.27,66.0
1183,2026-01-01,1,13,5,6,183.34,188.0
979,2026-01-01,1,6,4,0,196.46,0.0
659,2026-01-01,1,15,7,0,182.07,0.0
640,2026-01-01,1,8,6,0,159.22,0.0
797,2026-01-01,1,7,5,1,122.27,0.0
525,2026-01-01,1,13,5,0,201.8,0.0
858,2026-01-01,1,10,3,1,68.66,104.0
496,2026-01-01,1,8,2,0,367.24,0.0
872,2026-01-01,1,8,3,0,93.92,289.0
1065,2026-01-01,1,11,6,4,208.07,211.0
405,2026-01-01,1,5,1,0,86.25,0.0
1191,2026-01-01,1,4,0,0,0.0,0.0
248,2026-01-01,1,26,4,0,291.4,3248.0
1223,2026-01-01,1,15,6,5,169.68,170.0
1219,2026-01-01,1,9,1,7,14.36,24.0
933,2026-01-01,1,20,6,0,366.17,1064.0
434,2026-01-01,1,7,2,0,36.91,78.0
577,2026-01-01,1,8,1,0,37.77,1715.0
742,2026-01-01,1,21,3,0,84.97,742.0
284,2026-01-01,1,11,2,0,58.86,418.0
214,2026-01-01,1,8,1,0,51.84,1253.0
893,2026-01-01,1,11,3,0,39.73,136.0
1007,2026-01-01,1,27,3,1,68.27,587.0
1254,2026-01-01,1,22,9,6,216.13,222.0
1017,2026-01-01,1,9,2,0,83.35,210.0
192,2026-01-01,1,13,3,0,151.7,4119.0
1004,2026-01-01,1,7,3,0,57.38,0.0
1299,2026-01-01,1,14,3,2,77.45,312.0
688,2026-01-01,1,8,3,7,144.79,127.0
99,2026-01-01,1,7,2,0,96.58,3914.0
470,2026-01-01,1,23,3,0,245.08,799.0
56,2026-01-01,1,9,5,0,195.74,0.0
282,2026-01-01,1,16,7,0,173.48,143.0
807,2026-01-01,1,12,7,0,496.83,187.0
728,2026-01-01,1,7,0,5,0.0,0.0
606,2026-01-01,1,17,5,0,137.67,404.0
754,2026-01-01,1,10,3,0,92.86,117.0
1287,2026-01-01,1,18,7,0,438.33,469.0
235,2026-01-01,1,9,2,0,73.36,786.0
1037,2026-01-01,1,6,2,0,39.14,0.0
565,2026-01-01,1,10,3,0,133.88,323.0
394,2026-01-01,1,16,5,0,400.42,437.0
574,2026-01-01,1,7,2,0,48.26,268.0
10,2026-01-01,1,8,4,0,276.53,0.0
927,2026-01-01,1,12,5,0,133.88,108.0
945,2026-01-01,1,4,0,0,0.0,0.0
746,2026-01-01,1,14,3,0,188.32,1427.0
1160,2026-01-01,1,13,6,0,151.79,408.0
1206,2026-01-01,1,3,1,0,39.59,520.0
1242,2026-01-01,1,14,6,0,196.92,26.0
109,2026-01-01,1,4,0,0,0.0,0.0
956,2026-01-01,1,15,2,0,44.27,52.0
1252,2026-01-01,1,13,4,2,100.51,339.0
743,2026-01-01,1,14,2,0,131.62,203.0
451,2026-01-01,1,17,2,0,74.54,3878.0
1022,2026-01-01,1,9,4,0,71.62,78.0
1253,2026-01-01,1,20,4,0,101.14,733.0
220,2026-01-01,1,9,3,0,112.79,0.0
1178,2026-01-01,1,6,2,3,63.8,68.0
205,2026-01-01,1,11,3,0,110.38,261.0
934,2026-01-01,1,16,1,0,5.43,611.0
706,2026-01-01,1,12,1,0,19.81,2155.0
784,2026-01-01,1,14,7,0,186.75,368.0
860,2026-01-01,1,7,2,0,48.05,964.0
24,2026-01-01,1,10,3,0,105.35,1082.0
498,2026-01-01,1,12,5,0,98.03,365.0
135,2026-01-01,1,9,1,0,6.79,226.0
222,2026-01-01,1,4,2,0,56.63,0.0
702,2026-01-01,1,9,2,0,39.18,287.0
1300,2026-01-01,1,11,4,2,119.25,125.0
193,2026-01-01,1,15,5,0,102.28,0.0
1246,2026-01-01,1,13,6,6,117.55,129.0
2,2026-01-01,1,9,4,0,90.08,1480.0
550,2026-01-01,1,13,3,0,118.35,242.0
1121,2026-01-01,1,18,12,3,895.75,861.0
1187,2026-01-01,1,10,1,0,85.86,2021.0
5,2026-01-01,1,12,1,0,118.53,791.0
323,2026-01-01,1,12,4,0,113.65,0.0
1288,2026-01-01,1,7,1,0,46.69,170.0
247,2026-01-01,1,26,8,0,497.45,162.0
395,2026-01-01,1,8,2,0,32.15,51.0
1123,2026-01-01,1,5,3,2,87.48,0.0
696,2026-01-01,1,10,2,0,47.9,1217.0
968,2026-01-01,1,5,0,3,0.0,0.0
666,2026-01-01,1,14,5,1,180.61,242.0
1279,2026-01-01,1,8,0,0,0.0,61.0
1238,2026-01-01,1,11,5,4,170.76,180.0
1186,2026-01-01,1,10,2,11,66.13,98.0
805,2026-01-01,1,5,1,0,61.45,5671.0
286,2026-01-01,1,4,4,0,704.22,0.0
495,2026-01-01,1,4,2,0,48.29,0.0
1114,2026-01-01,1,5,1,5,13.78,0.0
390,2026-01-01,1,11,4,0,131.77,269.0
1080,2026-01-01,1,11,3,1,63.76,292.0
1184,2026-01-01,1,15,7,2,219.06,243.0
546,2026-01-01,1,12,4,0,350.34,0.0
1224,2026-01-01,1,13,5,0,148.16,620.0
379,2026-01-01,1,3,3,0,88.2,0.0
1015,2026-01-01,1,32,3,0,127.51,1364.0
1260,2026-01-01,1,2,0,0,0.0,0.0
430,2026-01-01,1,10,4,0,114.02,0.0
358,2026-01-01,1,14,3,0,137.32,198.0
599,2026-01-01,1,7,2,0,75.95,1816.0
1150,2026-01-01,1,15,6,0,561.23,169.0
1291,2026-01-01,1,14,2,0,68.48,2797.0
1131,2026-01-01,1,3,1,0,12.01,393.0
218,2026-01-01,1,15,4,0,175.93,782.0
1165,2026-01-01,1,5,1,0,11.51,176.0
412,2026-01-01,1,13,4,0,164.76,1315.0
1152,2026-01-01,1,8,2,3,93.06,106.0
466,2026-01-01,1,23,4,0,242.56,489.0
1257,2026-01-01,1,16,3,5,101.79,137.0
1086,2026-01-01,1,17,4,0,164.55,837.0
1071,2026-01-01,1,17,6,0,176.17,315.0
1214,2026-01-01,1,14,2,0,88.4,864.0
173,2026-01-01,1,6,4,0,88.28,0.0
648,2026-01-01,1,6,1,0,157.02,2073.0
847,2026-01-01,1,6,4,0,715.5,0.0
432,2026-01-01,1,11,1,0,51.01,1023.0
722,2026-01-01,1,4,1,0,6.23,299.0
304,2026-01-01,1,15,5,0,85.27,387.0
1286,2026-01-01,1,11,2,2,40.05,162.0
780,2026-01-01,1,10,2,0,110.44,3688.0
751,2026-01-01,1,9,2,0,56.45,700.0
23,2026-01-01,1,6,4,0,525.54,0.0
154,2026-01-01,1,9,7,0,267.55,0.0
906,2026-01-01,1,5,2,0,40.51,106.0
238,2026-01-01,1,20,6,0,134.92,607.0
1128,2026-01-01,1,14,8,0,204.81,411.0
637,2026-01-01,1,4,0,0,0.0,2085.0
1259,2026-01-01,0,0,0,0,0.0,0.0
760,2026-01-01,1,3,1,0,67.13,0.0
1218,2026-01-01,1,2,0,0,0.0,359.0
1156,2026-01-01,1,4,0,0,0.0,71.0
1169,2026-01-01,1,5,1,0,11.32,145.0
633,2026-01-01,1,11,2,0,109.45,753.0
711,2026-01-01,1,1,1,0,54.78,0.0
427,2026-01-01,1,3,0,1,0.0,0.0
731,2026-01-01,1,7,5,0,189.0,0.0
596,2026-01-01,1,4,1,0,30.11,774.0
553,2026-01-01,1,5,3,0,87.75,0.0
556,2026-01-01,1,17,4,0,152.83,2160.0
1193,2026-01-01,1,2,0,0,0.0,0.0
483,2026-01-01,1,12,2,0,106.9,5535.0
391,2026-01-01,1,13,5,0,213.61,0.0
275,2026-01-01,1,11,3,0,45.4,259.0
44,2026-01-01,1,7,0,0,0.0,223.0
1111,2026-01-01,1,6,1,2,26.52,0.0
1058,2026-01-01,1,8,2,0,52.08,2732.0
1162,2026-01-01,1,8,1,1,12.64,192.0
435,2026-01-01,1,11,4,0,91.06,1119.0
1137,2026-01-01,1,7,3,0,54.73,0.0
925,2026-01-01,1,4,2,0,76.93,0.0
1194,2026-01-01,1,10,2,0,27.82,269.0
1276,2026-01-01,1,9,1,1,76.01,567.0
1236,2026-01-01,1,18,8,0,162.71,631.0
1204,2026-01-01,1,13,2,0,102.68,629.0
1283,2026-01-01,1,6,2,0,100.59,482.0
1166,2026-01-01,1,6,2,0,49.28,132.0
1285,2026-01-01,1,5,0,0,0.0,157.0
1179,2026-01-01,1,11,4,0,139.84,141.0
95,2026-01-01,1,13,2,0,64.99,6404.0
508,2026-01-01,1,4,2,0,97.02,0.0
1272,2026-01-01,1,18,6,2,146.36,175.0
245,2026-01-01,1,5,3,0,61.95,0.0
438,2026-01-01,1,13,1,1,38.01,143.0
862,2026-01-01,1,14,4,0,245.1,551.0
17,2026-01-01,1,5,2,0,41.86,976.0
309,2026-01-01,1,9,2,0,438.18,289.0
699,2026-01-01,1,4,1,0,63.46,620.0
1297,2026-01-01,1,5,1,0,12.61,1177.0
1210,2026-01-01,1,5,0,0,0.0,984.0
539,2026-01-01,1,12,4,0,166.39,271.0
1208,2026-01-01,1,10,4,0,121.87,313.0
1188,2026-01-01,1,21,5,0,151.89,735.0
1229,2026-01-01,1,13,7,2,224.7,263.0
329,2026-01-01,1,8,2,0,22.25,0.0
195,2026-01-01,1,8,4,0,230.73,0.0
1170,2026-01-01,1,4,2,4,33.71,40.0
1275,2026-01-01,1,9,2,0,30.44,361.0
1220,2026-01-01,1,7,3,1,110.36,113.0
1250,2026-01-01,1,6,1,0,32.58,337.0
51,2026-01-01,1,4,2,0,149.7,0.0
372,2026-01-01,1,6,2,0,178.96,0.0
1215,2026-01-01,1,4,2,0,75.9,225.0
1212,2026-01-01,1,13,3,0,58.18,184.0
1142,2026-01-01,1,2,0,4,0.0,0.0
328,2026-01-01,1,8,2,0,47.88,0.0
1161,2026-01-01,1,7,3,0,292.53,407.0
1243,2026-01-01,1,8,2,0,17.28,73.0
709,2026-01-01,1,5,2,0,49.64,210.0
1070,2026-01-01,1,6,6,0,239.33,0.0
1294,2026-01-01,1,5,1,0,38.77,69.0
1265,2026-01-01,1,6,2,0,32.69,262.0
1222,2026-01-01,1,8,2,0,55.66,188.0
1240,2026-01-01,1,10,1,0,97.67,345.0
1217,2026-01-01,0,0,0,0,0.0,0.0
1201,2026-01-01,1,13,3,4,108.99,132.0
1255,2026-01-01,0,0,0,0,0.0,0.0
1209,2026-01-01,1,16,3,1,332.36,343.0
713,2026-01-01,1,8,5,0,210.53,355.0
1096,2026-01-01,1,2,0,0,0.0,0.0
453,2026-01-01,1,4,0,0,0.0,0.0
1235,2026-01-01,1,2,0,0,0.0,267.0
228,2026-01-01,1,8,1,0,41.87,266.0
497,2026-01-01,1,4,0,0,0.0,0.0
461,2026-01-01,1,6,1,0,98.99,576.0
1237,2026-01-01,0,0,0,0,0.0,0.0
572,2026-01-01,1,11,1,0,84.59,8083.0
656,2026-01-01,1,2,0,0,0.0,0.0
532,2026-01-01,1,5,0,0,0.0,757.0
1168,2026-01-01,1,4,0,0,0.0,955.0
1153,2026-01-01,1,2,0,0,0.0,0.0
1176,2026-01-01,1,8,0,0,0.0,735.0
1292,2026-01-01,1,3,1,0,17.86,553.0
988,2026-01-01,1,5,5,0,157.11,0.0
1213,2026-01-01,1,7,0,0,0.0,106.0
326,2026-01-01,1,4,0,0,0.0,0.0
1195,2026-01-01,1,4,2,0,172.16,260.0
1248,2026-01-01,1,7,5,0,130.81,305.0
258,2026-01-01,1,2,2,0,62.1,0.0
1266,2026-01-01,1,4,2,0,84.04,108.0
57,2026-01-01,1,7,0,0,0.0,467.0
1280,2026-01-01,1,5,1,0,22.61,704.0
1271,2026-01-01,1,4,2,2,62.91,63.0
1241,2026-01-01,1,2,0,0,0.0,115.0
499,2026-01-01,0,0,0,0,0.0,0.0
716,2026-01-01,1,4,0,0,0.0,0.0
1207,2026-01-01,1,8,3,0,69.24,256.0
1258,2026-01-01,1,3,1,0,13.69,669.0
1192,2026-01-01,1,7,3,0,87.03,141.0
1167,2026-01-01,1,7,1,0,14.87,317.0
1199,2026-01-01,1,4,0,0,0.0,0.0
1226,2026-01-01,0,0,0,0,0.0,0.0
1262,2026-01-01,1,4,2,0,61.82,384.0
1277,2026-01-01,1,5,1,0,28.92,440.0
1268,2026-01-01,0,0,0,0,0.0,0.0
1231,2026-01-01,0,0,0,0,0.0,0.0
1200,2026-01-01,0,0,0,0,0.0,0.0
1273,2026-01-01,1,3,1,0,11.49,156.0
1298,2026-01-01,1,6,2,0,67.42,94.0
1263,2026-01-01,1,12,4,0,69.48,265.0
1278,2026-01-01,0,0,0,0,0.0,0.0
1154,2026-01-01,1,4,0,0,0.0,3707.0
1211,2026-01-01,1,3,1,0,65.6,133.0
1296,2026-01-01,1,3,1,0,48.15,81.0
1221,2026-01-01,1,6,1,0,26.6,3820.0
1274,2026-01-01,1,2,0,0,0.0,0.0
610,2026-01-01,1,8,0,0,0.0,9535.0
1239,2026-01-01,1,4,0,0,0.0,109.0
1164,2026-01-01,1,3,1,0,15.33,101.0
1171,2026-01-01,1,2,0,0,0.0,0.0
1249,2026-01-01,1,4,0,0,0.0,255.0
1228,2026-01-01,1,4,0,0,0.0,152.0
1245,2026-01-01,0,0,0,0,0.0,0.0
1230,2026-01-01,1,7,1,0,11.97,508.0
198,2026-01-01,1,4,0,0,0.0,0.0
1295,2026-01-01,1,3,1,0,30.12,152.0
1090,2026-01-01,1,2,0,0,0.0,0.0
1282,2026-01-01,1,2,0,0,0.0,82.0
302,2026-01-01,1,4,0,0,0.0,0.0
1251,2026-01-01,1,2,0,0,0.0,336.0
1155,2026-01-01,1,2,0,0,0.0,312.0
1181,2026-01-01,1,2,0,0,0.0,983.0
1264,2026-01-01,1,2,0,0,0.0,0.0
1261,2026-01-01,1,2,0,0,0.0,331.0
1202,2026-01-01,1,3,1,0,11.21,143.0
1281,2026-01-01,1,2,0,0,0.0,104.0
1173,2026-01-01,0,0,0,0,0.0,0.0
1185,2026-01-01,0,0,0,0,0.0,0.0
1289,2026-01-01,0,0,0,0,0.0,0.0
1234,2026-01-01,1,2,0,0,0.0,72.0
1247,2026-01-01,0,0,0,0,0.0,0.0
1197,2026-01-01,0,0,0,0,0.0,0.0
371,2026-01-01,1,4,0,0,0.0,0.0
1174,2026-01-01,0,0,0,0,0.0,0.0
1189,2026-01-01,0,0,0,0,0.0,0.0
1196,2026-01-01,0,0,0,0,0.0,0.0
1225,2026-01-01,0,0,0,0,0.0,0.0
1172,2026-01-01,0,0,0,0,0.0,0.0
1293,2026-01-01,0,0,0,0,0.0,0.0
1205,2026-01-01,0,0,0,0,0.0,0.0
1284,2026-01-01,0,0,0,0,0.0,0.0
1358,2026-02-01,1,8,1,0,30.01,4246.0
1266,2026-02-01,1,21,6,2,148.01,972.0
1335,2026-02-01,1,19,8,0,261.6,738.0
1245,2026-02-01,1,25,10,0,775.33,2576.33
1361,2026-02-01,1,4,2,1,27.89,53.0
823,2026-02-01,1,35,16,0,760.34,3051.03
150,2026-02-01,1,19,2,0,41.73,2978.0
1231,2026-02-01,1,14,4,0,64.36,688.0
21,2026-02-01,1,23,9,0,381.79,2085.13
22,2026-02-01,1,39,13,0,645.7,2991.93
38,2026-02-01,1,23,12,0,436.52,2162.23
45,2026-02-01,1,28,14,0,847.51,1882.44
102,2026-02-01,1,23,8,0,329.4,2342.68
160,2026-02-01,1,25,12,0,333.0,2826.53
202,2026-02-01,1,22,11,0,465.07,2360.75
239,2026-02-01,1,17,10,0,530.95,2156.9
242,2026-02-01,1,28,9,0,414.55,2222.39
265,2026-02-01,1,25,6,0,220.49,1735.83
299,2026-02-01,1,30,11,0,607.16,2031.06
317,2026-02-01,1,35,20,0,1350.79,2481.24
429,2026-02-01,1,24,8,0,502.64,2053.8
632,2026-02-01,1,27,14,0,519.9,1923.51
677,2026-02-01,1,20,11,0,409.14,2109.16
686,2026-02-01,1,29,7,0,233.93,1866.67
790,2026-02-01,1,35,16,0,518.04,1978.21
829,2026-02-01,1,21,8,0,309.6,3784.65
839,2026-02-01,1,33,18,0,715.11,1614.05
867,2026-02-01,1,36,19,0,814.46,2471.37
917,2026-02-01,1,35,12,0,488.34,1333.77
974,2026-02-01,1,42,8,0,194.71,2919.0
986,2026-02-01,1,25,12,0,657.38,1763.63
1027,2026-02-01,1,41,23,0,1219.21,2270.49
1139,2026-02-01,1,28,15,0,608.82,2342.64
1152,2026-02-01,1,21,8,0,402.16,1716.84
1177,2026-02-01,1,32,12,0,341.34,1775.5
1238,2026-02-01,1,22,11,3,486.17,1708.25
485,2026-02-01,1,16,5,0,184.19,66.0
62,2026-02-01,1,22,13,0,410.41,2155.93
75,2026-02-01,1,31,16,0,516.37,2936.78
88,2026-02-01,1,33,13,0,519.47,2204.83
98,2026-02-01,1,24,15,0,455.47,3117.77
117,2026-02-01,1,23,13,0,462.82,2039.23
408,2026-02-01,1,27,9,0,404.75,1906.1
417,2026-02-01,1,30,17,0,649.87,5163.95
512,2026-02-01,1,24,15,0,743.28,2248.5
513,2026-02-01,1,24,9,0,265.38,2655.87
523,2026-02-01,1,34,19,0,1280.34,1666.31
548,2026-02-01,1,28,17,0,1010.58,2429.37
552,2026-02-01,1,47,23,0,956.29,2281.48
560,2026-02-01,1,27,11,0,321.54,2827.22
588,2026-02-01,1,31,12,0,462.51,2044.44
591,2026-02-01,1,27,14,0,1104.56,1432.84
614,2026-02-01,1,34,16,0,768.07,1632.12
615,2026-02-01,1,33,17,0,753.97,3085.23
739,2026-02-01,1,28,13,0,544.78,2541.44
775,2026-02-01,1,24,9,0,277.85,2469.01
796,2026-02-01,1,23,10,0,289.45,3316.28
833,2026-02-01,1,23,12,0,676.77,2008.22
838,2026-02-01,1,28,14,0,590.44,1863.68
892,2026-02-01,1,29,13,0,515.21,2686.47
928,2026-02-01,1,27,11,3,457.32,2400.22
1078,2026-02-01,1,20,11,6,947.6,2324.61
1103,2026-02-01,1,28,7,0,237.31,1749.9
1194,2026-02-01,1,25,13,8,1074.41,2304.14
1201,2026-02-01,1,39,14,3,504.27,2216.32
1216,2026-02-01,1,24,14,0,516.57,2397.91
1219,2026-02-01,1,24,11,0,274.52,2189.46
1234,2026-02-01,1,21,14,0,532.0,1910.25
1243,2026-02-01,1,28,13,0,592.18,1775.2
398,2026-02-01,1,23,14,0,292.45,2023.72
352,2026-02-01,1,32,19,0,741.27,2159.78
1212,2026-02-01,1,32,18,0,629.63,2694.16
594,2026-02-01,1,34,19,0,539.06,1684.33
1314,2026-02-01,1,21,4,0,109.19,899.0
81,2026-02-01,1,32,15,0,426.27,2200.31
647,2026-02-01,1,31,18,0,944.21,2617.28
189,2026-02-01,1,22,11,2,862.38,1673.57
1227,2026-02-01,1,41,12,1,293.89,2347.93
652,2026-02-01,1,17,1,3,169.27,760.0
509,2026-02-01,1,23,6,0,284.63,1528.22
76,2026-02-01,1,34,19,0,828.04,2410.53
576,2026-02-01,1,41,18,1,934.54,1642.51
911,2026-02-01,1,29,14,4,426.01,1233.77
107,2026-02-01,1,33,10,5,601.8,1397.16
155,2026-02-01,1,28,14,0,521.87,2453.61
12,2026-02-01,1,34,19,0,717.87,2291.84
40,2026-02-01,1,36,17,0,1270.41,4363.36
178,2026-02-01,1,31,16,0,961.25,2515.51
241,2026-02-01,1,29,16,0,1220.66,1689.23
278,2026-02-01,1,25,10,0,497.64,1609.6
316,2026-02-01,1,26,13,0,493.05,1870.16
342,2026-02-01,1,23,12,0,410.02,2718.09
424,2026-02-01,1,35,16,1,842.93,1600.41
506,2026-02-01,1,26,13,4,371.52,1533.35
530,2026-02-01,1,33,16,0,843.12,2477.89
568,2026-02-01,1,29,16,0,652.12,2031.97
579,2026-02-01,1,31,16,0,485.72,2311.61
621,2026-02-01,1,27,14,0,634.89,2647.35
697,2026-02-01,1,29,15,0,445.3,2149.42
712,2026-02-01,1,35,20,0,792.49,2085.84
758,2026-02-01,1,26,16,0,660.02,1446.48
793,2026-02-01,1,25,8,0,147.72,1963.71
873,2026-02-01,1,33,20,1,896.72,2105.36
897,2026-02-01,1,20,13,0,465.97,2007.59
907,2026-02-01,1,27,12,0,270.98,2668.83
938,2026-02-01,1,35,16,0,507.53,2616.21
972,2026-02-01,1,36,15,0,753.42,2097.25
978,2026-02-01,1,28,15,0,616.09,2207.84
998,2026-02-01,1,31,18,0,1004.18,1885.42
1033,2026-02-01,1,31,16,0,524.43,2163.98
1044,2026-02-01,1,36,15,0,729.49,2925.78
1087,2026-02-01,1,34,17,0,976.38,2726.23
1092,2026-02-01,1,21,8,0,380.95,2052.51
1097,2026-02-01,1,22,7,0,211.02,3019.0
1121,2026-02-01,1,32,12,0,400.85,2873.6
1183,2026-02-01,1,28,15,0,886.88,2975.09
1186,2026-02-01,1,30,17,0,702.19,1691.13
1188,2026-02-01,1,27,16,0,492.73,1765.83
264,2026-02-01,1,14,2,0,47.09,207.0
1281,2026-02-01,1,14,3,0,73.44,667.0
24,2026-02-01,1,13,2,0,59.18,938.0
418,2026-02-01,1,32,13,0,438.82,1643.25
262,2026-02-01,1,30,16,0,548.59,2092.44
708,2026-02-01,1,25,10,0,407.28,1701.35
295,2026-02-01,1,33,18,0,465.48,1822.02
672,2026-02-01,1,12,2,0,73.68,0.0
635,2026-02-01,1,2,0,4,0.0,0.0
1003,2026-02-01,1,14,6,0,166.71,0.0
1286,2026-02-01,1,10,3,0,128.37,171.0
163,2026-02-01,1,11,1,0,36.68,2895.0
1269,2026-02-01,1,6,0,0,0.0,0.0
960,2026-02-01,1,35,15,0,445.57,3511.62
18,2026-02-01,1,19,13,0,549.06,1657.78
79,2026-02-01,1,26,17,0,769.89,1621.33
184,2026-02-01,1,33,14,0,482.15,2225.24
274,2026-02-01,1,36,21,0,723.86,3521.3
357,2026-02-01,1,27,11,0,320.65,2891.14
415,2026-02-01,1,32,15,3,640.71,1656.17
486,2026-02-01,1,29,12,0,421.24,2377.49
503,2026-02-01,1,27,15,0,786.99,1682.7
580,2026-02-01,1,25,10,0,529.02,2397.12
657,2026-02-01,1,32,10,0,288.6,2167.85
663,2026-02-01,1,37,12,0,789.88,2120.95
698,2026-02-01,1,33,15,0,679.29,1944.79
705,2026-02-01,1,28,15,0,455.63,2659.85
766,2026-02-01,1,20,12,0,381.74,1536.82
801,2026-02-01,1,34,14,0,544.5,2875.92
821,2026-02-01,1,31,12,0,439.51,2581.79
1013,2026-02-01,1,28,15,0,645.94,2975.4
1115,2026-02-01,1,33,11,0,354.35,2208.32
1120,2026-02-01,1,33,16,0,608.14,1902.28
1125,2026-02-01,1,27,13,0,829.21,2637.28
1151,2026-02-01,1,21,14,1,600.28,1660.75
1024,2026-02-01,1,31,10,0,304.52,2541.63
557,2026-02-01,1,27,16,0,445.94,2059.78
1158,2026-02-01,1,29,10,1,654.96,2690.77
1025,2026-02-01,1,46,19,0,780.43,3878.96
425,2026-02-01,1,25,12,0,656.39,2368.21
141,2026-02-01,1,26,14,0,830.81,1468.23
815,2026-02-01,1,25,14,0,322.99,1821.59
653,2026-02-01,1,24,15,0,649.75,1702.03
626,2026-02-01,1,34,15,0,418.06,2123.41
78,2026-02-01,1,7,2,0,94.4,51.0
230,2026-02-01,1,35,19,0,635.62,3074.43
283,2026-02-01,1,24,10,0,363.7,2186.46
374,2026-02-01,1,12,8,0,289.05,0.0
769,2026-02-01,1,27,11,0,439.23,2830.08
723,2026-02-01,1,30,15,0,519.23,2593.31
884,2026-02-01,1,23,13,0,647.25,2149.51
673,2026-02-01,1,30,7,9,231.49,2096.91
841,2026-02-01,1,38,20,0,707.08,2395.74
645,2026-02-01,1,26,14,0,404.25,1609.79
527,2026-02-01,1,27,12,0,679.4,1521.98
570,2026-02-01,1,27,6,0,194.02,402.0
893,2026-02-01,1,19,6,0,234.7,51.0
606,2026-02-01,1,22,8,0,203.25,1019.0
975,2026-02-01,1,23,6,0,148.18,153.0
871,2026-02-01,1,45,22,0,913.66,3536.28
860,2026-02-01,1,4,1,0,45.22,2872.0
275,2026-02-01,1,15,9,0,168.05,0.0
104,2026-02-01,1,6,6,0,524.48,2283.93
362,2026-02-01,1,20,15,0,742.72,1774.45
1145,2026-02-01,1,23,5,6,735.89,1906.43
359,2026-02-01,1,38,15,0,564.12,3056.76
748,2026-02-01,1,37,17,0,829.82,2622.42
750,2026-02-01,1,34,10,5,436.97,1824.56
267,2026-02-01,1,36,16,0,486.33,3061.37
824,2026-02-01,1,29,12,0,431.39,2134.58
511,2026-02-01,1,33,13,4,406.23,1576.7
1192,2026-02-01,1,29,10,5,476.98,1810.98
414,2026-02-01,1,3,1,0,13.25,0.0
1257,2026-02-01,1,34,13,1,853.6,3681.21
905,2026-02-01,1,22,6,1,175.69,1613.54
331,2026-02-01,1,42,19,0,631.06,2188.04
158,2026-02-01,1,30,19,0,579.72,1992.88
963,2026-02-01,1,23,8,1,195.46,1471.0
1137,2026-02-01,1,28,9,0,234.66,472.0
495,2026-02-01,1,14,0,0,0.0,2428.0
920,2026-02-01,1,24,9,0,169.6,1916.54
732,2026-02-01,1,29,15,0,518.24,1913.63
932,2026-02-01,1,22,3,0,202.43,769.0
807,2026-02-01,1,31,9,0,239.41,645.0
952,2026-02-01,1,37,11,0,261.62,2817.72
812,2026-02-01,1,22,9,0,566.29,1805.02
334,2026-02-01,1,37,20,0,694.18,2141.08
504,2026-02-01,1,41,16,1,729.79,2259.31
656,2026-02-01,1,12,4,0,73.25,0.0
749,2026-02-01,1,23,12,2,444.71,1369.43
1230,2026-02-01,1,31,19,0,672.99,2071.12
1263,2026-02-01,1,30,13,0,848.31,2463.85
454,2026-02-01,1,12,5,0,223.66,36.0
773,2026-02-01,1,32,21,0,808.81,1331.35
1015,2026-02-01,1,7,3,0,82.4,0.0
751,2026-02-01,1,6,3,0,102.96,1724.0
681,2026-02-01,1,16,7,0,189.03,354.0
651,2026-02-01,1,8,6,0,199.67,0.0
1022,2026-02-01,1,18,6,0,182.6,816.0
822,2026-02-01,1,28,12,1,397.84,2630.68
365,2026-02-01,1,13,3,0,82.15,418.0
310,2026-02-01,1,35,20,0,871.29,2443.96
721,2026-02-01,1,24,12,0,417.32,1954.36
507,2026-02-01,1,34,17,0,619.64,1741.78
780,2026-02-01,1,8,4,0,155.05,0.0
678,2026-02-01,1,21,7,0,231.48,3471.42
818,2026-02-01,1,23,14,0,465.11,2589.33
1155,2026-02-01,1,28,11,0,536.15,2774.8
187,2026-02-01,1,37,14,0,735.88,2352.9
561,2026-02-01,1,36,15,0,550.74,3028.92
922,2026-02-01,1,30,11,0,357.06,3299.46
1117,2026-02-01,1,3,3,0,133.25,0.0
1023,2026-02-01,1,29,10,0,476.98,2023.1
508,2026-02-01,1,6,1,0,60.26,1717.0
814,2026-02-01,1,38,18,0,977.25,2377.85
100,2026-02-01,1,14,2,0,228.73,718.0
199,2026-02-01,1,13,6,0,167.35,88.0
837,2026-02-01,1,10,3,0,71.33,758.0
915,2026-02-01,1,6,3,0,153.84,46.0
356,2026-02-01,1,18,7,0,565.68,67.0
67,2026-02-01,1,33,16,0,724.81,2227.95
641,2026-02-01,1,37,18,0,1075.12,2673.0
406,2026-02-01,1,30,16,0,405.18,3776.18
1301,2026-02-01,1,27,14,0,336.12,1584.66
997,2026-02-01,1,23,12,1,745.78,2289.5
111,2026-02-01,1,27,14,0,540.44,1664.43
791,2026-02-01,1,17,9,0,418.97,346.0
881,2026-02-01,1,43,17,0,1072.91,2435.16
595,2026-02-01,1,31,10,0,629.64,1503.83
95,2026-02-01,1,12,1,0,5.15,943.0
437,2026-02-01,1,8,4,0,132.86,0.0
123,2026-02-01,1,28,16,0,724.18,3269.97
753,2026-02-01,1,24,5,0,100.55,431.0
459,2026-02-01,1,34,11,0,240.61,2558.25
624,2026-02-01,1,23,10,0,301.02,2075.17
1258,2026-02-01,1,17,5,0,203.92,290.0
1076,2026-02-01,1,32,16,2,1022.17,2891.23
861,2026-02-01,1,9,5,0,272.73,0.0
604,2026-02-01,1,22,15,0,749.0,2139.2
148,2026-02-01,1,18,8,0,441.62,0.0
201,2026-02-01,1,10,3,0,169.47,638.0
1004,2026-02-01,1,21,3,0,74.02,740.0
878,2026-02-01,1,29,13,1,361.18,1641.22
718,2026-02-01,1,24,8,0,230.55,340.0
420,2026-02-01,1,29,12,0,612.33,2054.71
380,2026-02-01,1,33,16,0,423.38,2720.54
809,2026-02-01,1,35,16,0,1350.97,2173.45
759,2026-02-01,1,23,12,0,565.85,1759.54
693,2026-02-01,1,22,9,0,322.67,2064.57
553,2026-02-01,1,17,4,0,95.59,340.0
564,2026-02-01,1,36,15,0,573.62,1776.76
145,2026-02-01,1,32,19,0,602.02,2058.33
991,2026-02-01,1,14,4,0,202.54,4534.0
534,2026-02-01,1,22,9,0,414.47,1770.59
558,2026-02-01,1,30,13,0,332.08,3658.25
68,2026-02-01,1,27,16,0,620.7,1743.36
1299,2026-02-01,1,8,6,0,100.56,0.0
958,2026-02-01,1,38,21,0,919.85,1985.74
482,2026-02-01,1,29,5,0,105.25,2477.75
355,2026-02-01,1,27,11,0,322.92,3354.22
1198,2026-02-01,1,15,4,0,89.2,41.0
266,2026-02-01,1,25,10,0,403.68,1933.5
72,2026-02-01,1,14,5,0,120.76,272.0
1190,2026-02-01,1,13,1,0,69.07,9717.0
984,2026-02-01,1,39,18,1,929.43,1665.87
676,2026-02-01,1,38,11,0,343.17,3696.81
1149,2026-02-01,1,25,12,1,504.66,1781.0
679,2026-02-01,1,29,12,0,468.89,3871.87
465,2026-02-01,1,13,2,0,105.95,470.0
11,2026-02-01,1,26,19,0,627.16,2062.2
321,2026-02-01,1,33,14,0,602.71,1367.32
774,2026-02-01,1,18,9,0,362.25,2666.76
733,2026-02-01,1,34,18,0,803.12,2179.32
328,2026-02-01,1,16,5,0,268.49,674.0
1017,2026-02-01,1,19,2,0,41.74,857.0
989,2026-02-01,1,27,16,0,546.45,2627.82
1042,2026-02-01,1,15,6,0,516.05,122.0
58,2026-02-01,1,30,15,0,756.68,2569.86
977,2026-02-01,1,23,12,0,560.78,2724.8
968,2026-02-01,1,13,1,6,15.01,43.0
912,2026-02-01,1,15,7,0,239.52,0.0
942,2026-02-01,1,32,17,0,940.1,2357.78
1068,2026-02-01,1,36,13,0,506.83,2333.99
1254,2026-02-01,1,24,10,1,639.1,3760.1
1150,2026-02-01,1,23,4,0,104.36,865.0
910,2026-02-01,1,14,7,0,190.25,267.0
1035,2026-02-01,1,33,11,0,490.28,2106.03
589,2026-02-01,1,29,16,0,447.82,2315.64
813,2026-02-01,1,24,15,0,473.74,1420.7
966,2026-02-01,1,24,13,0,679.71,1778.3
1000,2026-02-01,1,16,9,1,262.24,2448.5
1228,2026-02-01,1,33,15,0,547.7,3047.82
489,2026-02-01,1,32,13,0,611.35,1917.4
1079,2026-02-01,1,39,20,0,2187.98,1821.91
789,2026-02-01,1,24,11,0,386.82,1386.95
644,2026-02-01,1,20,11,2,321.48,2071.95
1051,2026-02-01,1,36,19,0,728.3,2583.47
167,2026-02-01,1,39,12,0,420.49,2275.79
61,2026-02-01,1,15,4,0,109.59,731.0
293,2026-02-01,1,29,13,0,460.55,2731.24
304,2026-02-01,1,20,9,0,521.49,642.0
419,2026-02-01,1,8,0,0,0.0,0.0
1138,2026-02-01,1,3,1,5,23.62,0.0
659,2026-02-01,1,15,4,0,144.31,218.0
1043,2026-02-01,1,26,15,0,858.73,1555.57
4,2026-02-01,1,22,4,0,77.89,382.0
92,2026-02-01,1,20,8,0,452.25,625.0
856,2026-02-01,1,33,18,0,1298.35,1830.45
1213,2026-02-01,1,6,2,4,98.69,98.0
526,2026-02-01,1,20,3,0,179.43,882.0
662,2026-02-01,1,31,14,0,536.28,1647.95
1300,2026-02-01,1,23,12,2,841.81,2653.79
976,2026-02-01,1,15,1,5,24.14,0.0
87,2026-02-01,1,31,14,0,764.53,1310.05
335,2026-02-01,1,29,14,0,569.74,2420.72
629,2026-02-01,1,39,10,0,347.16,2349.5
845,2026-02-01,1,29,14,0,715.31,2706.42
827,2026-02-01,1,19,14,2,453.61,1617.51
865,2026-02-01,1,18,2,0,130.89,3950.0
1046,2026-02-01,1,22,7,0,217.18,978.0
1009,2026-02-01,1,26,12,0,592.44,2776.19
1129,2026-02-01,1,6,4,0,127.57,0.0
792,2026-02-01,1,26,15,0,612.95,3156.14
450,2026-02-01,1,17,6,0,374.62,845.0
590,2026-02-01,1,36,17,0,1071.19,2645.65
962,2026-02-01,1,33,20,0,1055.91,2896.6
601,2026-02-01,1,27,18,0,575.67,3299.91
375,2026-02-01,1,25,11,0,720.76,2008.99
1110,2026-02-01,1,29,12,0,393.81,2346.28
674,2026-02-01,1,36,21,0,1047.53,2508.31
1209,2026-02-01,1,30,14,0,399.5,2682.22
296,2026-02-01,1,16,3,0,79.75,241.0
1041,2026-02-01,1,10,5,0,211.24,320.0
768,2026-02-01,1,21,4,0,75.72,1688.0
151,2026-02-01,1,37,19,0,1240.64,2461.75
1111,2026-02-01,1,13,1,1,13.36,378.0
390,2026-02-01,1,13,5,0,184.48,497.0
1141,2026-02-01,1,33,16,0,695.6,2976.0
1050,2026-02-01,1,31,13,0,395.71,2237.71
15,2026-02-01,1,22,7,0,435.73,2360.79
248,2026-02-01,1,9,4,0,185.26,1148.0
729,2026-02-01,1,26,15,0,754.47,2243.13
17,2026-02-01,1,9,3,0,142.91,0.0
847,2026-02-01,1,17,5,0,146.92,683.0
949,2026-02-01,1,27,14,0,729.66,3229.02
1298,2026-02-01,1,23,15,0,836.71,1741.28
687,2026-02-01,1,12,4,0,129.32,0.0
618,2026-02-01,1,39,15,0,430.43,2262.54
521,2026-02-01,1,26,13,0,837.05,1636.2
593,2026-02-01,1,10,5,0,184.71,233.0
1133,2026-02-01,1,20,4,0,125.67,2171.0
247,2026-02-01,1,20,5,0,189.22,473.0
1261,2026-02-01,1,33,13,0,571.66,1696.04
1109,2026-02-01,1,37,16,0,571.92,2319.34
288,2026-02-01,1,32,15,2,447.77,1671.78
683,2026-02-01,1,28,5,0,102.99,1332.0
439,2026-02-01,1,21,12,0,554.73,1945.61
1239,2026-02-01,1,30,18,0,680.01,2565.06
987,2026-02-01,1,14,4,1,150.68,0.0
957,2026-02-01,1,18,6,0,207.18,0.0
209,2026-02-01,1,38,17,0,760.95,1711.14
756,2026-02-01,1,14,9,1,329.85,135.0
924,2026-02-01,1,11,1,0,64.09,0.0
1232,2026-02-01,1,12,4,0,181.79,3669.0
29,2026-02-01,1,13,2,0,153.6,371.0
223,2026-02-01,1,10,5,0,166.78,204.0
291,2026-02-01,1,37,13,2,294.63,2242.4
700,2026-02-01,1,36,18,0,598.96,1737.7
862,2026-02-01,1,10,2,0,32.72,53.0
728,2026-02-01,1,12,4,0,132.71,0.0
403,2026-02-01,1,31,13,0,424.87,2016.0
1208,2026-02-01,1,17,8,0,472.99,2434.94
351,2026-02-01,1,16,3,0,111.57,467.0
531,2026-02-01,1,24,16,0,1013.04,2092.23
101,2026-02-01,1,11,1,0,210.96,0.0
346,2026-02-01,1,17,9,0,721.33,0.0
1318,2026-02-01,1,13,1,9,49.79,132.0
1095,2026-02-01,1,16,6,0,190.25,298.0
9,2026-02-01,1,25,15,0,753.96,1455.58
70,2026-02-01,1,36,13,0,797.42,1956.35
83,2026-02-01,1,28,9,0,337.64,2862.43
174,2026-02-01,1,20,11,0,425.07,2555.99
287,2026-02-01,1,25,16,0,770.93,2124.57
377,2026-02-01,1,31,12,0,695.72,1398.65
431,2026-02-01,1,26,10,0,533.87,1792.15
433,2026-02-01,1,19,8,0,420.32,2535.65
611,2026-02-01,1,31,10,0,392.93,2909.16
619,2026-02-01,1,25,12,0,371.83,1973.75
649,2026-02-01,1,26,12,0,911.63,2329.76
664,2026-02-01,1,36,22,0,931.05,2357.83
883,2026-02-01,1,27,14,0,509.52,3291.01
944,2026-02-01,1,28,17,0,577.77,1624.16
996,2026-02-01,1,31,16,0,658.14,2145.1
1008,2026-02-01,1,29,13,0,478.57,2315.56
1053,2026-02-01,1,23,14,0,351.81,1432.22
1054,2026-02-01,1,33,11,0,477.4,2164.08
1091,2026-02-01,1,29,14,0,751.45,1252.24
1220,2026-02-01,1,28,20,0,841.87,1954.75
1223,2026-02-01,1,25,11,0,838.36,1905.3
1246,2026-02-01,1,25,14,0,321.3,2717.94
1031,2026-02-01,1,17,5,0,136.28,557.0
650,2026-02-01,1,30,5,0,183.51,2224.21
8,2026-02-01,1,22,9,0,359.34,2290.1
307,2026-02-01,1,32,21,0,917.64,2146.01
770,2026-02-01,1,23,9,9,307.34,1368.57
802,2026-02-01,1,35,12,1,373.14,1929.95
877,2026-02-01,1,32,16,0,531.71,2807.67
1135,2026-02-01,1,26,19,0,781.24,2669.48
1113,2026-02-01,1,9,3,0,79.76,0.0
737,2026-02-01,1,9,5,0,249.89,0.0
740,2026-02-01,1,8,4,0,83.64,0.0
1387,2026-02-01,0,0,0,0,0.0,0.0
491,2026-02-01,1,31,14,2,450.15,1122.26
1067,2026-02-01,1,9,2,0,67.6,1964.0
1020,2026-02-01,1,9,2,0,63.92,269.0
66,2026-02-01,1,30,16,0,496.5,1624.86
277,2026-02-01,1,25,12,0,359.74,2721.99
289,2026-02-01,1,31,16,0,556.66,2222.01
292,2026-02-01,1,35,19,0,815.06,3182.6
330,2026-02-01,1,33,14,4,547.63,1583.05
332,2026-02-01,1,33,17,0,722.84,2701.88
336,2026-02-01,1,30,13,0,406.03,2954.66
402,2026-02-01,1,26,15,0,697.17,2155.51
472,2026-02-01,1,36,16,0,1061.36,3747.19
765,2026-02-01,1,22,11,0,458.48,1864.6
1032,2026-02-01,1,25,14,0,723.02,2591.08
1148,2026-02-01,1,23,8,2,646.56,1553.94
1265,2026-02-01,1,32,13,1,430.16,1558.42
643,2026-02-01,1,13,5,0,89.71,363.0
1250,2026-02-01,1,13,2,0,100.94,41.0
423,2026-02-01,1,29,12,0,851.87,1976.19
800,2026-02-01,1,18,3,0,90.22,396.0
256,2026-02-01,1,12,4,0,98.33,0.0
948,2026-02-01,1,21,11,0,564.54,2435.03
1253,2026-02-01,1,12,4,0,79.75,717.0
1153,2026-02-01,1,2,0,0,0.0,0.0
1037,2026-02-01,1,10,5,0,108.9,134.0
541,2026-02-01,1,33,19,0,922.67,2219.42
34,2026-02-01,1,35,16,0,555.05,1151.64
47,2026-02-01,1,30,17,0,570.71,1382.68
63,2026-02-01,1,28,15,0,437.69,2260.15
94,2026-02-01,1,23,12,0,430.48,2199.12
175,2026-02-01,1,11,4,0,221.45,2644.96
180,2026-02-01,1,29,17,0,1452.81,3133.3
279,2026-02-01,1,29,16,0,582.42,2582.06
457,2026-02-01,1,31,15,0,589.54,1535.12
469,2026-02-01,1,32,9,4,343.33,1860.34
473,2026-02-01,1,28,15,0,465.09,2600.16
559,2026-02-01,1,20,12,2,686.52,1408.05
762,2026-02-01,1,30,11,0,343.87,1980.77
1098,2026-02-01,1,28,13,0,313.67,2068.32
931,2026-02-01,1,4,1,5,39.83,0.0
799,2026-02-01,1,26,10,0,469.02,3433.91
143,2026-02-01,1,38,21,0,847.09,2055.92
703,2026-02-01,1,7,2,0,95.23,80.0
906,2026-02-01,1,7,3,1,111.08,0.0
251,2026-02-01,1,17,13,0,1025.1,1769.34
954,2026-02-01,1,22,13,1,516.32,1411.49
411,2026-02-01,1,38,15,0,693.53,1444.21
13,2026-02-01,1,36,19,0,667.11,2220.36
1162,2026-02-01,1,23,4,0,99.48,940.0
1006,2026-02-01,1,13,5,1,187.63,151.0
639,2026-02-01,1,23,12,3,440.54,1586.16
1236,2026-02-01,1,32,19,0,790.45,2234.16
120,2026-02-01,1,16,11,0,508.91,1245.39
1166,2026-02-01,1,6,2,5,53.29,0.0
689,2026-02-01,1,29,12,0,496.16,2251.65
312,2026-02-01,1,15,3,0,136.91,4130.0
1275,2026-02-01,1,8,3,0,195.4,105.0
466,2026-02-01,1,16,5,0,226.15,621.0
157,2026-02-01,1,14,11,0,340.35,351.0
726,2026-02-01,1,27,18,0,693.46,1282.17
435,2026-02-01,1,19,4,0,140.94,437.0
484,2026-02-01,1,27,15,0,397.22,1878.19
1262,2026-02-01,1,21,5,0,148.76,219.0
55,2026-02-01,1,28,6,0,149.31,1338.0
1146,2026-02-01,1,14,2,0,42.23,741.0
965,2026-02-01,1,16,5,0,102.68,1021.0
263,2026-02-01,1,26,15,0,486.36,3303.53
490,2026-02-01,1,37,15,0,653.07,2356.12
271,2026-02-01,1,19,7,0,617.88,1913.58
488,2026-02-01,1,30,4,0,416.34,1226.0
305,2026-02-01,1,28,12,0,500.2,1976.23
994,2026-02-01,1,15,3,3,46.83,274.0
1069,2026-02-01,1,28,11,0,405.51,1824.17
93,2026-02-01,1,19,2,0,60.04,406.0
280,2026-02-01,1,20,11,0,1145.83,1821.33
127,2026-02-01,1,22,5,0,154.06,296.0
743,2026-02-01,1,16,2,0,38.44,882.0
853,2026-02-01,1,6,3,0,83.6,912.0
808,2026-02-01,1,2,0,6,0.0,0.0
1144,2026-02-01,1,14,4,0,161.48,386.0
268,2026-02-01,1,13,4,0,102.05,1631.0
245,2026-02-01,1,12,4,0,111.07,331.0
443,2026-02-01,1,16,6,0,167.31,823.0
152,2026-02-01,1,35,16,0,729.98,3758.94
714,2026-02-01,1,10,4,2,89.03,0.0
951,2026-02-01,1,16,6,0,187.98,448.0
1224,2026-02-01,1,35,12,0,446.1,2395.52
1112,2026-02-01,1,24,7,0,150.77,418.0
6,2026-02-01,1,20,15,0,933.79,2278.27
1005,2026-02-01,1,12,4,0,133.34,0.0
1118,2026-02-01,1,13,5,2,207.86,433.0
895,2026-02-01,1,17,2,0,51.66,82.0
933,2026-02-01,1,20,13,0,565.95,41.0
214,2026-02-01,1,11,1,0,44.81,0.0
969,2026-02-01,1,14,2,0,71.04,85.0
764,2026-02-01,1,15,3,0,106.37,818.0
478,2026-02-01,1,25,18,0,1043.61,1789.79
970,2026-02-01,1,35,14,3,694.57,1717.02
699,2026-02-01,1,9,1,0,10.05,0.0
1007,2026-02-01,1,11,6,0,216.99,24.0
1047,2026-02-01,1,19,4,0,103.81,1076.0
547,2026-02-01,1,41,22,0,976.05,1952.8
1163,2026-02-01,1,7,1,0,23.05,0.0
1074,2026-02-01,1,23,12,2,788.35,1369.28
1291,2026-02-01,1,18,3,0,60.54,2294.0
140,2026-02-01,1,16,7,0,216.7,145.0
297,2026-02-01,1,12,4,0,175.45,0.0
257,2026-02-01,1,26,5,0,178.91,607.0
438,2026-02-01,1,12,2,10,29.62,0.0
925,2026-02-01,1,14,2,0,60.13,3931.0
787,2026-02-01,1,35,15,0,357.06,1887.01
620,2026-02-01,1,36,19,2,801.72,2217.06
404,2026-02-01,1,11,5,0,180.9,0.0
1178,2026-02-01,1,7,0,6,0.0,0.0
1059,2026-02-01,1,9,3,5,117.92,92.0
609,2026-02-01,1,29,10,0,601.9,2309.1
220,2026-02-01,1,12,4,0,182.24,911.0
638,2026-02-01,1,29,22,2,1078.45,1993.89
318,2026-02-01,1,43,14,0,382.17,2545.42
1002,2026-02-01,1,24,15,1,666.41,2386.9
409,2026-02-01,1,19,2,0,68.64,8381.0
227,2026-02-01,1,28,14,0,627.96,1902.78
982,2026-02-01,1,17,5,0,199.47,1049.0
282,2026-02-01,1,11,5,0,111.15,0.0
840,2026-02-01,1,28,9,0,286.65,3918.08
1229,2026-02-01,1,23,13,1,428.25,2306.18
864,2026-02-01,1,24,12,0,679.7,1941.67
1405,2026-02-01,1,11,6,2,200.87,271.0
301,2026-02-01,1,22,4,0,71.76,261.0
866,2026-02-01,1,7,2,0,52.36,1171.0
715,2026-02-01,1,28,15,0,654.45,1861.67
745,2026-02-01,1,7,0,3,0.0,0.0
136,2026-02-01,1,38,19,0,873.31,1693.72
722,2026-02-01,1,17,6,0,256.26,409.0
19,2026-02-01,1,6,3,0,100.99,218.0
940,2026-02-01,1,10,4,0,88.33,0.0
173,2026-02-01,1,12,10,0,518.23,0.0
680,2026-02-01,1,10,2,0,207.99,0.0
1168,2026-02-01,1,15,3,0,255.92,5652.0
950,2026-02-01,1,31,14,0,525.54,3285.65
1184,2026-02-01,1,32,11,1,578.91,1788.38
426,2026-02-01,1,8,3,0,93.34,424.0
1099,2026-02-01,1,33,18,0,632.08,2980.85
170,2026-02-01,1,24,15,0,699.1,1830.6
1116,2026-02-01,1,15,7,2,213.12,316.0
747,2026-02-01,1,19,10,0,371.88,1628.7
882,2026-02-01,1,25,4,0,172.69,494.0
386,2026-02-01,1,38,19,0,635.63,2812.79
584,2026-02-01,1,17,0,0,0.0,1256.0
228,2026-02-01,1,14,6,0,238.32,0.0
354,2026-02-01,1,11,5,0,331.94,0.0
810,2026-02-01,1,1,1,0,41.74,0.0
121,2026-02-01,1,20,6,0,134.92,867.0
1040,2026-02-01,1,10,3,0,128.31,2209.0
1028,2026-02-01,1,24,8,0,467.03,353.0
16,2026-02-01,1,8,1,0,36.69,2313.0
795,2026-02-01,1,21,8,0,305.46,1717.54
1287,2026-02-01,1,27,11,1,332.85,2878.17
1215,2026-02-01,1,19,4,0,102.9,267.0
350,2026-02-01,1,7,3,0,295.46,0.0
1026,2026-02-01,1,34,14,0,438.02,2225.0
1293,2026-02-01,1,19,2,7,75.7,90.0
1086,2026-02-01,1,17,7,0,262.16,0.0
985,2026-02-01,1,32,11,0,798.72,1981.82
669,2026-02-01,1,30,13,1,361.62,1863.22
1156,2026-02-01,1,11,2,2,47.09,110.0
1406,2026-02-01,1,10,4,0,96.97,405.0
875,2026-02-01,1,9,5,0,192.83,0.0
909,2026-02-01,1,8,1,1,80.78,0.0
1295,2026-02-01,1,9,4,1,112.16,85.0
179,2026-02-01,1,23,10,0,560.74,2072.44
364,2026-02-01,1,23,16,1,816.88,1888.53
1272,2026-02-01,1,35,14,0,706.86,2201.61
1189,2026-02-01,1,34,13,0,431.01,2642.69
323,2026-02-01,1,16,3,0,95.41,472.0
776,2026-02-01,1,35,17,0,573.57,2313.24
816,2026-02-01,1,30,13,0,582.02,2148.93
939,2026-02-01,1,33,18,0,638.02,2171.95
1038,2026-02-01,1,31,14,0,503.31,1793.46
42,2026-02-01,1,18,15,0,615.69,3394.14
161,2026-02-01,1,24,9,0,442.59,2535.38
212,2026-02-01,1,33,14,0,387.65,2071.5
217,2026-02-01,1,29,14,0,609.68,3136.7
529,2026-02-01,1,18,11,0,379.45,2117.35
852,2026-02-01,1,9,2,0,145.92,1647.56
82,2026-02-01,1,33,12,0,515.09,1707.93
779,2026-02-01,1,20,3,0,93.57,275.0
772,2026-02-01,1,11,3,0,93.99,0.0
518,2026-02-01,1,4,0,0,0.0,0.0
706,2026-02-01,1,12,1,0,13.67,2146.0
668,2026-02-01,1,3,3,0,432.8,0.0
32,2026-02-01,1,26,16,0,671.07,2543.62
194,2026-02-01,1,28,12,0,742.76,2627.65
276,2026-02-01,1,31,14,0,422.88,2330.02
600,2026-02-01,1,20,11,0,275.09,2004.04
720,2026-02-01,1,26,11,0,456.64,2118.21
953,2026-02-01,1,30,14,0,996.22,2600.37
1128,2026-02-01,1,22,17,0,593.72,1821.37
842,2026-02-01,1,12,3,0,88.01,212.0
430,2026-02-01,1,12,1,0,11.31,522.0
1242,2026-02-01,1,20,6,0,193.5,750.0
126,2026-02-01,1,27,20,0,903.54,1865.15
234,2026-02-01,1,19,5,0,99.97,0.0
592,2026-02-01,1,31,13,2,600.37,1785.97
124,2026-02-01,1,22,11,0,460.52,2652.48
934,2026-02-01,1,12,2,0,58.17,1579.0
1061,2026-02-01,1,9,8,0,240.04,0.0
461,2026-02-01,1,5,1,0,24.25,0.0
556,2026-02-01,1,14,5,0,139.19,1465.0
210,2026-02-01,1,4,4,0,79.13,0.0
345,2026-02-01,1,31,14,0,712.24,1825.26
211,2026-02-01,1,17,8,0,608.71,2695.67
850,2026-02-01,0,0,0,5,0.0,0.0
1058,2026-02-01,1,11,2,0,318.98,701.0
1211,2026-02-01,1,6,2,3,65.87,0.0
1210,2026-02-01,1,18,4,0,78.78,619.0
988,2026-02-01,1,13,6,0,198.49,525.0
797,2026-02-01,1,7,4,2,211.02,177.0
252,2026-02-01,1,10,4,0,97.69,282.0
1181,2026-02-01,1,9,1,0,35.52,0.0
956,2026-02-01,1,9,4,0,129.0,52.0
908,2026-02-01,1,2,0,0,0.0,0.0
811,2026-02-01,1,13,2,0,13.64,459.0
967,2026-02-01,1,15,2,0,29.88,445.0
1280,2026-02-01,1,17,7,0,622.12,430.0
964,2026-02-01,1,3,1,0,66.8,0.0
1001,2026-02-01,1,11,0,0,0.0,5159.0
476,2026-02-01,1,8,6,0,154.19,0.0
658,2026-02-01,1,7,2,1,35.67,213.0
1147,2026-02-01,1,36,22,0,688.12,3189.22
782,2026-02-01,1,14,1,0,31.1,5703.0
1072,2026-02-01,1,21,11,0,532.68,2541.48
446,2026-02-01,1,14,4,0,188.88,418.0
203,2026-02-01,1,6,3,0,82.52,235.0
379,2026-02-01,1,19,7,0,174.69,400.0
258,2026-02-01,1,21,4,0,119.66,110.0
28,2026-02-01,1,31,14,0,614.63,2139.67
481,2026-02-01,1,18,4,0,162.67,743.0
667,2026-02-01,1,11,5,0,73.75,0.0
736,2026-02-01,1,13,3,0,88.75,531.0
444,2026-02-01,1,16,7,0,239.74,57.0
519,2026-02-01,1,11,6,0,199.98,106.0
57,2026-02-01,1,7,2,0,116.53,527.0
474,2026-02-01,1,11,2,3,112.36,483.0
322,2026-02-01,1,22,8,0,203.9,373.0
37,2026-02-01,1,15,9,0,380.54,0.0
804,2026-02-01,1,37,12,0,522.98,2450.94
193,2026-02-01,1,15,8,0,346.55,55.0
71,2026-02-01,1,35,19,0,693.7,2573.84
1187,2026-02-01,1,15,2,0,149.18,4803.0
449,2026-02-01,1,21,6,0,301.78,1395.0
434,2026-02-01,1,11,7,0,210.09,146.0
1294,2026-02-01,1,12,6,2,319.72,0.0
545,2026-02-01,1,15,5,0,71.06,138.0
935,2026-02-01,1,10,1,0,27.95,3796.0
135,2026-02-01,1,5,5,0,453.43,0.0
110,2026-02-01,1,19,4,0,103.25,551.0
646,2026-02-01,1,7,1,0,56.54,0.0
542,2026-02-01,1,7,5,0,143.89,0.0
1036,2026-02-01,1,16,5,0,182.68,133.0
133,2026-02-01,1,11,1,0,43.4,5544.0
1255,2026-02-01,1,8,2,2,28.49,116.0
1170,2026-02-01,1,22,8,0,324.1,2219.16
2,2026-02-01,1,12,3,0,90.25,863.0
916,2026-02-01,1,22,9,0,283.75,2066.96
60,2026-02-01,1,13,3,0,109.39,0.0
1066,2026-02-01,1,6,0,1,0.0,435.0
311,2026-02-01,1,24,9,0,252.59,2150.43
1288,2026-02-01,1,9,4,0,139.86,0.0
1085,2026-02-01,1,21,9,0,394.67,1624.04
941,2026-02-01,1,23,15,0,332.0,3148.5
159,2026-02-01,1,28,10,1,604.25,2052.36
872,2026-02-01,1,8,4,0,167.98,0.0
538,2026-02-01,1,38,17,0,653.59,1886.19
1325,2026-02-01,1,2,0,0,0.0,0.0
23,2026-02-01,1,10,1,0,40.83,2955.0
919,2026-02-01,1,16,3,0,66.09,341.0
1157,2026-02-01,1,29,16,1,754.05,1965.84
835,2026-02-01,1,7,3,0,72.97,0.0
1332,2026-02-01,1,8,1,1,2.54,237.0
1196,2026-02-01,1,34,16,1,704.28,2491.56
1081,2026-02-01,1,12,3,1,113.25,344.0
1122,2026-02-01,1,15,2,0,92.69,2591.0
384,2026-02-01,1,27,8,0,373.34,1856.38
522,2026-02-01,1,23,10,2,246.57,1973.12
971,2026-02-01,1,33,19,0,925.09,1666.35
1077,2026-02-01,1,33,15,0,424.35,2692.5
1203,2026-02-01,1,30,10,0,694.53,2155.55
666,2026-02-01,1,10,4,0,139.41,0.0
1171,2026-02-01,1,2,0,0,0.0,0.0
539,2026-02-01,1,8,2,0,32.77,0.0
834,2026-02-01,1,30,10,0,969.08,2523.63
890,2026-02-01,1,33,18,0,727.08,2605.29
1271,2026-02-01,1,25,12,0,891.53,2153.28
250,2026-02-01,1,19,7,0,313.81,627.0
702,2026-02-01,1,13,6,0,322.85,496.0
979,2026-02-01,1,8,6,0,116.12,0.0
31,2026-02-01,1,20,11,0,337.54,2593.74
993,2026-02-01,1,10,1,0,36.27,317.0
360,2026-02-01,1,20,5,0,209.87,721.0
410,2026-02-01,1,4,2,0,48.57,0.0
876,2026-02-01,1,21,12,0,733.6,1956.67
947,2026-02-01,1,9,7,0,213.07,0.0
221,2026-02-01,1,15,2,0,109.36,284.0
981,2026-02-01,1,21,11,0,423.87,228.0
546,2026-02-01,1,11,3,0,60.55,0.0
1029,2026-02-01,0,0,0,7,0.0,0.0
1197,2026-02-01,1,18,7,0,248.58,533.0
309,2026-02-01,1,7,2,0,190.29,828.0
370,2026-02-01,1,22,9,0,259.23,45.0
1160,2026-02-01,1,7,5,0,225.33,0.0
1119,2026-02-01,1,9,7,0,307.84,0.0
612,2026-02-01,1,15,6,0,225.19,232.0
820,2026-02-01,1,9,2,0,50.22,228.0
1267,2026-02-01,1,6,1,1,24.18,0.0
640,2026-02-01,1,37,2,0,33.32,1828.0
603,2026-02-01,1,15,10,0,324.87,143.0
169,2026-02-01,1,18,7,0,153.94,918.0
259,2026-02-01,1,15,7,0,347.41,220.0
927,2026-02-01,1,12,5,0,110.87,192.0
387,2026-02-01,1,6,2,0,67.44,0.0
1140,2026-02-01,1,8,3,0,224.2,674.0
284,2026-02-01,1,11,1,0,7.58,221.0
688,2026-02-01,1,17,4,2,264.96,607.0
391,2026-02-01,1,11,8,0,285.69,89.0
1034,2026-02-01,1,13,4,0,86.44,3361.0
253,2026-02-01,1,14,5,0,286.62,159.0
798,2026-02-01,1,8,2,0,81.23,1487.0
691,2026-02-01,1,18,7,0,251.53,309.0
1179,2026-02-01,1,11,2,1,30.38,911.0
1205,2026-02-01,1,2,0,0,0.0,0.0
1331,2026-02-01,0,0,0,0,0.0,0.0
709,2026-02-01,1,6,0,0,0.0,0.0
517,2026-02-01,0,0,0,1,0.0,0.0
483,2026-02-01,1,8,1,0,57.0,24629.0
378,2026-02-01,1,10,2,0,327.76,0.0
496,2026-02-01,1,15,4,0,96.59,880.0
1207,2026-02-01,1,10,4,0,132.56,0.0
1339,2026-02-01,1,2,0,0,0.0,397.0
1011,2026-02-01,1,16,6,1,266.5,378.0
1094,2026-02-01,1,4,0,0,0.0,0.0
50,2026-02-01,1,9,4,0,133.26,189.0
458,2026-02-01,1,8,0,0,0.0,0.0
901,2026-02-01,1,14,7,2,237.87,226.0
616,2026-02-01,0,0,0,7,0.0,0.0
315,2026-02-01,1,16,3,0,72.92,678.0
269,2026-02-01,1,13,2,0,39.25,5666.0
219,2026-02-01,1,4,2,0,76.6,0.0
777,2026-02-01,1,7,1,0,100.19,0.0
870,2026-02-01,1,13,3,0,111.48,370.0
154,2026-02-01,1,4,2,0,93.14,0.0
130,2026-02-01,1,16,4,0,64.55,860.0
10,2026-02-01,1,3,3,0,145.36,0.0
1101,2026-02-01,1,11,1,0,37.82,0.0
1057,2026-02-01,1,15,2,0,33.2,346.0
869,2026-02-01,1,8,3,0,153.09,2467.0
1065,2026-02-01,1,10,8,1,472.09,0.0
1204,2026-02-01,1,14,7,0,142.63,52.0
1175,2026-02-01,1,15,2,0,221.52,4486.0
249,2026-02-01,1,16,5,0,113.91,165.0
1070,2026-02-01,1,13,3,0,90.86,350.0
1341,2026-02-01,0,0,0,0,0.0,0.0
314,2026-02-01,1,9,2,0,73.42,300.0
713,2026-02-01,1,14,7,0,150.79,67.0
1327,2026-02-01,1,18,6,1,161.77,215.0
44,2026-02-01,1,12,2,0,38.33,1160.0
1323,2026-02-01,1,15,8,8,288.84,308.0
440,2026-02-01,1,5,2,0,56.22,1115.0
1351,2026-02-01,1,9,7,3,131.87,139.0
735,2026-02-01,1,11,2,0,142.25,504.0
754,2026-02-01,1,7,3,0,310.04,0.0
1276,2026-02-01,1,11,1,0,31.15,300.0
903,2026-02-01,1,8,1,0,35.29,2090.0
690,2026-02-01,1,12,1,0,11.01,2181.0
1167,2026-02-01,1,16,6,0,209.24,214.0
898,2026-02-01,1,19,3,0,25.95,228.0
1010,2026-02-01,1,7,0,0,0.0,1507.0
1309,2026-02-01,1,16,3,0,51.45,597.0
1089,2026-02-01,1,13,4,0,139.19,267.0
1279,2026-02-01,1,11,4,0,39.42,180.0
1142,2026-02-01,1,8,0,2,0.0,0.0
731,2026-02-01,1,19,6,0,115.29,812.0
1114,2026-02-01,1,9,0,2,0.0,80.0
1399,2026-02-01,1,3,1,0,27.44,426.0
637,2026-02-01,1,14,2,0,87.69,1490.0
1195,2026-02-01,1,4,2,2,75.15,0.0
696,2026-02-01,1,14,2,0,45.08,2509.0
286,2026-02-01,1,9,2,0,90.16,1100.0
1273,2026-02-01,1,8,3,0,203.83,110.0
134,2026-02-01,1,7,3,0,168.98,0.0
432,2026-02-01,1,27,4,0,527.29,5248.0
597,2026-02-01,1,19,2,0,156.77,793.0
525,2026-02-01,1,13,4,0,115.91,93.0
1277,2026-02-01,1,8,6,0,76.28,0.0
1123,2026-02-01,1,9,6,2,129.99,148.0
394,2026-02-01,1,11,5,0,146.43,0.0
1222,2026-02-01,1,21,11,0,434.7,560.0
1338,2026-02-01,1,5,3,0,149.55,496.0
53,2026-02-01,1,9,4,0,132.09,620.0
572,2026-02-01,1,13,4,0,202.8,458.0
358,2026-02-01,1,12,3,0,112.37,222.0
1249,2026-02-01,1,9,5,0,124.61,0.0
858,2026-02-01,1,7,2,0,62.6,684.0
695,2026-02-01,1,13,5,0,130.03,620.0
333,2026-02-01,1,7,4,0,159.38,161.0
781,2026-02-01,1,13,4,0,81.13,188.0
366,2026-02-01,1,7,1,0,15.6,0.0
1402,2026-02-01,1,6,2,0,95.18,44.0
670,2026-02-01,1,13,4,2,97.57,77.0
1173,2026-02-01,1,6,2,0,31.68,384.0
1365,2026-02-01,1,16,3,7,96.33,74.0
1285,2026-02-01,1,8,2,0,48.05,0.0
447,2026-02-01,1,18,2,0,117.52,888.0
1164,2026-02-01,1,7,3,6,85.21,0.0
628,2026-02-01,1,6,2,0,54.62,0.0
147,2026-02-01,1,12,1,0,9.67,2847.0
582,2026-02-01,1,15,2,0,232.87,3475.0
566,2026-02-01,1,2,2,0,61.38,0.0
139,2026-02-01,1,10,4,0,132.01,0.0
831,2026-02-01,1,15,6,0,235.17,75.0
195,2026-02-01,1,7,1,0,15.46,0.0
319,2026-02-01,1,16,2,0,73.77,2898.0
980,2026-02-01,1,14,0,0,0.0,272.0
1240,2026-02-01,1,2,2,0,87.19,0.0
817,2026-02-01,1,8,2,4,31.11,559.0
218,2026-02-01,1,13,8,0,380.5,87.0
902,2026-02-01,1,8,6,0,133.37,0.0
1165,2026-02-01,1,10,3,1,140.7,350.0
1296,2026-02-01,1,12,4,4,106.6,0.0
313,2026-02-01,1,10,2,0,35.53,621.0
887,2026-02-01,1,13,4,0,186.57,116.0
946,2026-02-01,1,9,3,2,197.6,314.0
1049,2026-02-01,1,1,0,10,0.0,0.0
1071,2026-02-01,1,13,4,0,156.36,1704.0
1030,2026-02-01,1,8,3,0,70.83,629.0
514,2026-02-01,1,12,2,0,35.0,572.0
1159,2026-02-01,1,4,2,0,144.42,448.0
711,2026-02-01,1,8,1,0,156.04,696.0
1019,2026-02-01,1,5,3,0,268.93,0.0
385,2026-02-01,1,4,2,0,76.88,0.0
685,2026-02-01,1,9,2,0,112.05,254.0
825,2026-02-01,1,8,2,0,62.22,0.0
859,2026-02-01,1,1,1,0,38.9,0.0
1016,2026-02-01,1,21,2,0,104.59,329.0
339,2026-02-01,1,9,1,0,38.35,0.0
238,2026-02-01,1,12,2,0,34.69,136.0
1289,2026-02-01,1,13,3,4,41.67,53.0
622,2026-02-01,1,9,2,0,22.97,874.0
1302,2026-02-01,1,12,3,2,50.92,203.0
1344,2026-02-01,1,14,3,3,63.9,205.0
855,2026-02-01,1,7,4,0,113.99,656.0
1315,2026-02-01,1,15,4,0,197.26,487.0
477,2026-02-01,1,10,4,0,148.63,0.0
778,2026-02-01,1,13,4,0,142.0,98.0
1235,2026-02-01,1,7,4,3,157.15,0.0
550,2026-02-01,1,9,4,0,121.17,244.0
704,2026-02-01,1,12,2,0,182.04,1497.0
642,2026-02-01,1,5,5,0,198.53,0.0
599,2026-02-01,1,11,1,0,156.25,2469.0
1297,2026-02-01,1,5,3,0,130.72,0.0
373,2026-02-01,1,10,2,0,56.7,0.0
451,2026-02-01,1,9,1,0,18.53,4564.0
610,2026-02-01,1,15,1,0,34.24,1677.0
1321,2026-02-01,1,4,0,0,0.0,0.0
56,2026-02-01,1,17,1,0,51.18,2690.0
805,2026-02-01,1,9,4,0,311.62,544.0
395,2026-02-01,1,7,4,0,48.01,329.0
125,2026-02-01,1,6,1,0,43.1,59.0
565,2026-02-01,1,5,0,0,0.0,99.0
463,2026-02-01,1,11,5,0,126.98,922.0
1389,2026-02-01,1,15,7,0,226.14,441.0
235,2026-02-01,1,10,1,0,11.78,235.0
1073,2026-02-01,1,8,2,0,87.65,0.0
1283,2026-02-01,1,7,5,0,225.9,0.0
1154,2026-02-01,1,1,1,0,35.17,0.0
1052,2026-02-01,1,8,4,0,126.24,0.0
99,2026-02-01,1,10,5,0,228.84,175.0
165,2026-02-01,1,4,0,0,0.0,0.0
1132,2026-02-01,1,7,5,0,310.17,0.0
828,2026-02-01,1,7,2,0,76.09,93.0
1360,2026-02-01,1,18,9,6,263.43,291.0
192,2026-02-01,1,16,2,0,58.13,2192.0
574,2026-02-01,1,8,6,0,257.83,0.0
692,2026-02-01,1,11,1,0,50.15,6223.0
1251,2026-02-01,1,15,4,1,149.44,147.0
581,2026-02-01,1,2,0,0,0.0,0.0
1080,2026-02-01,1,10,8,0,236.74,0.0
222,2026-02-01,1,8,3,0,134.86,458.0
1385,2026-02-01,1,14,4,7,124.22,180.0
1342,2026-02-01,1,15,7,1,223.85,420.0
1274,2026-02-01,1,2,0,0,0.0,0.0
623,2026-02-01,1,5,3,0,67.18,0.0
1143,2026-02-01,1,4,1,2,6.15,0.0
1386,2026-02-01,1,5,1,1,34.46,94.0
1021,2026-02-01,1,18,4,0,156.24,0.0
783,2026-02-01,1,9,5,0,697.96,0.0
1367,2026-02-01,1,11,2,4,74.39,255.0
1317,2026-02-01,1,8,3,0,142.56,258.0
1282,2026-02-01,1,12,3,0,126.03,771.0
1131,2026-02-01,1,14,7,1,330.01,0.0
405,2026-02-01,1,6,2,0,60.61,0.0
1206,2026-02-01,1,9,1,0,34.9,3767.0
577,2026-02-01,1,11,2,0,85.22,9044.0
1292,2026-02-01,1,4,4,0,187.33,0.0
455,2026-02-01,1,4,2,0,207.33,0.0
399,2026-02-01,1,4,0,0,0.0,0.0
470,2026-02-01,1,5,1,0,74.32,0.0
1105,2026-02-01,1,13,4,0,210.99,52.0
648,2026-02-01,1,15,0,0,0.0,2376.0
300,2026-02-01,1,11,3,0,71.46,2077.0
36,2026-02-01,1,3,3,0,202.72,0.0
1316,2026-02-01,1,4,0,0,0.0,0.0
1329,2026-02-01,1,8,4,4,168.95,179.0
1244,2026-02-01,1,10,2,0,71.55,0.0
1174,2026-02-01,1,10,4,0,142.89,120.0
84,2026-02-01,1,4,2,0,94.83,0.0
863,2026-02-01,0,0,0,8,0.0,0.0
955,2026-02-01,1,9,0,0,0.0,524.0
369,2026-02-01,1,1,1,0,25.66,0.0
1248,2026-02-01,1,10,3,0,103.38,152.0
1093,2026-02-01,1,14,3,0,57.97,83.0
675,2026-02-01,1,4,0,0,0.0,0.0
1127,2026-02-01,1,7,4,0,162.27,134.0
1398,2026-02-01,1,2,0,0,0.0,0.0
1169,2026-02-01,1,12,2,2,53.2,0.0
1124,2026-02-01,1,15,5,1,400.92,338.0
1349,2026-02-01,1,8,4,0,131.86,223.0
1357,2026-02-01,1,11,0,0,0.0,241.0
498,2026-02-01,1,16,3,0,290.52,174.0
1221,2026-02-01,1,8,1,0,56.87,441.0
1407,2026-02-01,1,10,6,1,142.07,224.0
112,2026-02-01,1,10,3,0,46.76,271.0
1350,2026-02-01,0,0,0,0,0.0,0.0
1214,2026-02-01,1,22,2,0,53.9,469.0
1363,2026-02-01,1,10,4,0,129.63,462.0
930,2026-02-01,1,4,2,0,95.3,0.0
1202,2026-02-01,1,11,2,0,21.05,591.0
1176,2026-02-01,1,10,2,0,71.74,0.0
1345,2026-02-01,1,8,1,0,19.51,600.0
205,2026-02-01,1,12,4,0,128.85,344.0
1374,2026-02-01,1,25,10,0,391.77,1171.0
1337,2026-02-01,1,2,0,0,0.0,198.0
392,2026-02-01,1,5,5,0,237.49,0.0
372,2026-02-01,1,12,4,0,248.69,0.0
149,2026-02-01,1,11,2,0,30.49,748.0
1252,2026-02-01,1,12,4,0,118.1,524.0
961,2026-02-01,1,8,4,0,170.4,0.0
725,2026-02-01,1,8,2,0,340.35,0.0
1225,2026-02-01,1,2,0,0,0.0,0.0
1366,2026-02-01,1,6,2,3,111.89,225.0
636,2026-02-01,1,5,1,0,35.0,0.0
329,2026-02-01,1,7,3,0,113.58,0.0
596,2026-02-01,1,10,2,0,143.58,0.0
1305,2026-02-01,1,3,1,0,46.64,438.0
1045,2026-02-01,1,16,8,0,348.96,633.0
1217,2026-02-01,1,6,2,0,344.82,2374.0
412,2026-02-01,1,8,3,0,151.26,1966.0
868,2026-02-01,1,7,3,0,122.02,0.0
926,2026-02-01,1,2,2,0,83.17,0.0
1307,2026-02-01,1,10,4,0,239.28,279.0
1355,2026-02-01,1,8,0,0,0.0,4658.0
1383,2026-02-01,1,24,5,3,142.2,427.0
1364,2026-02-01,0,0,0,0,0.0,0.0
533,2026-02-01,1,9,1,0,32.18,2199.0
1172,2026-02-01,1,8,3,0,114.65,1094.0
196,2026-02-01,1,15,5,0,114.95,858.0
843,2026-02-01,1,8,6,0,134.63,0.0
607,2026-02-01,1,4,0,0,0.0,0.0
671,2026-02-01,1,8,0,0,0.0,0.0
784,2026-02-01,1,7,3,0,185.85,0.0
273,2026-02-01,1,12,3,0,115.9,1000.0
51,2026-02-01,1,3,1,0,74.25,0.0
1377,2026-02-01,1,13,6,0,349.43,458.0
1310,2026-02-01,1,10,4,0,183.27,458.0
499,2026-02-01,1,7,0,0,0.0,2588.0
1369,2026-02-01,1,7,5,1,130.94,146.0
1404,2026-02-01,1,10,3,1,35.61,168.0
914,2026-02-01,1,4,0,0,0.0,0.0
1371,2026-02-01,1,5,1,0,64.12,95.0
742,2026-02-01,1,6,6,0,231.33,0.0
608,2026-02-01,1,7,0,0,0.0,4440.0
1048,2026-02-01,1,7,0,0,0.0,3278.0
1308,2026-02-01,1,3,1,0,20.54,111.0
757,2026-02-01,1,4,0,0,0.0,0.0
549,2026-02-01,1,3,1,0,22.98,404.0
1375,2026-02-01,1,11,0,0,0.0,920.0
1378,2026-02-01,1,4,0,0,0.0,417.0
1185,2026-02-01,1,10,8,0,389.58,415.0
1380,2026-02-01,1,10,4,1,129.33,202.0
1354,2026-02-01,1,2,0,0,0.0,0.0
1368,2026-02-01,1,3,1,0,93.27,1840.0
1408,2026-02-01,0,0,0,0,0.0,0.0
1284,2026-02-01,1,4,0,0,0.0,0.0
587,2026-02-01,1,7,0,0,0.0,3143.0
746,2026-02-01,1,6,4,0,153.74,0.0
532,2026-02-01,1,9,2,0,136.42,1410.0
225,2026-02-01,1,4,0,0,0.0,0.0
929,2026-02-01,1,3,1,0,41.05,0.0
578,2026-02-01,1,2,0,0,0.0,0.0
1394,2026-02-01,1,10,4,1,123.11,163.0
1384,2026-02-01,1,8,1,0,65.82,190.0
1334,2026-02-01,1,9,1,0,26.02,1043.0
830,2026-02-01,1,4,0,0,0.0,0.0
1303,2026-02-01,1,3,1,0,28.45,1434.0
1382,2026-02-01,1,6,2,0,80.05,135.0
1397,2026-02-01,1,6,0,2,0.0,36.0
1340,2026-02-01,1,5,3,0,72.0,131.0
116,2026-02-01,1,2,2,0,116.05,0.0
1322,2026-02-01,1,10,1,0,14.57,190.0
1319,2026-02-01,1,7,3,2,115.33,139.0
1346,2026-02-01,1,6,0,0,0.0,386.0
1268,2026-02-01,1,7,3,0,63.88,101.0
1320,2026-02-01,1,2,0,0,0.0,76.0
1241,2026-02-01,1,6,1,0,39.0,514.0
1328,2026-02-01,1,6,2,0,64.82,186.0
1370,2026-02-01,0,0,0,0,0.0,0.0
1324,2026-02-01,0,0,0,0,0.0,0.0
1359,2026-02-01,1,5,3,0,183.75,307.0
1352,2026-02-01,1,2,0,0,0.0,163.0
1336,2026-02-01,1,7,2,0,110.78,214.0
660,2026-02-01,1,3,1,0,199.28,1533.0
1379,2026-02-01,1,5,1,0,10.42,193.0
1390,2026-02-01,1,6,0,0,0.0,440.0
1356,2026-02-01,1,2,0,0,0.0,458.0
1388,2026-02-01,1,5,0,0,0.0,535.0
1395,2026-02-01,0,0,0,0,0.0,0.0
1362,2026-02-01,1,4,0,0,0.0,599.0
1330,2026-02-01,1,7,1,0,99.12,302.0
396,2026-02-01,1,4,0,0,0.0,0.0
320,2026-02-01,1,4,0,0,0.0,0.0
1401,2026-02-01,1,5,0,0,0.0,129.0
682,2026-02-01,0,0,0,0,0.0,0.0
1403,2026-02-01,1,2,0,0,0.0,107.0
1304,2026-02-01,0,0,0,0,0.0,0.0
1376,2026-02-01,1,8,1,3,78.28,82.0
1,2026-02-01,1,2,0,0,0.0,0.0
1343,2026-02-01,1,2,0,0,0.0,50.0
1312,2026-02-01,0,0,0,0,0.0,0.0
1313,2026-02-01,1,2,0,0,0.0,0.0
1393,2026-02-01,1,2,0,0,0.0,42.0
937,2026-02-01,1,4,0,0,0.0,0.0
1372,2026-02-01,1,4,2,0,235.23,290.0
633,2026-02-01,1,4,1,0,13.04,206.0
1347,2026-02-01,1,2,0,0,0.0,1192.0
1400,2026-02-01,1,2,0,0,0.0,129.0
1311,2026-02-01,1,3,0,0,0.0,278.0
1381,2026-02-01,0,0,0,0,0.0,0.0
1373,2026-02-01,0,0,0,0,0.0,0.0
885,2026-02-01,1,4,0,0,0.0,0.0
1396,2026-02-01,1,2,0,0,0.0,84.0
1326,2026-02-01,0,0,0,0,0.0,0.0
1391,2026-02-01,0,0,0,0,0.0,0.0
1392,2026-02-01,0,0,0,0,0.0,0.0
564,2026-03-01,1,27,18,0,758.96,1740.38
1050,2026-03-01,1,23,16,2,502.14,2199.21
946,2026-03-01,1,8,5,0,101.13,176.0
971,2026-03-01,1,41,14,0,689.32,1442.0
111,2026-03-01,1,30,15,0,706.01,1669.55
120,2026-03-01,1,25,3,0,45.61,1345.18
170,2026-03-01,1,32,18,0,1030.33,1924.57
211,2026-03-01,1,33,19,0,1296.27,2811.7
265,2026-03-01,1,28,15,0,801.43,2050.1
620,2026-03-01,1,15,8,0,833.31,2246.55
663,2026-03-01,1,24,11,0,228.92,2112.72
789,2026-03-01,1,23,11,0,316.8,1410.7
816,2026-03-01,1,28,17,0,608.97,2210.8
1023,2026-03-01,1,40,13,0,322.81,2336.94
1024,2026-03-01,1,34,14,0,527.63,2493.38
1230,2026-03-01,1,32,21,0,671.52,2147.58
1243,2026-03-01,1,28,15,1,599.69,1773.86
1303,2026-03-01,1,33,13,0,485.21,2664.4
1360,2026-03-01,1,33,19,0,1014.44,2053.34
1407,2026-03-01,1,44,18,0,681.95,3745.17
1174,2026-03-01,1,4,4,1,149.35,0.0
1236,2026-03-01,1,41,22,0,899.91,2297.99
316,2026-03-01,1,45,19,0,1005.61,2231.19
1185,2026-03-01,1,24,9,1,205.13,2813.99
1478,2026-03-01,1,19,4,10,186.42,284.0
729,2026-03-01,1,38,14,0,1076.86,2614.63
6,2026-03-01,1,31,16,0,509.09,2280.69
8,2026-03-01,1,46,18,0,1265.52,2761.09
63,2026-03-01,1,26,13,0,624.45,2328.0
82,2026-03-01,1,31,22,0,878.75,1688.88
179,2026-03-01,1,21,12,0,416.75,2174.29
263,2026-03-01,1,35,14,0,606.37,3250.02
276,2026-03-01,1,38,19,0,671.28,2366.29
318,2026-03-01,1,28,16,0,602.39,2574.06
375,2026-03-01,1,35,16,0,477.22,1763.6
418,2026-03-01,1,20,13,0,624.91,1672.63
506,2026-03-01,1,26,13,0,442.3,1562.45
600,2026-03-01,1,29,11,0,467.93,1908.29
639,2026-03-01,1,21,14,0,790.85,1662.21
649,2026-03-01,1,38,19,0,948.94,1964.54
712,2026-03-01,1,34,15,0,542.54,2081.6
732,2026-03-01,1,26,17,0,904.74,1865.82
739,2026-03-01,1,31,15,0,409.87,2617.71
790,2026-03-01,1,28,15,0,435.59,2073.87
823,2026-03-01,1,33,11,0,419.36,3271.61
963,2026-03-01,1,39,14,4,423.87,1507.88
1152,2026-03-01,1,39,18,0,749.2,1839.23
1245,2026-03-01,1,26,15,0,475.01,2496.86
1318,2026-03-01,1,28,15,4,488.04,1262.89
1327,2026-03-01,1,38,12,0,469.92,2601.7
1376,2026-03-01,1,38,19,0,605.7,1423.74
490,2026-03-01,1,24,15,0,605.21,2265.7
1103,2026-03-01,1,36,14,2,691.06,1992.34
1307,2026-03-01,1,34,14,1,406.66,2358.87
386,2026-03-01,1,31,16,0,479.52,2737.41
950,2026-03-01,1,42,21,0,571.54,3243.06
700,2026-03-01,1,29,16,0,449.77,1805.59
301,2026-03-01,1,24,3,0,82.26,565.0
808,2026-03-01,1,11,3,2,95.88,94.0
676,2026-03-01,1,24,17,1,599.44,3279.36
31,2026-03-01,1,34,18,0,523.81,2606.63
98,2026-03-01,1,32,21,0,1487.57,2962.56
123,2026-03-01,1,48,17,0,640.71,3370.51
212,2026-03-01,1,34,18,0,775.33,2206.27
307,2026-03-01,1,29,14,0,425.02,2121.54
424,2026-03-01,1,32,21,0,784.32,1617.41
459,2026-03-01,1,28,13,0,575.23,2384.29
491,2026-03-01,1,22,17,0,731.62,1165.24
511,2026-03-01,1,23,14,4,673.98,1538.34
548,2026-03-01,1,25,13,0,658.78,2384.16
611,2026-03-01,1,26,7,0,197.19,2860.86
677,2026-03-01,1,37,11,0,442.13,2332.69
689,2026-03-01,1,25,14,0,1178.43,2304.86
708,2026-03-01,1,21,14,0,495.61,1631.77
720,2026-03-01,1,26,17,0,819.76,2206.13
721,2026-03-01,1,27,9,0,390.69,2124.12
766,2026-03-01,1,26,10,0,323.45,1715.5
770,2026-03-01,1,39,21,0,903.06,1728.67
804,2026-03-01,1,36,21,0,669.93,2482.37
827,2026-03-01,1,36,13,0,494.21,1573.18
840,2026-03-01,1,22,11,0,257.92,3852.02
954,2026-03-01,1,30,18,6,848.27,1764.85
966,2026-03-01,1,32,15,0,630.28,1826.08
972,2026-03-01,1,24,11,0,502.9,2052.18
998,2026-03-01,1,24,13,0,497.48,1893.91
1076,2026-03-01,1,27,14,0,968.75,2767.14
1099,2026-03-01,1,23,14,0,568.63,3020.39
1157,2026-03-01,1,31,21,0,1264.29,2335.27
1238,2026-03-01,1,30,12,0,717.88,1945.24
1271,2026-03-01,1,31,15,0,683.87,2294.42
1369,2026-03-01,1,29,12,0,395.6,2230.71
18,2026-03-01,1,34,18,0,620.77,1803.9
1370,2026-03-01,1,4,0,0,0.0,0.0
787,2026-03-01,1,27,10,0,369.27,1830.54
1339,2026-03-01,1,21,6,2,205.01,79.0
1138,2026-03-01,1,2,0,8,0.0,0.0
169,2026-03-01,1,14,5,0,205.85,295.0
521,2026-03-01,1,40,20,0,805.88,1842.18
523,2026-03-01,1,38,19,0,891.05,1611.42
378,2026-03-01,1,11,1,0,21.83,1880.0
75,2026-03-01,1,31,13,0,509.41,2473.59
217,2026-03-01,1,40,19,2,1100.09,3108.52
1032,2026-03-01,1,38,17,0,537.85,2704.63
650,2026-03-01,1,26,16,0,512.6,2271.31
417,2026-03-01,1,44,23,0,1000.62,4909.74
88,2026-03-01,1,24,15,0,367.58,1976.71
241,2026-03-01,1,19,12,0,442.91,1671.18
423,2026-03-01,1,27,16,0,518.65,1981.36
425,2026-03-01,1,35,14,0,1165.55,2361.07
469,2026-03-01,1,42,23,0,1053.78,2150.69
478,2026-03-01,1,27,20,0,529.19,1758.29
527,2026-03-01,1,26,16,0,702.78,1537.19
541,2026-03-01,1,26,10,0,432.55,2773.92
614,2026-03-01,1,20,10,0,284.21,1611.01
632,2026-03-01,1,29,18,0,568.73,1898.49
657,2026-03-01,1,47,20,0,774.5,2029.24
697,2026-03-01,1,17,10,0,421.61,1979.08
705,2026-03-01,1,28,13,0,611.91,2638.72
824,2026-03-01,1,22,13,0,344.14,2215.33
833,2026-03-01,1,29,16,0,711.46,1916.22
834,2026-03-01,1,32,11,0,465.55,2155.5
841,2026-03-01,1,31,16,0,673.56,2419.62
877,2026-03-01,1,33,16,0,638.5,2264.57
881,2026-03-01,1,13,9,0,319.35,2430.12
892,2026-03-01,1,38,19,0,818.02,2666.73
922,2026-03-01,1,28,14,0,625.44,3373.23
953,2026-03-01,1,30,17,0,559.28,2281.46
984,2026-03-01,1,28,8,8,968.22,1762.03
997,2026-03-01,1,34,11,3,1174.72,2568.15
1013,2026-03-01,1,31,20,0,774.53,2956.3
1043,2026-03-01,1,24,15,0,586.31,1502.25
1079,2026-03-01,1,31,16,0,685.85,1822.87
1087,2026-03-01,1,33,14,0,457.29,3210.52
1177,2026-03-01,1,27,18,0,835.05,1375.15
1192,2026-03-01,1,28,17,2,571.49,1834.9
1220,2026-03-01,1,34,15,0,663.02,1986.16
1229,2026-03-01,1,32,21,0,632.37,2206.88
1298,2026-03-01,1,35,9,1,291.86,1745.81
1308,2026-03-01,1,31,12,0,669.69,2959.35
1351,2026-03-01,1,30,17,0,733.48,2356.39
1403,2026-03-01,1,43,17,0,533.46,1553.61
779,2026-03-01,1,16,5,0,235.34,837.0
406,2026-03-01,1,29,8,0,348.63,3795.65
504,2026-03-01,1,22,11,0,450.38,2235.53
379,2026-03-01,1,11,7,0,284.83,0.0
546,2026-03-01,1,15,6,0,188.1,529.0
799,2026-03-01,1,20,13,0,887.98,3098.48
957,2026-03-01,1,10,5,1,197.0,0.0
740,2026-03-01,1,17,3,0,97.48,980.0
1196,2026-03-01,1,24,13,0,509.05,2190.87
1262,2026-03-01,1,11,5,0,225.2,0.0
1239,2026-03-01,1,37,18,0,484.86,2610.21
645,2026-03-01,1,52,17,0,546.36,1866.86
814,2026-03-01,1,33,14,0,375.9,2454.97
1228,2026-03-01,1,28,13,0,411.67,3367.37
1135,2026-03-01,1,40,23,0,822.24,2616.42
1380,2026-03-01,1,30,15,4,609.14,1692.48
927,2026-03-01,1,8,4,0,176.71,0.0
1105,2026-03-01,1,14,5,0,150.33,492.0
1051,2026-03-01,1,34,14,0,842.16,2843.46
1027,2026-03-01,1,22,12,0,550.31,2155.67
1216,2026-03-01,1,35,22,0,790.56,2064.61
948,2026-03-01,1,31,20,0,974.94,2055.96
1125,2026-03-01,1,29,10,0,465.02,2660.51
1139,2026-03-01,1,42,17,0,867.63,2269.89
773,2026-03-01,1,31,16,0,917.37,1362.69
792,2026-03-01,1,26,17,0,674.87,3141.05
293,2026-03-01,1,26,17,0,594.62,2637.82
58,2026-03-01,1,23,14,0,897.69,2577.37
882,2026-03-01,1,6,1,0,8.34,195.0
759,2026-03-01,1,39,24,0,817.01,1714.37
538,2026-03-01,1,29,15,4,904.87,1926.66
1194,2026-03-01,1,22,12,0,628.12,2330.21
1263,2026-03-01,1,34,19,0,1009.03,2501.62
1383,2026-03-01,1,35,20,0,852.7,2234.31
292,2026-03-01,1,40,25,0,652.36,2893.47
1044,2026-03-01,1,36,23,1,860.78,2844.31
884,2026-03-01,1,28,15,0,744.16,2099.4
1116,2026-03-01,1,16,8,3,289.44,231.0
1250,2026-03-01,1,11,3,0,79.77,0.0
205,2026-03-01,1,9,3,0,74.43,0.0
765,2026-03-01,1,32,16,0,749.43,1911.28
391,2026-03-01,1,10,6,0,357.4,0.0
1363,2026-03-01,1,19,11,0,503.47,1852.22
1328,2026-03-01,1,31,14,0,574.45,1893.35
433,2026-03-01,1,17,14,0,536.98,2506.54
968,2026-03-01,1,20,4,0,122.78,602.0
134,2026-03-01,1,16,5,0,187.72,2421.0
662,2026-03-01,1,26,11,0,281.77,1603.62
36,2026-03-01,1,4,4,0,121.19,0.0
1314,2026-03-01,1,16,9,0,225.73,190.0
576,2026-03-01,1,17,12,0,359.6,1654.0
944,2026-03-01,1,26,18,5,1126.32,1618.36
66,2026-03-01,1,30,15,0,590.53,1646.43
519,2026-03-01,1,13,7,0,244.9,0.0
311,2026-03-01,1,37,18,0,652.33,2176.2
282,2026-03-01,1,16,5,0,187.96,449.0
933,2026-03-01,1,33,8,0,489.04,723.0
960,2026-03-01,1,32,19,0,767.01,3515.76
686,2026-03-01,1,37,13,0,530.85,1857.64
284,2026-03-01,1,18,9,0,313.26,723.0
1224,2026-03-01,1,23,12,0,608.59,2459.55
1035,2026-03-01,1,19,10,2,330.37,2081.94
95,2026-03-01,1,7,3,0,44.52,0.0
539,2026-03-01,1,13,2,0,63.17,101.0
1017,2026-03-01,1,17,4,0,97.73,139.0
15,2026-03-01,1,39,15,0,556.65,2543.85
916,2026-03-01,1,29,16,0,538.58,2091.58
1361,2026-03-01,1,10,4,1,181.46,128.0
242,2026-03-01,1,32,15,0,732.2,2329.32
107,2026-03-01,1,22,11,1,816.58,1391.2
673,2026-03-01,1,30,18,2,1041.84,2071.07
878,2026-03-01,1,28,15,1,370.86,1569.0
187,2026-03-01,1,27,18,0,742.98,2422.12
121,2026-03-01,1,12,4,0,261.43,931.0
1124,2026-03-01,1,8,1,3,18.74,32.0
350,2026-03-01,1,20,9,0,268.38,227.0
1115,2026-03-01,1,40,25,0,788.15,1792.21
402,2026-03-01,1,30,19,0,601.92,2119.9
865,2026-03-01,1,8,6,0,202.4,0.0
32,2026-03-01,1,18,8,0,411.76,2705.7
1301,2026-03-01,1,29,16,0,621.33,1582.32
1074,2026-03-01,1,26,17,1,624.68,1364.18
1234,2026-03-01,1,32,11,0,710.97,1947.72
1359,2026-03-01,1,29,17,6,773.7,1623.48
1204,2026-03-01,1,20,15,0,504.81,165.0
351,2026-03-01,1,19,7,0,305.25,346.0
938,2026-03-01,1,36,19,0,741.34,2524.87
579,2026-03-01,1,19,14,0,755.29,2319.55
642,2026-03-01,1,16,4,0,101.62,227.0
322,2026-03-01,1,19,8,0,307.62,848.0
870,2026-03-01,1,11,5,0,284.43,0.0
1480,2026-03-01,1,28,14,0,567.85,2330.22
398,2026-03-01,1,30,17,0,424.32,1961.85
38,2026-03-01,1,28,19,0,989.91,2065.92
457,2026-03-01,1,36,14,0,437.01,1368.45
1053,2026-03-01,1,32,17,0,467.16,1470.02
821,2026-03-01,1,31,18,0,722.35,2518.78
143,2026-03-01,1,26,8,0,196.43,2155.4
296,2026-03-01,1,15,7,0,233.3,837.0
560,2026-03-01,1,31,18,0,705.84,2343.63
40,2026-03-01,1,36,22,0,989.46,4474.8
726,2026-03-01,1,41,18,1,556.62,1600.2
893,2026-03-01,1,13,3,0,163.36,363.0
295,2026-03-01,1,41,14,2,357.95,1893.93
1081,2026-03-01,1,25,9,1,368.16,288.0
178,2026-03-01,1,35,22,0,1067.5,2638.66
429,2026-03-01,1,24,15,0,416.81,1890.33
140,2026-03-01,1,16,6,0,114.62,176.0
1388,2026-03-01,1,4,4,0,269.65,0.0
652,2026-03-01,1,21,8,0,278.36,281.0
796,2026-03-01,1,40,23,0,741.2,3166.27
626,2026-03-01,1,39,18,0,523.92,2073.85
1098,2026-03-01,1,26,15,0,503.87,2100.36
1095,2026-03-01,1,25,5,0,116.12,296.0
1025,2026-03-01,1,29,12,0,383.51,3269.0
1253,2026-03-01,1,24,7,0,198.9,858.0
21,2026-03-01,1,23,14,0,611.09,2032.1
847,2026-03-01,1,8,2,0,40.49,0.0
439,2026-03-01,1,28,17,0,689.39,1981.63
762,2026-03-01,1,34,25,0,763.54,1719.39
466,2026-03-01,1,14,8,0,268.09,0.0
839,2026-03-01,1,25,12,0,588.25,1652.68
1123,2026-03-01,1,9,5,0,65.38,0.0
1330,2026-03-01,1,31,12,0,406.24,3165.94
136,2026-03-01,1,32,21,0,781.2,1749.31
949,2026-03-01,1,25,14,0,397.12,3256.91
901,2026-03-01,1,12,1,4,24.3,18.0
644,2026-03-01,1,30,17,0,497.22,2047.1
1374,2026-03-01,1,29,20,0,830.52,2565.3
277,2026-03-01,1,35,17,0,513.38,2795.01
905,2026-03-01,1,24,13,2,602.77,1598.31
822,2026-03-01,1,25,14,0,755.48,2455.01
681,2026-03-01,1,14,2,0,52.32,597.0
513,2026-03-01,1,32,19,0,575.91,2648.29
1460,2026-03-01,1,8,4,1,121.87,158.0
1287,2026-03-01,1,40,26,0,1183.05,3545.87
1045,2026-03-01,1,14,3,0,105.31,168.0
1110,2026-03-01,1,23,12,0,407.85,2368.52
395,2026-03-01,1,23,10,0,343.45,88.0
604,2026-03-01,1,32,19,0,812.05,2135.15
1212,2026-03-01,1,31,22,0,903.61,2685.39
1241,2026-03-01,1,15,8,0,298.65,420.0
793,2026-03-01,1,33,23,0,860.68,2027.81
1296,2026-03-01,1,10,1,4,17.85,0.0
228,2026-03-01,1,24,7,0,232.28,977.0
1022,2026-03-01,1,13,4,0,193.09,140.0
696,2026-03-01,1,11,2,0,90.53,4453.0
559,2026-03-01,1,29,18,1,535.5,1417.35
1401,2026-03-01,1,16,4,1,93.57,0.0
1367,2026-03-01,1,27,14,0,599.41,1645.67
68,2026-03-01,1,26,13,0,692.72,1718.89
1091,2026-03-01,1,27,17,0,415.89,1275.6
1315,2026-03-01,1,16,3,1,48.37,76.0
858,2026-03-01,1,9,5,0,179.94,0.0
1009,2026-03-01,1,40,16,0,384.2,2769.94
928,2026-03-01,1,18,10,3,395.38,2170.93
1085,2026-03-01,1,29,15,0,326.76,2458.62
1379,2026-03-01,1,43,16,1,972.71,3034.69
594,2026-03-01,1,34,18,1,1146.9,1710.63
1065,2026-03-01,1,15,7,2,229.54,271.0
695,2026-03-01,1,22,6,0,249.69,864.0
897,2026-03-01,1,29,22,6,802.33,1975.52
685,2026-03-01,1,7,5,0,229.27,0.0
902,2026-03-01,1,9,1,0,46.67,0.0
1394,2026-03-01,1,32,18,8,984.76,1418.16
1375,2026-03-01,1,16,5,0,132.99,179.0
310,2026-03-01,1,34,19,1,659.99,2421.86
1151,2026-03-01,1,35,11,0,263.63,1679.43
1343,2026-03-01,1,11,1,0,28.05,1811.0
1008,2026-03-01,1,36,21,0,716.23,2136.08
159,2026-03-01,1,24,15,0,563.66,1899.57
220,2026-03-01,1,18,8,0,278.27,0.0
1391,2026-03-01,1,38,13,5,368.11,1625.16
431,2026-03-01,1,38,23,0,797.78,1578.42
1169,2026-03-01,1,14,3,1,167.02,93.0
377,2026-03-01,1,35,22,0,887.32,1375.46
11,2026-03-01,1,35,24,0,1057.69,2060.74
192,2026-03-01,1,19,5,0,331.2,6533.0
1143,2026-03-01,1,15,5,0,128.2,499.0
202,2026-03-01,1,18,9,0,400.53,2269.99
871,2026-03-01,1,26,13,0,463.13,3435.66
742,2026-03-01,1,9,5,0,94.66,0.0
1332,2026-03-01,1,11,3,3,169.59,0.0
993,2026-03-01,1,14,5,0,147.56,198.0
330,2026-03-01,1,18,15,1,611.51,1557.16
1396,2026-03-01,1,21,7,1,278.07,343.0
415,2026-03-01,1,34,19,3,662.46,1788.16
769,2026-03-01,1,24,15,0,1004.65,2746.09
79,2026-03-01,1,42,23,0,890.42,1667.81
978,2026-03-01,1,34,16,0,379.56,2138.12
288,2026-03-01,1,21,12,1,574.5,1743.09
640,2026-03-01,1,18,5,0,141.86,524.0
749,2026-03-01,1,34,17,2,617.92,1344.05
227,2026-03-01,1,30,15,0,539.07,1718.88
667,2026-03-01,1,14,3,0,50.18,263.0
1377,2026-03-01,1,28,14,0,487.19,1688.13
1146,2026-03-01,1,11,3,0,91.93,0.0
813,2026-03-01,1,28,11,0,265.7,1570.59
1128,2026-03-01,1,14,7,0,410.39,1792.32
873,2026-03-01,1,31,18,3,795.76,2140.36
556,2026-03-01,1,12,3,0,129.82,2083.0
557,2026-03-01,1,37,16,0,637.22,2219.24
472,2026-03-01,1,44,20,0,690.54,3806.61
1132,2026-03-01,1,8,5,0,140.96,232.0
976,2026-03-01,1,3,0,2,0.0,126.0
1189,2026-03-01,1,25,12,0,574.26,1824.14
1058,2026-03-01,1,6,2,0,49.73,0.0
853,2026-03-01,1,3,3,0,178.91,0.0
552,2026-03-01,1,29,14,0,491.25,2575.39
1181,2026-03-01,1,13,5,0,443.91,3063.0
34,2026-03-01,1,34,21,0,1041.63,1116.07
939,2026-03-01,1,25,12,3,588.21,2164.19
1141,2026-03-01,1,29,8,7,328.33,3024.87
408,2026-03-01,1,31,17,0,547.81,1944.95
748,2026-03-01,1,38,17,0,819.9,2501.22
352,2026-03-01,1,36,17,0,466.06,2241.57
859,2026-03-01,1,21,6,0,332.99,498.0
530,2026-03-01,1,25,16,0,430.8,2363.53
1475,2026-03-01,1,14,9,9,251.15,253.0
664,2026-03-01,1,29,12,0,537.13,2283.59
702,2026-03-01,1,10,7,0,291.76,245.0
364,2026-03-01,1,39,20,2,594.02,1905.44
1393,2026-03-01,1,14,4,3,124.6,174.0
1188,2026-03-01,1,36,13,0,438.89,1812.54
55,2026-03-01,1,20,9,0,618.32,831.0
772,2026-03-01,1,7,1,5,13.08,0.0
912,2026-03-01,1,10,5,0,373.89,248.0
876,2026-03-01,1,22,15,0,505.92,1902.84
509,2026-03-01,1,28,14,0,447.54,1518.26
1249,2026-03-01,1,10,1,4,35.35,32.0
1121,2026-03-01,1,27,17,0,850.87,1977.65
446,2026-03-01,1,12,4,0,263.14,0.0
679,2026-03-01,1,27,18,0,494.61,4068.43
967,2026-03-01,1,16,7,0,172.46,292.0
342,2026-03-01,1,26,17,0,643.75,2789.14
578,2026-03-01,1,12,4,0,80.69,0.0
394,2026-03-01,1,15,6,1,163.36,860.0
1385,2026-03-01,1,31,14,3,485.87,2449.61
331,2026-03-01,1,30,14,0,535.15,1759.0
12,2026-03-01,1,34,13,0,643.14,2228.54
797,2026-03-01,1,14,0,3,0.0,425.0
117,2026-03-01,1,42,18,0,974.82,2772.87
161,2026-03-01,1,34,15,0,568.08,2602.12
1372,2026-03-01,1,28,19,1,773.04,2678.1
440,2026-03-01,1,10,1,0,16.39,2427.0
1202,2026-03-01,1,8,3,0,75.97,416.0
764,2026-03-01,1,18,5,0,169.3,183.0
947,2026-03-01,1,8,4,0,75.82,0.0
160,2026-03-01,1,33,14,0,479.28,2898.02
1114,2026-03-01,1,18,2,3,55.62,152.0
447,2026-03-01,1,11,1,0,13.45,241.0
1331,2026-03-01,1,20,5,1,120.61,818.0
531,2026-03-01,1,41,14,0,509.77,2200.26
1311,2026-03-01,1,37,20,0,596.19,3898.5
1208,2026-03-01,1,29,18,0,674.07,2463.12
313,2026-03-01,1,25,11,0,286.51,287.0
1052,2026-03-01,1,8,2,0,128.37,4035.0
906,2026-03-01,1,16,7,0,855.51,330.0
13,2026-03-01,1,25,20,0,633.71,2192.93
733,2026-03-01,1,38,22,0,1531.72,2129.65
258,2026-03-01,1,8,3,0,84.16,223.0
977,2026-03-01,1,32,12,0,299.83,2713.59
722,2026-03-01,1,13,3,0,324.25,1491.0
618,2026-03-01,1,28,12,0,379.07,1974.41
791,2026-03-01,1,13,4,0,138.92,68.0
2,2026-03-01,1,10,2,0,64.04,0.0
837,2026-03-01,1,8,4,0,137.97,0.0
1265,2026-03-01,1,30,19,0,604.42,1545.18
591,2026-03-01,1,28,13,0,225.12,1438.25
1430,2026-03-01,1,15,3,0,92.48,1719.0
1072,2026-03-01,1,39,24,0,840.14,2671.05
925,2026-03-01,1,5,1,0,30.63,0.0
592,2026-03-01,1,25,16,1,560.97,1649.86
986,2026-03-01,1,21,16,0,694.93,1727.58
550,2026-03-01,1,20,8,0,277.99,709.0
731,2026-03-01,1,12,6,0,236.88,0.0
289,2026-03-01,1,36,15,0,542.66,2193.23
1312,2026-03-01,1,25,8,3,377.59,193.0
45,2026-03-01,1,3,3,0,91.58,1660.33
76,2026-03-01,1,31,10,0,464.33,2417.26
152,2026-03-01,1,38,21,0,595.88,3631.13
266,2026-03-01,1,27,16,0,627.47,1852.97
280,2026-03-01,1,28,15,0,577.32,1852.07
283,2026-03-01,1,29,16,0,1015.76,1996.37
512,2026-03-01,1,34,19,0,861.61,2366.43
558,2026-03-01,1,28,10,0,374.84,3701.49
595,2026-03-01,1,33,20,0,880.03,1565.27
621,2026-03-01,1,20,11,0,445.19,2550.66
641,2026-03-01,1,21,13,0,564.96,2544.59
647,2026-03-01,1,23,8,1,574.33,2628.34
758,2026-03-01,1,35,16,0,685.98,1398.15
775,2026-03-01,1,21,13,0,553.98,2486.43
920,2026-03-01,1,26,19,0,646.62,1901.82
1038,2026-03-01,1,36,18,0,693.21,2246.4
1078,2026-03-01,1,21,10,0,335.47,2208.73
1148,2026-03-01,1,31,11,0,519.67,2284.46
1158,2026-03-01,1,25,16,0,673.8,2636.95
1257,2026-03-01,1,28,11,0,389.67,3744.91
1319,2026-03-01,1,28,15,1,678.91,2315.84
145,2026-03-01,1,31,16,0,685.12,2076.2
189,2026-03-01,1,22,15,6,904.57,1723.95
209,2026-03-01,1,42,23,0,655.74,1744.27
271,2026-03-01,1,24,8,0,759.46,1694.76
287,2026-03-01,1,28,13,3,1279.96,2130.65
589,2026-03-01,1,36,21,2,902.53,2305.27
609,2026-03-01,1,30,11,0,509.41,1720.26
638,2026-03-01,1,31,12,0,321.95,2216.04
674,2026-03-01,1,32,21,0,845.57,2635.98
747,2026-03-01,1,25,20,0,720.56,1668.75
776,2026-03-01,1,23,11,0,1166.24,2477.19
845,2026-03-01,1,33,24,0,985.31,2755.63
941,2026-03-01,1,37,22,0,828.68,2839.42
1092,2026-03-01,1,32,18,0,729.34,2241.51
1145,2026-03-01,1,33,20,1,921.87,1853.61
1089,2026-03-01,1,25,4,0,120.8,607.0
862,2026-03-01,1,10,2,0,77.53,0.0
503,2026-03-01,1,40,22,0,1140.3,2117.02
1117,2026-03-01,1,11,3,3,114.87,0.0
70,2026-03-01,1,41,22,0,839.23,1969.21
102,2026-03-01,1,24,17,0,527.56,2241.73
174,2026-03-01,1,21,9,0,217.36,2601.79
332,2026-03-01,1,34,19,0,715.72,2362.22
411,2026-03-01,1,24,12,0,602.24,1555.05
534,2026-03-01,1,33,20,0,592.42,1817.34
615,2026-03-01,1,26,12,0,425.82,2893.49
812,2026-03-01,1,32,17,0,573.98,1753.69
856,2026-03-01,1,27,16,0,580.16,1858.86
864,2026-03-01,1,30,17,0,404.82,1939.16
942,2026-03-01,1,29,15,0,774.89,2381.09
952,2026-03-01,1,31,16,0,755.69,2568.27
970,2026-03-01,1,36,12,1,486.4,1921.17
1000,2026-03-01,1,30,19,0,730.1,2468.4
1186,2026-03-01,1,37,15,1,863.64,1708.66
1329,2026-03-01,1,27,14,6,950.43,1696.06
1344,2026-03-01,1,30,12,0,373.65,2202.93
304,2026-03-01,1,18,5,0,92.89,279.0
868,2026-03-01,1,9,3,0,72.76,0.0
87,2026-03-01,1,41,21,0,937.94,1344.86
917,2026-03-01,1,22,15,0,651.64,1343.5
1077,2026-03-01,1,34,18,0,490.33,2885.35
83,2026-03-01,1,34,10,0,374.23,2794.05
1268,2026-03-01,1,33,20,1,601.7,2075.77
1209,2026-03-01,1,30,13,0,514.6,2576.42
1501,2026-03-01,0,0,0,0,0.0,0.0
62,2026-03-01,1,28,13,0,402.24,2239.09
71,2026-03-01,1,44,14,0,433.56,2198.05
81,2026-03-01,1,28,16,0,490.91,2242.4
124,2026-03-01,1,28,23,0,881.5,2642.74
126,2026-03-01,1,43,19,0,972.69,2038.76
230,2026-03-01,1,16,11,0,524.15,3115.03
299,2026-03-01,1,29,15,0,785.57,2274.29
362,2026-03-01,1,23,14,0,778.16,1823.21
547,2026-03-01,1,31,17,0,554.91,2354.99
653,2026-03-01,1,26,9,0,370.47,1729.95
838,2026-03-01,1,31,12,0,346.14,1433.46
1033,2026-03-01,1,27,14,0,450.39,2229.66
1054,2026-03-01,1,30,15,0,438.46,1945.19
1109,2026-03-01,1,23,14,0,663.25,2301.65
1183,2026-03-01,1,21,12,0,918.95,2876.36
1210,2026-03-01,1,12,8,0,312.95,0.0
1080,2026-03-01,1,18,6,0,206.15,623.0
279,2026-03-01,1,30,17,0,1015.88,2610.28
355,2026-03-01,1,34,17,0,683.66,3268.51
93,2026-03-01,1,14,7,0,241.88,224.0
412,2026-03-01,1,9,4,0,240.66,1089.0
911,2026-03-01,1,36,11,2,337.67,1439.78
312,2026-03-01,1,15,3,0,196.46,2184.0
522,2026-03-01,1,32,21,2,931.56,1996.85
687,2026-03-01,1,17,9,0,786.98,0.0
297,2026-03-01,1,8,2,0,33.81,0.0
693,2026-03-01,1,25,16,0,842.46,2117.2
249,2026-03-01,1,12,6,0,201.7,0.0
588,2026-03-01,1,44,15,6,555.17,2099.43
580,2026-03-01,1,33,14,1,505.09,2391.08
482,2026-03-01,1,35,19,0,867.93,2584.33
1222,2026-03-01,1,16,8,0,275.98,1301.0
1203,2026-03-01,1,31,20,0,1141.96,1915.06
935,2026-03-01,1,5,3,0,235.51,0.0
1144,2026-03-01,1,19,7,0,203.11,391.0
148,2026-03-01,1,14,7,0,314.35,18.0
1382,2026-03-01,1,35,15,1,668.96,2275.88
1184,2026-03-01,1,20,11,3,1086.47,1837.62
883,2026-03-01,1,28,17,0,729.04,3151.45
380,2026-03-01,1,31,16,0,434.78,2759.71
669,2026-03-01,1,15,10,0,373.85,1900.33
1289,2026-03-01,1,32,15,1,590.23,2398.67
1133,2026-03-01,1,11,3,0,104.83,0.0
670,2026-03-01,1,16,3,2,215.81,657.0
1232,2026-03-01,1,7,3,0,102.47,0.0
698,2026-03-01,1,30,13,0,294.89,1906.22
360,2026-03-01,1,13,4,0,98.68,659.0
372,2026-03-01,1,15,5,0,190.61,0.0
305,2026-03-01,1,34,23,0,731.47,1968.85
370,2026-03-01,1,14,6,0,302.88,391.0
1067,2026-03-01,1,13,2,0,58.35,4935.0
1219,2026-03-01,1,29,12,9,892.57,2201.44
4,2026-03-01,1,21,13,0,464.88,266.0
1337,2026-03-01,1,8,4,1,171.61,0.0
180,2026-03-01,1,45,22,0,735.52,2878.62
678,2026-03-01,1,27,11,0,518.58,3553.65
890,2026-03-01,1,33,18,0,540.3,2627.57
1246,2026-03-01,1,30,19,0,626.5,2774.55
1155,2026-03-01,1,31,20,0,536.34,2700.5
1288,2026-03-01,1,5,1,2,2.1,0.0
1255,2026-03-01,1,13,2,4,18.29,234.0
1365,2026-03-01,1,39,18,0,813.97,3525.84
1252,2026-03-01,1,9,1,0,33.02,0.0
887,2026-03-01,1,2,1,8,8.95,0.0
1156,2026-03-01,1,8,3,6,69.8,28.0
42,2026-03-01,1,36,17,0,653.34,3391.54
268,2026-03-01,1,12,2,0,113.92,2994.0
94,2026-03-01,1,28,10,0,378.99,2282.35
470,2026-03-01,1,6,3,4,62.68,449.0
875,2026-03-01,1,11,6,1,173.01,154.0
965,2026-03-01,1,11,4,0,86.21,47.0
321,2026-03-01,1,43,21,0,653.31,1358.39
768,2026-03-01,1,11,2,0,51.6,124.0
981,2026-03-01,1,13,6,0,155.67,214.0
991,2026-03-01,1,16,2,0,198.09,5434.0
300,2026-03-01,1,9,1,0,69.12,0.0
222,2026-03-01,1,18,5,0,256.54,1969.0
1057,2026-03-01,1,19,3,0,122.14,574.0
985,2026-03-01,1,37,18,0,1069.06,1991.09
1371,2026-03-01,1,27,15,0,480.49,1975.84
817,2026-03-01,1,11,5,0,141.23,0.0
1178,2026-03-01,1,13,3,0,109.59,270.0
735,2026-03-01,1,18,4,0,211.07,2405.0
67,2026-03-01,1,32,15,0,409.71,2213.94
489,2026-03-01,1,42,23,0,706.86,1968.4
157,2026-03-01,1,16,14,0,703.94,0.0
78,2026-03-01,1,16,4,0,133.47,230.0
1164,2026-03-01,1,25,4,1,100.42,663.0
1349,2026-03-01,1,36,12,1,506.03,3793.42
1469,2026-03-01,1,5,1,0,31.62,92.0
1293,2026-03-01,1,22,13,2,500.64,2632.25
1324,2026-03-01,1,16,1,0,65.02,535.0
461,2026-03-01,1,9,1,0,28.44,1166.0
633,2026-03-01,1,14,1,0,40.91,157.0
861,2026-03-01,1,11,4,2,138.36,0.0
1390,2026-03-01,1,16,5,0,213.37,749.0
815,2026-03-01,1,31,15,0,637.12,1995.68
251,2026-03-01,1,26,19,0,703.36,1856.37
962,2026-03-01,1,24,13,0,641.74,2970.53
1166,2026-03-01,1,7,0,5,0.0,18.0
1504,2026-03-01,1,5,3,1,81.59,139.0
334,2026-03-01,1,32,15,0,690.97,2152.84
127,2026-03-01,1,5,3,0,146.61,0.0
194,2026-03-01,1,39,16,0,516.94,2345.68
835,2026-03-01,1,20,5,0,245.46,475.0
1340,2026-03-01,1,13,4,1,77.74,172.0
28,2026-03-01,1,26,15,0,541.5,2207.75
1195,2026-03-01,1,2,0,2,0.0,0.0
1214,2026-03-01,1,21,11,0,439.2,505.0
458,2026-03-01,1,14,6,0,189.63,5695.0
629,2026-03-01,1,23,8,0,263.5,2400.09
1068,2026-03-01,1,29,15,1,574.92,2506.2
989,2026-03-01,1,26,12,0,532.33,2693.57
1147,2026-03-01,1,23,10,0,331.38,2517.0
1207,2026-03-01,1,13,4,4,93.81,321.0
450,2026-03-01,1,11,5,0,272.89,0.0
133,2026-03-01,1,11,2,0,43.78,1020.0
173,2026-03-01,1,20,6,0,165.16,817.0
473,2026-03-01,1,13,4,0,121.61,2644.8
1358,2026-03-01,1,20,6,0,289.13,5818.0
1366,2026-03-01,1,7,0,7,0.0,0.0
1069,2026-03-01,1,25,16,6,683.59,1725.31
193,2026-03-01,1,20,4,0,334.35,0.0
158,2026-03-01,1,40,15,0,759.56,1904.54
805,2026-03-01,1,7,2,0,100.65,1195.0
1342,2026-03-01,1,35,15,3,589.91,2622.5
1149,2026-03-01,1,27,13,1,510.53,1781.16
529,2026-03-01,1,37,18,0,502.86,2062.14
1227,2026-03-01,1,31,11,0,764.44,2451.91
919,2026-03-01,1,13,1,0,29.82,407.0
929,2026-03-01,1,7,5,0,190.68,0.0
1244,2026-03-01,1,9,4,0,119.27,108.0
259,2026-03-01,1,14,5,0,219.78,645.0
100,2026-03-01,1,9,4,0,118.38,126.0
278,2026-03-01,1,26,13,0,685.0,1611.58
915,2026-03-01,1,5,5,0,150.86,0.0
542,2026-03-01,1,11,2,0,32.14,767.0
590,2026-03-01,1,33,16,0,676.36,2599.18
328,2026-03-01,1,3,1,0,4.96,0.0
404,2026-03-01,1,17,8,0,187.47,309.0
60,2026-03-01,1,7,5,0,431.67,0.0
219,2026-03-01,1,15,5,0,121.89,318.0
807,2026-03-01,1,10,6,0,218.83,0.0
239,2026-03-01,1,22,11,0,713.57,2150.69
155,2026-03-01,1,29,18,0,744.99,2377.55
167,2026-03-01,1,43,27,0,798.37,2426.94
443,2026-03-01,1,9,5,0,208.98,0.0
256,2026-03-01,1,21,7,0,506.94,624.0
1001,2026-03-01,1,13,3,0,132.06,4323.0
795,2026-03-01,1,24,11,6,509.77,1653.45
1272,2026-03-01,1,23,14,0,715.47,2267.45
384,2026-03-01,1,27,10,0,400.91,1886.15
9,2026-03-01,1,29,11,0,311.66,1742.95
210,2026-03-01,1,10,6,0,270.66,0.0
438,2026-03-01,1,9,3,1,102.41,145.0
683,2026-03-01,1,8,1,0,50.7,720.0
723,2026-03-01,1,26,11,1,479.62,2622.61
317,2026-03-01,1,35,20,0,751.4,2502.7
934,2026-03-01,1,10,4,0,149.46,0.0
690,2026-03-01,1,5,0,0,0.0,2969.0
1487,2026-03-01,1,2,0,0,0.0,0.0
1283,2026-03-01,1,9,2,6,64.72,0.0
125,2026-03-01,1,11,6,0,335.6,139.0
1254,2026-03-01,1,23,14,0,606.0,3711.11
1507,2026-03-01,1,8,4,1,129.83,143.0
1129,2026-03-01,1,8,1,0,18.26,39.0
248,2026-03-01,1,17,5,0,294.72,0.0
1011,2026-03-01,1,19,7,0,179.22,506.0
1034,2026-03-01,1,10,3,0,249.71,2018.0
802,2026-03-01,1,29,13,1,640.94,2075.8
951,2026-03-01,1,15,4,0,83.34,1177.0
477,2026-03-01,1,12,3,0,95.93,493.0
818,2026-03-01,1,23,16,0,437.72,2516.94
1418,2026-03-01,1,7,3,6,61.76,73.0
22,2026-03-01,1,30,11,0,399.64,2481.54
151,2026-03-01,1,31,20,0,874.23,1927.99
184,2026-03-01,1,41,28,0,1618.34,2254.9
291,2026-03-01,1,28,17,0,640.05,2047.84
345,2026-03-01,1,35,18,0,783.06,1902.56
619,2026-03-01,1,36,11,0,315.53,2065.43
829,2026-03-01,1,29,16,0,742.25,3787.67
958,2026-03-01,1,28,15,0,645.49,1906.59
357,2026-03-01,1,38,16,0,845.09,2819.3
867,2026-03-01,1,29,14,0,535.26,2471.8
1397,2026-03-01,1,21,9,0,434.9,2531.39
1175,2026-03-01,1,14,5,0,765.35,862.0
754,2026-03-01,1,15,7,0,268.86,594.0
1286,2026-03-01,1,13,7,0,229.08,0.0
267,2026-03-01,1,32,15,0,379.49,2393.02
486,2026-03-01,1,36,17,0,467.59,2453.99
507,2026-03-01,1,33,19,0,531.41,1811.77
715,2026-03-01,1,24,17,0,652.81,1879.46
1026,2026-03-01,1,30,17,0,502.66,2154.74
1120,2026-03-01,1,19,14,0,251.67,1950.51
1170,2026-03-01,1,28,11,0,398.8,2291.37
1261,2026-03-01,1,38,19,0,513.95,1681.27
842,2026-03-01,1,10,6,0,196.73,0.0
898,2026-03-01,1,15,7,0,383.95,0.0
1300,2026-03-01,1,29,22,0,860.24,2702.03
1150,2026-03-01,1,15,5,0,160.26,635.0
568,2026-03-01,1,33,14,0,426.38,2393.67
141,2026-03-01,1,26,9,0,690.77,1413.89
907,2026-03-01,1,26,19,0,817.58,2614.32
996,2026-03-01,1,37,19,0,837.74,2215.51
1223,2026-03-01,1,26,15,0,541.51,1329.48
1486,2026-03-01,1,4,0,13,0.0,0.0
909,2026-03-01,1,11,1,2,8.61,643.0
1235,2026-03-01,1,6,0,9,0.0,0.0
1006,2026-03-01,1,20,4,0,76.24,264.0
743,2026-03-01,1,15,4,0,149.53,302.0
1213,2026-03-01,1,13,5,4,108.46,25.0
1198,2026-03-01,1,27,5,0,224.24,584.0
610,2026-03-01,1,9,3,0,68.22,3555.0
510,2026-03-01,1,9,4,0,92.8,1064.0
92,2026-03-01,1,13,7,0,155.0,0.0
110,2026-03-01,1,18,2,0,36.71,282.0
1251,2026-03-01,1,11,3,3,91.98,146.0
1405,2026-03-01,1,7,1,0,14.02,0.0
561,2026-03-01,1,30,15,0,514.2,3048.61
252,2026-03-01,1,19,6,0,536.14,149.0
680,2026-03-01,1,15,3,0,75.67,5292.0
1335,2026-03-01,1,10,4,4,103.44,0.0
988,2026-03-01,1,24,6,0,163.38,821.0
335,2026-03-01,1,27,14,0,474.38,2466.92
315,2026-03-01,1,2,0,0,0.0,0.0
1093,2026-03-01,1,11,4,0,169.37,88.0
1206,2026-03-01,1,14,0,0,0.0,2049.0
1111,2026-03-01,1,18,6,1,183.82,270.0
247,2026-03-01,1,8,5,0,142.17,634.0
961,2026-03-01,1,14,5,0,119.6,136.0
1005,2026-03-01,1,15,2,0,47.07,1553.0
1400,2026-03-01,1,17,3,0,115.34,2025.0
274,2026-03-01,1,40,15,0,648.36,3575.87
221,2026-03-01,1,21,6,0,253.2,1040.0
1280,2026-03-01,1,12,8,0,118.31,0.0
1294,2026-03-01,1,15,8,0,351.39,115.0
488,2026-03-01,1,13,4,0,165.24,592.0
1112,2026-03-01,1,13,4,0,259.81,91.0
1317,2026-03-01,1,15,4,0,84.86,132.0
825,2026-03-01,1,11,8,0,486.42,232.0
798,2026-03-01,1,8,5,0,242.3,2796.0
149,2026-03-01,1,14,4,0,150.05,0.0
426,2026-03-01,1,15,4,0,136.37,240.0
336,2026-03-01,1,26,13,0,349.71,3120.36
930,2026-03-01,1,12,6,0,274.99,0.0
616,2026-03-01,1,4,4,1,180.94,0.0
980,2026-03-01,1,13,2,0,30.83,74.0
869,2026-03-01,1,9,1,0,14.31,878.0
931,2026-03-01,1,5,0,6,0.0,769.0
72,2026-03-01,1,16,5,0,139.42,422.0
1221,2026-03-01,1,12,2,0,91.33,1740.0
235,2026-03-01,1,9,1,0,20.32,0.0
366,2026-03-01,1,23,3,0,66.61,797.0
1140,2026-03-01,1,10,3,0,118.65,1477.0
150,2026-03-01,1,8,2,0,29.8,8719.0
753,2026-03-01,1,20,7,0,361.51,589.0
444,2026-03-01,1,18,9,0,376.24,774.0
526,2026-03-01,1,11,3,0,136.37,0.0
1386,2026-03-01,1,23,4,0,100.15,1079.0
112,2026-03-01,1,11,7,0,273.53,0.0
374,2026-03-01,1,16,5,0,174.25,536.0
1046,2026-03-01,1,10,5,0,243.93,147.0
659,2026-03-01,1,9,4,0,245.24,185.0
1131,2026-03-01,1,8,4,1,58.88,0.0
1381,2026-03-01,1,14,5,17,180.59,774.0
828,2026-03-01,1,7,2,0,61.53,234.0
682,2026-03-01,1,14,2,0,87.47,2755.0
1242,2026-03-01,1,14,4,0,132.6,177.0
1323,2026-03-01,1,30,15,0,786.48,1755.08
485,2026-03-01,1,4,4,0,161.97,0.0
1004,2026-03-01,1,13,6,0,228.81,390.0
17,2026-03-01,1,6,1,0,33.4,796.0
147,2026-03-01,1,11,1,0,24.16,1230.0
403,2026-03-01,1,22,17,0,939.52,1969.75
809,2026-03-01,1,26,17,0,683.59,2172.9
1248,2026-03-01,1,8,2,1,49.8,0.0
218,2026-03-01,1,15,3,0,63.97,443.0
47,2026-03-01,1,34,15,0,539.31,1331.8
1320,2026-03-01,1,4,2,3,56.79,0.0
214,2026-03-01,1,13,2,0,69.37,2411.0
777,2026-03-01,1,9,4,0,205.22,5918.0
1277,2026-03-01,1,22,5,0,116.64,524.0
434,2026-03-01,1,13,5,0,145.36,516.0
432,2026-03-01,1,9,2,0,76.92,1520.0
820,2026-03-01,1,16,6,0,232.86,870.0
455,2026-03-01,1,6,0,0,0.0,0.0
624,2026-03-01,1,21,10,3,592.75,2044.69
725,2026-03-01,1,13,2,0,120.33,1853.0
756,2026-03-01,1,7,1,5,8.42,0.0
1395,2026-03-01,1,23,4,4,79.46,155.0
1415,2026-03-01,1,15,8,0,317.16,390.0
601,2026-03-01,1,33,11,0,462.79,3496.28
1201,2026-03-01,1,32,17,1,472.6,2115.88
1002,2026-03-01,1,41,19,0,814.05,2474.89
750,2026-03-01,1,45,21,1,1074.47,2069.7
801,2026-03-01,1,23,8,0,432.16,2615.42
1502,2026-03-01,1,12,5,1,203.93,210.0
1,2026-03-01,1,18,4,0,171.83,3461.0
1471,2026-03-01,1,24,13,0,392.02,321.0
1019,2026-03-01,1,5,0,0,0.0,3637.0
706,2026-03-01,1,16,3,0,230.3,3600.0
262,2026-03-01,1,33,19,0,777.52,1963.47
484,2026-03-01,1,25,16,0,624.84,1824.14
974,2026-03-01,1,20,10,0,643.67,2782.29
863,2026-03-01,1,16,1,3,22.41,366.0
199,2026-03-01,1,16,4,0,143.42,0.0
340,2026-03-01,1,4,0,0,0.0,0.0
359,2026-03-01,1,36,13,0,310.33,3152.54
420,2026-03-01,1,26,15,1,614.8,2144.97
866,2026-03-01,1,8,4,0,161.01,0.0
1215,2026-03-01,1,17,6,0,179.74,133.0
498,2026-03-01,1,12,4,0,110.31,0.0
671,2026-03-01,1,5,2,0,309.1,304.0
61,2026-03-01,1,4,4,0,95.98,0.0
1031,2026-03-01,1,16,2,2,125.13,0.0
1357,2026-03-01,1,11,2,0,73.7,201.0
1275,2026-03-01,1,12,3,0,100.31,323.0
495,2026-03-01,1,7,1,0,19.62,1549.0
982,2026-03-01,1,13,6,0,190.35,171.0
533,2026-03-01,1,16,5,0,245.15,1282.0
1021,2026-03-01,1,19,4,0,203.83,201.0
1240,2026-03-01,1,20,3,0,131.9,552.0
1187,2026-03-01,1,7,3,0,40.69,0.0
273,2026-03-01,1,23,5,0,228.83,3039.0
5,2026-03-01,1,4,4,0,268.1,0.0
718,2026-03-01,1,10,5,0,159.17,118.0
872,2026-03-01,1,12,6,0,152.22,185.0
476,2026-03-01,1,16,2,0,60.9,1007.0
253,2026-03-01,1,10,8,0,306.68,0.0
1071,2026-03-01,1,14,6,0,155.19,383.0
1334,2026-03-01,1,13,7,0,211.89,0.0
553,2026-03-01,1,11,5,0,246.72,120.0
711,2026-03-01,1,13,3,0,81.25,1151.0
354,2026-03-01,1,11,5,0,265.33,0.0
356,2026-03-01,1,25,4,0,160.9,450.0
1127,2026-03-01,1,9,3,0,88.81,0.0
969,2026-03-01,1,7,2,3,37.93,206.0
545,2026-03-01,1,11,2,0,106.89,104.0
286,2026-03-01,1,12,2,0,49.26,2724.0
203,2026-03-01,1,10,2,0,25.21,348.0
1389,2026-03-01,1,6,2,0,28.75,0.0
637,2026-03-01,1,12,2,0,59.23,0.0
1279,2026-03-01,1,13,3,0,86.6,155.0
713,2026-03-01,1,13,7,0,314.73,0.0
736,2026-03-01,1,13,8,0,308.16,67.0
1345,2026-03-01,1,19,6,0,152.28,598.0
1028,2026-03-01,1,16,4,0,136.29,202.0
339,2026-03-01,1,10,1,0,131.94,1945.0
323,2026-03-01,1,12,10,0,347.06,0.0
1173,2026-03-01,1,14,7,0,383.23,1071.0
1061,2026-03-01,1,12,3,0,58.88,86.0
782,2026-03-01,1,16,1,0,88.88,0.0
570,2026-03-01,1,16,5,0,162.35,574.0
778,2026-03-01,1,19,6,1,269.66,156.0
704,2026-03-01,1,17,2,0,127.65,3985.0
1364,2026-03-01,1,12,2,0,64.31,4406.0
1514,2026-03-01,1,8,5,6,174.1,188.0
584,2026-03-01,1,14,3,0,66.38,60.0
643,2026-03-01,1,18,3,0,74.18,246.0
811,2026-03-01,1,15,4,0,104.37,166.0
581,2026-03-01,1,7,1,0,80.09,0.0
419,2026-03-01,1,9,2,0,168.65,393.0
1020,2026-03-01,1,21,8,0,262.93,740.0
1413,2026-03-01,1,14,3,0,91.09,1105.0
1309,2026-03-01,1,14,8,2,278.85,0.0
1190,2026-03-01,1,12,1,0,23.89,947.0
1352,2026-03-01,1,13,2,0,140.95,355.0
1297,2026-03-01,1,17,2,0,13.5,756.0
1310,2026-03-01,1,10,5,2,123.11,794.0
1304,2026-03-01,1,12,6,2,189.03,209.0
101,2026-03-01,1,15,3,0,185.15,3137.0
1476,2026-03-01,1,9,1,11,113.96,129.0
975,2026-03-01,1,6,6,0,122.81,0.0
955,2026-03-01,1,13,6,0,243.42,2102.0
435,2026-03-01,1,8,2,0,30.86,0.0
596,2026-03-01,1,9,2,0,40.09,1405.0
1049,2026-03-01,1,21,3,0,104.78,895.0
895,2026-03-01,1,15,2,0,55.53,231.0
1510,2026-03-01,1,23,11,1,292.27,669.0
514,2026-03-01,1,22,11,0,408.72,1042.0
99,2026-03-01,1,3,1,0,24.98,0.0
1305,2026-03-01,1,8,2,1,81.98,0.0
1276,2026-03-01,1,8,4,0,150.7,0.0
1168,2026-03-01,1,6,0,0,0.0,2163.0
454,2026-03-01,1,8,6,0,247.43,0.0
365,2026-03-01,1,12,2,0,81.89,272.0
1406,2026-03-01,1,25,10,0,386.69,631.0
56,2026-03-01,1,3,1,0,73.14,0.0
651,2026-03-01,1,11,4,0,115.27,298.0
499,2026-03-01,1,4,2,0,40.56,0.0
1231,2026-03-01,1,13,3,0,114.32,776.0
1485,2026-03-01,1,16,4,0,127.13,605.0
781,2026-03-01,1,13,3,0,73.35,469.0
622,2026-03-01,1,6,4,0,138.51,0.0
979,2026-03-01,1,14,2,0,104.17,147.0
163,2026-03-01,1,7,0,0,0.0,3158.0
1059,2026-03-01,1,3,0,4,0.0,0.0
269,2026-03-01,1,5,3,0,134.06,0.0
1037,2026-03-01,1,7,3,3,230.97,0.0
1030,2026-03-01,1,6,2,0,66.08,0.0
1425,2026-03-01,1,14,4,8,103.74,108.0
1285,2026-03-01,1,8,1,4,25.53,0.0
16,2026-03-01,1,12,2,0,103.21,1703.0
1483,2026-03-01,1,6,2,0,82.86,872.0
1404,2026-03-01,1,9,3,0,252.56,179.0
1506,2026-03-01,1,15,9,0,340.97,19.0
599,2026-03-01,1,5,1,0,56.65,0.0
1003,2026-03-01,1,15,0,0,0.0,428.0
1036,2026-03-01,1,11,7,0,285.65,0.0
628,2026-03-01,1,13,4,0,197.0,336.0
635,2026-03-01,1,11,8,0,415.35,88.0
1402,2026-03-01,1,11,5,0,204.65,602.0
1368,2026-03-01,1,16,1,0,33.45,6231.0
800,2026-03-01,1,19,3,0,85.51,6191.0
1281,2026-03-01,1,10,3,0,79.47,154.0
44,2026-03-01,1,11,2,0,37.33,252.0
1119,2026-03-01,1,20,11,0,308.42,89.0
1179,2026-03-01,1,11,6,0,273.24,141.0
1295,2026-03-01,1,17,4,0,102.2,31.0
1346,2026-03-01,1,6,4,0,168.01,0.0
1267,2026-03-01,1,4,4,1,67.38,0.0
275,2026-03-01,1,20,4,0,113.77,272.0
449,2026-03-01,1,10,2,0,186.01,254.0
1070,2026-03-01,1,14,10,1,564.66,336.0
1066,2026-03-01,1,14,5,0,165.29,466.0
1447,2026-03-01,0,0,0,0,0.0,0.0
346,2026-03-01,1,10,6,0,132.9,0.0
1431,2026-03-01,1,16,6,12,107.53,127.0
691,2026-03-01,1,20,13,0,652.79,34.0
714,2026-03-01,1,14,3,2,61.4,324.0
1326,2026-03-01,1,17,8,0,290.42,382.0
1197,2026-03-01,1,9,6,0,237.95,51.0
1101,2026-03-01,1,11,7,1,203.81,0.0
51,2026-03-01,1,8,1,0,11.38,6732.0
1042,2026-03-01,1,2,0,0,0.0,0.0
314,2026-03-01,1,14,3,0,75.2,1268.0
238,2026-03-01,1,17,9,0,280.32,233.0
1490,2026-03-01,1,20,7,5,122.53,149.0
1505,2026-03-01,1,8,3,0,131.39,181.0
319,2026-03-01,1,10,6,0,259.19,0.0
566,2026-03-01,1,11,1,0,64.66,4781.0
784,2026-03-01,1,5,3,2,69.29,0.0
860,2026-03-01,1,12,4,0,423.42,0.0
987,2026-03-01,1,9,2,3,57.57,0.0
572,2026-03-01,1,10,1,0,10.41,1988.0
582,2026-03-01,1,11,5,0,241.83,0.0
1373,2026-03-01,1,4,0,0,0.0,0.0
465,2026-03-01,1,9,3,0,96.44,0.0
994,2026-03-01,1,6,3,0,113.46,329.0
855,2026-03-01,1,14,5,0,227.06,627.0
223,2026-03-01,1,20,6,0,274.59,1027.0
574,2026-03-01,1,13,4,0,75.65,995.0
139,2026-03-01,1,8,3,0,78.51,631.0
390,2026-03-01,1,9,3,0,56.04,0.0
1073,2026-03-01,1,8,0,0,0.0,1991.0
1437,2026-03-01,1,7,5,2,159.62,172.0
481,2026-03-01,1,19,4,0,71.87,348.0
577,2026-03-01,1,15,3,0,398.24,3123.0
940,2026-03-01,1,9,3,0,91.25,0.0
1007,2026-03-01,1,7,7,0,215.05,0.0
1347,2026-03-01,1,12,1,0,70.22,5802.0
1086,2026-03-01,1,10,4,0,62.74,0.0
309,2026-03-01,1,8,3,0,68.99,5570.0
532,2026-03-01,1,20,5,0,278.64,6195.0
409,2026-03-01,1,8,1,0,55.69,3714.0
23,2026-03-01,1,15,3,0,139.55,1061.0
1399,2026-03-01,1,17,6,0,244.28,277.0
525,2026-03-01,1,18,4,0,124.45,307.0
1162,2026-03-01,1,10,5,0,196.12,1099.0
333,2026-03-01,1,10,0,0,0.0,449.0
1473,2026-03-01,1,16,7,6,233.98,248.0
373,2026-03-01,1,6,2,0,168.04,0.0
1442,2026-03-01,1,19,8,4,364.18,402.0
1322,2026-03-01,1,14,5,0,134.75,1133.0
1338,2026-03-01,1,5,1,0,15.7,0.0
1165,2026-03-01,1,17,3,0,134.43,453.0
1113,2026-03-01,1,17,2,0,30.37,84.0
195,2026-03-01,1,11,1,0,18.78,3031.0
1384,2026-03-01,1,11,3,2,77.21,0.0
451,2026-03-01,1,8,4,0,312.15,0.0
1016,2026-03-01,1,8,6,0,239.36,0.0
1500,2026-03-01,1,12,5,0,152.28,592.0
405,2026-03-01,1,3,1,0,37.39,0.0
703,2026-03-01,1,13,5,0,199.37,0.0
745,2026-03-01,1,11,3,1,101.07,7258.0
843,2026-03-01,1,12,4,0,176.33,0.0
924,2026-03-01,1,15,1,0,44.76,12201.0
593,2026-03-01,1,14,5,0,120.84,1120.0
1266,2026-03-01,1,13,6,0,412.35,471.0
245,2026-03-01,1,17,5,0,127.89,95.0
410,2026-03-01,1,12,3,0,71.62,668.0
1299,2026-03-01,1,13,3,0,96.5,1039.0
1292,2026-03-01,1,8,2,0,24.74,0.0
1463,2026-03-01,1,12,4,0,192.51,918.0
1516,2026-03-01,1,2,0,0,0.0,0.0
1464,2026-03-01,1,11,3,0,50.16,655.0
1258,2026-03-01,1,9,5,0,154.73,0.0
848,2026-03-01,1,4,0,0,0.0,0.0
1455,2026-03-01,1,5,1,0,65.33,67.0
1477,2026-03-01,0,0,0,0,0.0,0.0
1392,2026-03-01,1,2,0,0,0.0,0.0
1362,2026-03-01,1,11,1,0,20.48,4286.0
329,2026-03-01,1,9,1,0,64.25,0.0
1172,2026-03-01,1,10,7,0,235.88,161.0
24,2026-03-01,1,11,0,0,0.0,1120.0
196,2026-03-01,1,11,5,0,160.81,250.0
1047,2026-03-01,1,9,2,0,81.93,153.0
1048,2026-03-01,1,3,3,0,443.3,0.0
264,2026-03-01,1,14,2,0,16.35,270.0
324,2026-03-01,1,4,0,0,0.0,0.0
387,2026-03-01,1,18,8,0,206.52,688.0
369,2026-03-01,1,15,3,0,103.13,4594.0
1176,2026-03-01,1,6,4,0,124.09,0.0
597,2026-03-01,1,7,4,0,79.64,89.0
648,2026-03-01,1,11,3,0,139.67,3481.0
646,2026-03-01,1,5,3,0,146.16,0.0
508,2026-03-01,1,7,3,0,99.48,0.0
385,2026-03-01,1,11,3,0,78.9,0.0
116,2026-03-01,1,12,2,0,39.76,0.0
1427,2026-03-01,1,14,5,0,147.44,482.0
37,2026-03-01,1,9,1,0,27.79,138.0
1118,2026-03-01,1,8,5,0,174.88,53.0
1269,2026-03-01,1,4,0,0,0.0,0.0
1433,2026-03-01,1,15,5,0,119.94,434.0
358,2026-03-01,1,15,5,0,136.24,0.0
234,2026-03-01,1,14,4,0,141.74,347.0
932,2026-03-01,1,7,3,0,93.61,0.0
549,2026-03-01,1,12,1,0,16.65,1275.0
1291,2026-03-01,1,11,1,0,116.45,9383.0
1167,2026-03-01,1,7,4,0,125.29,56.0
201,2026-03-01,1,8,2,0,81.19,3676.0
1444,2026-03-01,1,8,4,9,108.37,119.0
1273,2026-03-01,1,4,2,0,70.57,0.0
1302,2026-03-01,1,13,5,0,90.49,323.0
135,2026-03-01,1,11,3,0,296.97,915.0
130,2026-03-01,1,17,4,0,400.76,813.0
53,2026-03-01,1,7,1,0,29.41,0.0
1493,2026-03-01,1,11,2,12,20.9,59.0
1412,2026-03-01,1,12,5,0,134.05,404.0
1503,2026-03-01,1,12,2,0,86.78,3680.0
1466,2026-03-01,1,10,3,1,51.0,277.0
517,2026-03-01,1,4,0,0,0.0,0.0
463,2026-03-01,1,12,5,0,139.23,375.0
1509,2026-03-01,1,8,3,0,57.77,373.0
1454,2026-03-01,1,3,1,0,20.48,2346.0
1122,2026-03-01,1,5,1,0,51.81,0.0
1378,2026-03-01,1,23,3,0,185.31,3076.0
660,2026-03-01,1,13,1,0,205.7,992.0
483,2026-03-01,1,3,3,0,112.54,0.0
1356,2026-03-01,1,8,2,0,107.95,0.0
606,2026-03-01,1,14,6,0,310.61,690.0
29,2026-03-01,1,6,1,0,14.82,183.0
1436,2026-03-01,1,7,1,0,37.31,331.0
1465,2026-03-01,1,8,4,3,81.22,89.0
50,2026-03-01,1,11,4,0,118.61,69.0
1159,2026-03-01,1,11,2,0,527.98,1635.0
1041,2026-03-01,1,15,4,0,111.66,584.0
57,2026-03-01,1,15,2,0,45.15,1540.0
1456,2026-03-01,1,4,0,0,0.0,0.0
656,2026-03-01,1,10,3,0,92.67,124.0
1481,2026-03-01,1,7,2,0,33.3,541.0
474,2026-03-01,1,1,1,0,22.98,0.0
672,2026-03-01,1,11,1,0,27.21,2285.0
587,2026-03-01,1,8,4,0,287.62,0.0
666,2026-03-01,1,7,1,0,152.63,0.0
831,2026-03-01,1,14,7,0,364.65,235.0
746,2026-03-01,1,9,1,0,66.43,0.0
780,2026-03-01,1,9,0,0,0.0,601.0
964,2026-03-01,1,9,1,0,105.42,1916.0
612,2026-03-01,1,12,5,0,115.65,202.0
392,2026-03-01,1,6,4,0,119.17,0.0
1439,2026-03-01,1,9,1,0,21.91,508.0
1015,2026-03-01,1,17,5,0,156.57,152.0
10,2026-03-01,1,8,2,0,79.66,290.0
1499,2026-03-01,1,14,4,5,53.13,77.0
699,2026-03-01,1,2,0,0,0.0,0.0
1494,2026-03-01,1,9,2,0,48.85,191.0
1217,2026-03-01,1,11,1,0,159.3,4440.0
430,2026-03-01,1,5,3,0,102.8,0.0
692,2026-03-01,1,12,2,0,40.49,3402.0
903,2026-03-01,1,4,4,0,442.26,0.0
1137,2026-03-01,1,11,2,0,88.06,203.0
1409,2026-03-01,1,10,2,0,106.51,2197.0
257,2026-03-01,1,9,3,0,83.49,0.0
1508,2026-03-01,1,12,2,4,18.85,43.0
1450,2026-03-01,1,6,2,1,75.4,124.0
1489,2026-03-01,1,4,2,0,43.21,65.0
1336,2026-03-01,1,5,3,0,102.5,0.0
1443,2026-03-01,1,11,2,0,39.64,535.0
608,2026-03-01,1,8,3,0,78.01,1238.0
1282,2026-03-01,1,6,4,0,106.22,0.0
1426,2026-03-01,1,10,1,0,19.26,3932.0
1496,2026-03-01,0,0,0,0,0.0,0.0
1441,2026-03-01,0,0,0,0,0.0,0.0
1448,2026-03-01,1,9,3,0,81.37,207.0
636,2026-03-01,1,5,2,0,42.95,1532.0
1421,2026-03-01,1,11,3,0,71.59,542.0
1484,2026-03-01,1,11,6,0,160.38,548.0
1154,2026-03-01,1,8,1,0,43.12,2072.0
1417,2026-03-01,0,0,0,0,0.0,0.0
751,2026-03-01,1,7,0,0,0.0,257.0
89,2026-03-01,1,7,1,0,58.82,0.0
783,2026-03-01,1,8,3,0,59.82,2500.0
1452,2026-03-01,0,0,0,0,0.0,0.0
1040,2026-03-01,1,14,1,0,39.21,2693.0
496,2026-03-01,1,2,2,0,71.46,0.0
1432,2026-03-01,1,4,2,1,51.79,108.0
250,2026-03-01,1,8,1,0,70.34,287.0
1163,2026-03-01,1,5,1,0,18.55,0.0
803,2026-03-01,1,4,0,0,0.0,0.0
1479,2026-03-01,1,4,0,0,0.0,0.0
1428,2026-03-01,1,10,0,0,0.0,273.0
165,2026-03-01,1,2,0,0,0.0,0.0
1438,2026-03-01,1,5,1,2,48.03,79.0
1410,2026-03-01,1,4,2,1,41.87,28.0
1435,2026-03-01,1,9,3,7,79.15,90.0
1446,2026-03-01,1,3,1,0,33.49,980.0
913,2026-03-01,1,2,0,0,0.0,2460.0
1429,2026-03-01,0,0,0,0,0.0,0.0
737,2026-03-01,1,7,0,0,0.0,1648.0
1420,2026-03-01,1,4,0,0,0.0,1010.0
1513,2026-03-01,1,5,3,0,138.47,183.0
1518,2026-03-01,1,8,1,0,16.34,949.0
1010,2026-03-01,1,2,0,0,0.0,0.0
1511,2026-03-01,1,9,3,0,86.66,246.0
1459,2026-03-01,1,4,0,0,0.0,0.0
1467,2026-03-01,1,4,0,0,0.0,0.0
724,2026-03-01,1,3,1,1,39.89,146.0
1211,2026-03-01,1,6,2,2,85.04,0.0
1414,2026-03-01,1,6,0,0,0.0,5094.0
551,2026-03-01,1,4,2,0,88.13,1005.0
437,2026-03-01,1,1,1,0,7.7,0.0
1462,2026-03-01,1,4,0,0,0.0,0.0
1517,2026-03-01,1,7,2,0,57.45,276.0
1416,2026-03-01,1,2,0,0,0.0,469.0
1515,2026-03-01,1,5,1,0,22.67,241.0
1488,2026-03-01,1,3,1,0,66.7,219.0
1419,2026-03-01,1,3,1,0,13.79,88.0
1355,2026-03-01,1,5,1,0,13.04,0.0
1424,2026-03-01,1,7,1,0,33.14,400.0
755,2026-03-01,1,2,0,0,0.0,1223.0
1458,2026-03-01,1,2,0,0,0.0,514.0
1461,2026-03-01,1,4,0,0,0.0,34.0
1468,2026-03-01,1,2,0,0,0.0,1517.0
1470,2026-03-01,1,4,0,0,0.0,65.0
1491,2026-03-01,1,5,0,0,0.0,309.0
1411,2026-03-01,1,3,1,0,24.31,121.0
1472,2026-03-01,0,0,0,0,0.0,0.0
1453,2026-03-01,1,2,0,0,0.0,143.0
763,2026-03-01,1,4,0,0,0.0,0.0
1445,2026-03-01,0,0,0,0,0.0,0.0
1449,2026-03-01,0,0,0,0,0.0,0.0
1474,2026-03-01,1,3,1,1,41.03,74.0
1512,2026-03-01,0,0,0,0,0.0,0.0
1451,2026-03-01,0,0,0,0,0.0,0.0
1434,2026-03-01,0,0,0,0,0.0,0.0
1495,2026-03-01,0,0,0,0,0.0,0.0
1457,2026-03-01,0,0,0,0,0.0,0.0
1440,2026-03-01,0,0,0,0,0.0,0.0
1423,2026-03-01,0,0,0,0,0.0,0.0
1422,2026-03-01,0,0,0,0,0.0,0.0
1497,2026-03-01,1,2,0,0,0.0,301.0
1347,2026-04-01,1,4,2,0,52.92,0.0
1338,2026-04-01,1,8,5,0,161.18,1319.0
694,2026-04-01,1,15,6,0,262.88,6534.0
770,2026-04-01,1,42,19,0,703.88,1370.28
1293,2026-04-01,1,46,23,0,995.27,2662.49
797,2026-04-01,1,11,5,0,69.18,138.0
802,2026-04-01,1,22,16,0,606.81,2143.1
917,2026-04-01,1,33,18,2,643.33,1345.62
705,2026-04-01,1,17,8,0,286.39,2620.38
21,2026-04-01,1,36,23,0,1254.13,2061.59
66,2026-04-01,1,36,25,0,1193.45,1577.79
71,2026-04-01,1,27,12,0,396.69,2116.96
79,2026-04-01,1,37,21,0,693.73,1869.76
211,2026-04-01,1,46,23,0,1112.9,2714.4
288,2026-04-01,1,29,18,5,990.86,1725.73
292,2026-04-01,1,28,15,0,565.61,2885.85
345,2026-04-01,1,38,16,0,799.99,2024.29
384,2026-04-01,1,28,12,0,561.09,1986.92
491,2026-04-01,1,24,15,0,515.16,1133.34
512,2026-04-01,1,30,12,0,439.35,2408.81
513,2026-04-01,1,27,12,0,372.15,2519.95
530,2026-04-01,1,17,6,0,260.55,2446.73
558,2026-04-01,1,37,20,0,828.85,3592.3
619,2026-04-01,1,31,16,1,606.99,2065.09
639,2026-04-01,1,36,19,0,595.83,1675.31
739,2026-04-01,1,39,18,0,407.05,2641.27
748,2026-04-01,1,34,15,0,788.15,2481.34
750,2026-04-01,1,39,19,1,686.22,1763.81
824,2026-04-01,1,30,17,0,591.95,2147.37
911,2026-04-01,1,28,8,4,253.31,1233.93
920,2026-04-01,1,30,15,0,423.75,1935.77
939,2026-04-01,1,35,15,0,486.54,2156.03
960,2026-04-01,1,37,18,0,858.05,3514.15
970,2026-04-01,1,30,17,4,464.21,1724.22
1008,2026-04-01,1,29,20,0,839.96,2189.22
1099,2026-04-01,1,24,13,0,530.01,2959.74
1149,2026-04-01,1,33,18,2,904.96,1752.65
1229,2026-04-01,1,16,11,0,508.79,2220.56
1236,2026-04-01,1,28,15,1,814.99,2319.73
1380,2026-04-01,1,44,15,2,496.15,1690.6
1403,2026-04-01,1,35,19,0,747.17,1409.29
1431,2026-04-01,1,20,15,0,541.03,1266.84
456,2026-04-01,1,4,0,0,0.0,0.0
1057,2026-04-01,1,19,6,0,181.51,379.0
278,2026-04-01,1,26,15,0,463.42,1605.37
966,2026-04-01,1,29,16,0,935.33,1819.16
258,2026-04-01,1,21,8,0,296.67,705.0
947,2026-04-01,1,12,4,0,189.4,200.0
1460,2026-04-01,1,8,3,0,69.43,205.0
283,2026-04-01,1,29,20,0,1286.14,1970.82
11,2026-04-01,1,38,17,0,729.46,2377.9
13,2026-04-01,1,33,18,0,623.52,2273.65
58,2026-04-01,1,31,10,0,219.75,2536.12
94,2026-04-01,1,36,16,0,436.84,2495.7
126,2026-04-01,1,36,13,0,487.49,1829.43
174,2026-04-01,1,41,17,0,598.05,2830.46
263,2026-04-01,1,34,15,0,722.45,3255.65
291,2026-04-01,1,28,15,0,498.26,2150.13
420,2026-04-01,1,26,11,4,753.96,2036.27
433,2026-04-01,1,32,17,0,498.32,2427.94
489,2026-04-01,1,27,18,0,789.27,1922.4
560,2026-04-01,1,30,13,0,390.01,2325.72
580,2026-04-01,1,41,16,6,764.27,2399.87
591,2026-04-01,1,44,27,0,1323.43,1368.19
641,2026-04-01,1,32,15,0,403.01,2728.13
749,2026-04-01,1,30,16,0,455.53,1367.82
856,2026-04-01,1,33,12,0,458.81,1790.6
867,2026-04-01,1,18,11,0,454.14,2534.93
928,2026-04-01,1,32,11,0,636.98,2250.18
963,2026-04-01,1,33,20,0,720.95,1540.27
985,2026-04-01,1,26,17,0,929.18,2020.22
1023,2026-04-01,1,30,17,0,561.72,2075.44
1076,2026-04-01,1,23,12,0,377.5,2860.87
1209,2026-04-01,1,24,9,2,369.77,2655.42
1239,2026-04-01,1,39,18,0,711.85,2697.53
1272,2026-04-01,1,30,15,0,530.66,2311.87
1351,2026-04-01,1,34,23,0,795.3,2432.14
1372,2026-04-01,1,34,17,0,648.63,2571.31
1121,2026-04-01,1,36,12,0,367.15,2095.17
365,2026-04-01,1,5,5,0,103.83,0.0
1505,2026-04-01,1,18,4,2,265.56,286.0
927,2026-04-01,1,13,9,0,392.05,0.0
678,2026-04-01,1,36,23,0,805.07,3539.4
601,2026-04-01,1,34,9,0,921.38,3329.06
723,2026-04-01,1,32,15,0,629.56,2955.03
390,2026-04-01,1,19,5,0,151.17,265.0
478,2026-04-01,1,33,16,0,693.18,1741.37
1054,2026-04-01,1,26,20,0,1064.02,1956.8
978,2026-04-01,1,38,18,0,596.45,2592.91
238,2026-04-01,1,13,9,0,292.25,0.0
1377,2026-04-01,1,29,13,2,362.62,1636.46
1299,2026-04-01,1,12,4,0,82.34,0.0
68,2026-04-01,1,25,11,0,319.08,2187.14
160,2026-04-01,1,39,20,0,843.75,2781.49
194,2026-04-01,1,39,20,0,791.51,2392.38
266,2026-04-01,1,24,7,0,354.39,1867.17
271,2026-04-01,1,39,24,0,1310.37,1692.0
293,2026-04-01,1,37,16,0,751.92,2679.91
316,2026-04-01,1,39,13,0,650.54,2023.91
364,2026-04-01,1,29,14,0,648.69,1951.0
457,2026-04-01,1,16,11,0,487.43,1426.03
534,2026-04-01,1,28,17,1,788.04,1740.47
614,2026-04-01,1,21,14,0,595.02,1376.01
624,2026-04-01,1,26,17,0,491.27,2019.98
673,2026-04-01,1,21,12,0,630.67,1989.96
759,2026-04-01,1,36,14,0,568.89,1875.39
953,2026-04-01,1,18,13,0,626.6,2194.87
972,2026-04-01,1,32,20,0,818.31,2333.2
1024,2026-04-01,1,26,13,0,309.12,2463.11
1032,2026-04-01,1,21,8,0,363.99,2614.7
1069,2026-04-01,1,21,10,0,377.03,1812.0
1077,2026-04-01,1,28,15,0,586.68,2563.02
1155,2026-04-01,1,35,14,0,929.76,2831.03
1185,2026-04-01,1,47,18,0,713.77,3076.97
1220,2026-04-01,1,40,18,0,663.61,2718.3
1224,2026-04-01,1,26,13,0,502.07,2387.39
1228,2026-04-01,1,35,18,0,867.0,3048.08
1261,2026-04-01,1,30,17,0,494.14,1693.85
1319,2026-04-01,1,23,15,0,497.76,2138.28
1323,2026-04-01,1,25,12,0,593.25,1834.0
1391,2026-04-01,1,29,14,0,520.5,1342.89
1397,2026-04-01,1,30,11,0,485.33,2318.41
1511,2026-04-01,1,31,14,0,534.35,2474.48
1208,2026-04-01,1,36,19,0,773.89,3387.55
28,2026-04-01,1,28,15,0,577.5,2185.87
359,2026-04-01,1,22,9,0,404.07,3019.47
873,2026-04-01,1,28,13,0,440.54,2376.22
792,2026-04-01,1,23,14,0,677.5,3221.96
714,2026-04-01,1,11,6,0,349.06,287.0
355,2026-04-01,1,40,14,0,983.64,3560.99
859,2026-04-01,1,14,6,0,171.29,148.0
890,2026-04-01,1,22,13,0,378.92,2651.0
1275,2026-04-01,1,11,5,0,257.64,0.0
1276,2026-04-01,1,17,9,0,367.1,500.0
703,2026-04-01,1,18,3,0,60.72,101.0
1635,2026-04-01,1,10,2,0,30.13,384.0
295,2026-04-01,1,27,18,4,1074.35,1869.61
1190,2026-04-01,1,12,3,0,206.25,2417.0
32,2026-04-01,1,52,28,0,963.66,3491.29
123,2026-04-01,1,36,21,0,1458.98,2962.74
152,2026-04-01,1,23,12,0,507.17,3619.28
321,2026-04-01,1,30,17,0,863.02,1367.15
439,2026-04-01,1,24,13,0,822.47,2008.94
472,2026-04-01,1,36,17,0,664.07,3759.29
509,2026-04-01,1,37,14,0,648.38,1500.2
592,2026-04-01,1,40,19,0,512.12,1645.8
629,2026-04-01,1,34,15,1,636.39,2426.59
838,2026-04-01,1,31,16,0,371.02,1449.34
1013,2026-04-01,1,35,18,0,822.9,3367.3
1092,2026-04-01,1,42,25,0,934.98,2046.3
1145,2026-04-01,1,30,9,0,318.83,1904.7
1194,2026-04-01,1,34,15,0,442.93,2427.73
1219,2026-04-01,1,27,13,0,420.71,2368.07
1312,2026-04-01,1,27,16,0,735.79,2723.28
1363,2026-04-01,1,28,17,0,430.22,1708.4
1421,2026-04-01,1,36,19,0,501.28,2415.85
1510,2026-04-01,1,24,12,8,335.45,1009.69
1053,2026-04-01,1,34,19,0,726.9,1499.16
336,2026-04-01,1,26,17,0,813.57,2926.63
645,2026-04-01,1,25,10,0,328.87,1522.89
1419,2026-04-01,1,27,14,0,403.35,1548.05
358,2026-04-01,1,13,3,0,77.41,362.0
958,2026-04-01,1,28,21,0,668.25,1970.54
330,2026-04-01,1,28,14,0,903.34,1809.49
267,2026-04-01,1,36,7,3,339.55,2499.82
1213,2026-04-01,1,6,2,2,31.23,201.0
1206,2026-04-01,1,10,0,0,0.0,0.0
864,2026-04-01,1,36,19,0,936.48,1866.27
1432,2026-04-01,1,22,12,1,415.29,2366.23
1463,2026-04-01,1,18,3,0,200.02,1409.0
941,2026-04-01,1,29,14,0,516.96,3001.66
577,2026-04-01,1,12,4,0,242.03,1531.0
1461,2026-04-01,1,9,3,4,41.96,175.0
1223,2026-04-01,1,28,13,6,496.24,1571.02
1493,2026-04-01,1,32,21,2,982.3,2181.44
691,2026-04-01,1,17,5,0,134.5,617.0
380,2026-04-01,1,34,17,0,762.96,2668.63
1109,2026-04-01,1,32,16,0,277.0,2379.15
1176,2026-04-01,1,10,2,0,62.67,0.0
305,2026-04-01,1,34,20,0,764.93,2044.22
672,2026-04-01,1,12,3,0,74.94,2459.0
1262,2026-04-01,1,25,8,0,542.38,696.0
650,2026-04-01,1,35,18,0,716.51,2171.8
280,2026-04-01,1,40,14,0,423.79,2143.61
935,2026-04-01,1,14,1,0,47.92,1584.0
463,2026-04-01,1,21,6,0,315.18,320.0
834,2026-04-01,1,33,18,0,1519.23,2145.28
1098,2026-04-01,1,40,21,0,547.57,2075.6
1287,2026-04-01,1,31,22,0,773.81,2799.91
170,2026-04-01,1,25,16,0,1301.67,1814.3
993,2026-04-01,1,17,5,0,138.77,948.0
637,2026-04-01,1,6,2,0,58.92,0.0
801,2026-04-01,1,27,14,0,599.53,2737.37
391,2026-04-01,1,11,5,0,137.58,0.0
661,2026-04-01,1,4,0,0,0.0,0.0
1250,2026-04-01,1,8,3,0,44.64,0.0
839,2026-04-01,1,35,18,0,722.69,1613.97
1196,2026-04-01,1,40,25,0,837.92,2100.88
121,2026-04-01,1,15,6,0,125.47,721.0
682,2026-04-01,1,12,4,0,214.56,2460.0
284,2026-04-01,1,12,7,0,197.85,94.0
234,2026-04-01,1,20,5,0,457.97,329.0
1349,2026-04-01,1,35,20,0,590.57,3625.9
1087,2026-04-01,1,47,26,0,909.94,2816.03
604,2026-04-01,1,38,14,1,632.71,2352.59
227,2026-04-01,1,38,19,0,569.83,1734.4
1141,2026-04-01,1,36,7,5,394.55,2922.11
1418,2026-04-01,1,8,0,13,0.0,0.0
975,2026-04-01,1,13,5,0,186.08,0.0
666,2026-04-01,1,11,4,0,247.23,450.0
780,2026-04-01,1,5,3,0,131.16,0.0
568,2026-04-01,1,37,22,0,723.13,1988.49
9,2026-04-01,1,23,10,0,334.43,1445.7
1488,2026-04-01,1,30,16,1,585.02,1703.37
895,2026-04-01,1,11,4,0,138.85,280.0
531,2026-04-01,1,35,16,0,472.1,2122.6
1217,2026-04-01,1,8,3,0,243.77,2175.0
1443,2026-04-01,1,14,5,0,107.78,177.0
907,2026-04-01,1,45,21,0,689.92,2773.69
1037,2026-04-01,1,17,3,3,82.21,152.0
1395,2026-04-01,1,27,15,0,759.94,2415.27
218,2026-04-01,1,9,7,0,162.01,0.0
6,2026-04-01,1,27,14,0,897.2,2232.01
1476,2026-04-01,1,23,12,2,404.42,2283.29
1382,2026-04-01,1,25,10,0,275.0,2210.92
1475,2026-04-01,1,29,10,2,719.58,2841.43
1028,2026-04-01,1,12,4,0,116.54,76.0
964,2026-04-01,1,22,7,0,210.27,3106.0
155,2026-04-01,1,38,8,0,339.58,2567.68
111,2026-04-01,1,21,14,0,852.24,1738.7
1486,2026-04-01,1,35,19,2,682.3,2997.71
180,2026-04-01,1,33,18,0,657.25,3379.19
745,2026-04-01,1,8,3,0,159.12,852.0
695,2026-04-01,1,10,2,0,41.32,0.0
498,2026-04-01,1,19,8,0,170.51,544.0
998,2026-04-01,1,29,15,6,1230.69,1939.94
609,2026-04-01,1,35,20,0,717.87,1667.62
1345,2026-04-01,1,20,5,0,431.69,560.0
1300,2026-04-01,1,22,13,0,586.38,2704.72
1396,2026-04-01,1,15,3,0,113.73,391.0
219,2026-04-01,1,18,5,0,124.53,115.0
799,2026-04-01,1,34,15,0,750.2,3103.84
726,2026-04-01,1,29,16,0,561.34,1257.14
507,2026-04-01,1,32,23,0,759.15,1753.0
161,2026-04-01,1,28,17,0,672.96,2607.77
795,2026-04-01,1,29,15,1,582.23,1693.15
974,2026-04-01,1,29,12,5,344.48,2657.96
1234,2026-04-01,1,27,17,3,1480.48,2028.94
1265,2026-04-01,1,23,12,0,813.11,1563.9
1189,2026-04-01,1,32,19,4,1061.73,1848.95
426,2026-04-01,1,21,11,0,681.1,450.0
541,2026-04-01,1,42,19,0,886.4,2606.92
1020,2026-04-01,1,20,8,0,337.36,1156.0
845,2026-04-01,1,24,9,0,329.02,2743.4
202,2026-04-01,1,43,24,0,782.24,2362.83
40,2026-04-01,1,23,10,0,387.54,4354.79
1252,2026-04-01,1,20,5,0,391.33,654.0
242,2026-04-01,1,42,17,0,848.99,2259.31
775,2026-04-01,1,26,17,0,1056.69,2410.01
640,2026-04-01,1,15,6,0,221.82,640.0
486,2026-04-01,1,32,17,0,924.25,2457.17
686,2026-04-01,1,28,23,0,846.59,1764.04
279,2026-04-01,1,29,19,0,2053.99,2567.96
1383,2026-04-01,1,31,20,0,721.74,2330.54
1255,2026-04-01,1,11,2,2,56.83,222.0
883,2026-04-01,1,34,19,0,778.67,3193.61
133,2026-04-01,1,11,4,0,90.4,722.0
438,2026-04-01,1,6,1,1,14.83,0.0
878,2026-04-01,1,33,22,0,883.76,1589.92
1444,2026-04-01,1,28,11,1,760.93,2150.93
971,2026-04-01,1,30,15,0,1132.19,1410.54
1506,2026-04-01,1,38,13,2,408.13,2153.48
139,2026-04-01,1,11,3,0,122.57,0.0
1263,2026-04-01,1,19,12,1,573.62,2485.48
331,2026-04-01,1,34,17,0,1123.92,1748.46
814,2026-04-01,1,43,22,0,871.78,2417.86
1480,2026-04-01,1,38,15,0,854.25,3216.3
652,2026-04-01,1,13,1,0,17.1,428.0
314,2026-04-01,1,24,5,0,390.05,2306.0
1044,2026-04-01,1,28,13,0,660.65,2866.98
1412,2026-04-01,1,21,13,0,751.68,2967.49
942,2026-04-01,1,30,15,0,660.79,2425.05
1352,2026-04-01,1,12,7,0,231.82,122.0
916,2026-04-01,1,36,19,2,1046.25,2047.01
1381,2026-04-01,1,33,20,0,922.3,1357.92
881,2026-04-01,1,39,22,0,770.15,2463.55
693,2026-04-01,1,35,22,0,797.75,2075.9
1214,2026-04-01,1,9,4,0,128.77,127.0
653,2026-04-01,1,28,15,3,603.55,1722.73
1327,2026-04-01,1,26,16,0,892.2,3190.5
482,2026-04-01,1,36,21,0,927.99,2297.55
897,2026-04-01,1,30,21,2,701.19,1949.87
1009,2026-04-01,1,33,20,0,906.06,2520.88
1187,2026-04-01,1,10,2,0,186.01,1584.0
418,2026-04-01,1,30,13,2,1753.04,1651.52
1036,2026-04-01,1,19,8,0,264.35,378.0
417,2026-04-01,1,35,13,0,447.98,5255.6
147,2026-04-01,1,14,6,0,283.29,0.0
766,2026-04-01,1,35,17,0,625.1,1548.31
1292,2026-04-01,1,13,6,0,228.47,716.0
1038,2026-04-01,1,30,15,0,534.63,1733.69
47,2026-04-01,1,27,15,0,506.39,1390.37
454,2026-04-01,1,14,5,0,221.73,830.0
1115,2026-04-01,1,33,16,5,508.0,1783.57
576,2026-04-01,1,29,10,0,344.31,1619.22
425,2026-04-01,1,24,7,0,373.43,2391.53
141,2026-04-01,1,42,20,0,980.8,1641.8
398,2026-04-01,1,22,15,0,643.62,2022.23
449,2026-04-01,1,16,4,0,146.38,345.0
375,2026-04-01,1,36,20,0,618.34,1909.47
929,2026-04-01,1,14,2,0,101.77,2126.0
38,2026-04-01,1,40,18,0,634.12,2219.84
689,2026-04-01,1,20,11,0,640.96,2144.09
1379,2026-04-01,1,22,15,0,631.99,2912.68
825,2026-04-01,1,16,9,3,138.84,115.0
1027,2026-04-01,1,25,16,0,489.74,2243.29
1051,2026-04-01,1,30,19,0,827.52,2637.87
265,2026-04-01,1,41,12,4,377.56,1729.12
209,2026-04-01,1,19,8,0,186.67,1698.82
776,2026-04-01,1,29,15,0,645.64,2793.66
782,2026-04-01,1,12,5,0,148.48,1785.0
820,2026-04-01,1,7,4,0,116.71,69.0
809,2026-04-01,1,35,19,0,717.9,2133.15
969,2026-04-01,1,11,3,0,73.64,0.0
98,2026-04-01,1,27,14,0,353.54,3282.76
1433,2026-04-01,1,10,3,0,28.37,652.0
747,2026-04-01,1,35,18,6,634.77,1648.44
1328,2026-04-01,1,30,15,0,589.62,1904.76
547,2026-04-01,1,26,17,0,664.41,1989.69
83,2026-04-01,1,25,13,0,498.98,3140.66
1116,2026-04-01,1,7,2,3,80.69,70.0
1110,2026-04-01,1,31,22,0,933.56,2348.86
92,2026-04-01,1,12,3,0,55.2,111.0
1394,2026-04-01,1,19,9,2,238.72,1421.06
670,2026-04-01,1,18,7,0,220.42,142.0
135,2026-04-01,1,9,9,0,216.66,0.0
1166,2026-04-01,1,14,6,0,202.59,444.0
1619,2026-04-01,1,27,11,7,406.33,752.0
1374,2026-04-01,1,28,17,0,977.58,2528.92
647,2026-04-01,1,32,20,1,857.52,2899.77
1483,2026-04-01,1,15,5,0,162.25,3082.0
979,2026-04-01,1,14,5,0,112.49,193.0
687,2026-04-01,1,24,6,0,212.8,1188.0
1289,2026-04-01,1,19,10,0,244.76,2426.76
523,2026-04-01,1,31,14,0,490.72,1596.03
1401,2026-04-01,1,4,0,0,0.0,0.0
944,2026-04-01,1,35,14,3,599.18,1587.96
1330,2026-04-01,1,18,9,1,687.55,3309.98
1120,2026-04-01,1,37,24,0,940.74,1950.97
1232,2026-04-01,1,8,2,0,71.66,0.0
1404,2026-04-01,1,15,3,1,115.41,880.0
136,2026-04-01,1,34,11,0,578.48,1754.47
804,2026-04-01,1,31,16,2,953.7,2520.54
402,2026-04-01,1,38,25,0,1664.83,2215.12
1000,2026-04-01,1,37,16,0,494.37,2394.23
1428,2026-04-01,1,12,6,2,200.9,0.0
1230,2026-04-01,1,29,16,0,893.76,2146.74
1322,2026-04-01,1,12,6,0,191.87,662.0
205,2026-04-01,1,18,6,0,142.71,264.0
781,2026-04-01,1,16,5,0,164.05,89.0
793,2026-04-01,1,28,17,1,791.24,2078.67
722,2026-04-01,1,18,2,0,30.04,1747.0
410,2026-04-01,1,19,2,0,189.86,6227.0
1471,2026-04-01,1,40,19,0,573.39,2654.86
62,2026-04-01,1,25,14,0,421.23,2189.8
239,2026-04-01,1,31,14,0,524.04,2094.02
506,2026-04-01,1,28,18,1,950.18,1578.54
656,2026-04-01,1,23,12,0,503.33,82.0
821,2026-04-01,1,41,22,0,766.87,2611.95
1344,2026-04-01,1,22,15,0,997.6,2087.04
252,2026-04-01,1,23,8,0,212.9,558.0
813,2026-04-01,1,33,14,0,449.2,1451.45
796,2026-04-01,1,29,15,0,1157.15,3395.36
1212,2026-04-01,1,25,13,0,393.72,2556.8
304,2026-04-01,1,10,4,0,173.47,239.0
275,2026-04-01,1,14,3,0,103.79,570.0
620,2026-04-01,1,34,17,0,629.38,2166.31
840,2026-04-01,1,35,14,0,424.31,3859.44
476,2026-04-01,1,11,7,0,258.57,0.0
1021,2026-04-01,1,13,5,0,98.23,412.0
912,2026-04-01,1,12,5,0,232.21,628.0
1454,2026-04-01,1,13,2,0,32.25,4802.0
1103,2026-04-01,1,26,15,0,740.96,1725.42
996,2026-04-01,1,30,17,0,667.05,2228.08
339,2026-04-01,1,15,2,0,79.71,1144.0
1298,2026-04-01,1,30,18,2,727.72,1839.23
1118,2026-04-01,1,15,2,5,40.7,276.0
697,2026-04-01,1,25,14,0,427.46,1998.69
36,2026-04-01,1,19,8,0,322.61,1422.0
649,2026-04-01,1,25,13,0,471.5,1963.05
1318,2026-04-01,1,21,8,2,309.13,1281.58
107,2026-04-01,1,22,11,1,317.79,1391.32
588,2026-04-01,1,29,15,1,656.99,2023.5
1367,2026-04-01,1,33,11,0,536.8,1958.51
1143,2026-04-01,1,16,7,1,339.06,224.0
259,2026-04-01,1,26,8,0,391.82,994.0
733,2026-04-01,1,24,13,0,339.01,2207.68
876,2026-04-01,1,32,19,0,852.65,1881.94
632,2026-04-01,1,35,20,2,832.34,1819.19
470,2026-04-01,1,24,3,0,157.51,1008.0
335,2026-04-01,1,35,15,0,512.22,2563.88
753,2026-04-01,1,14,5,0,160.11,152.0
328,2026-04-01,1,12,1,0,7.43,2875.0
659,2026-04-01,1,11,4,0,205.47,350.0
1339,2026-04-01,1,5,3,7,59.44,0.0
1123,2026-04-01,1,11,4,0,68.42,61.0
241,2026-04-01,1,31,12,0,848.31,1647.42
262,2026-04-01,1,31,19,0,950.81,1917.08
1158,2026-04-01,1,27,12,0,412.89,2540.31
443,2026-04-01,1,18,5,0,176.03,1584.0
75,2026-04-01,1,31,18,0,604.36,2338.4
1448,2026-04-01,1,17,3,3,185.17,499.0
905,2026-04-01,1,28,18,0,963.77,1613.55
1068,2026-04-01,1,26,15,0,598.83,2317.41
542,2026-04-01,1,7,5,0,251.84,0.0
403,2026-04-01,1,26,13,0,366.95,1914.53
8,2026-04-01,1,33,15,0,1154.06,2532.81
521,2026-04-01,1,23,16,0,618.62,1613.83
15,2026-04-01,1,31,16,0,723.78,2421.31
203,2026-04-01,1,7,5,0,144.49,0.0
510,2026-04-01,1,8,2,0,131.96,0.0
1472,2026-04-01,1,4,0,0,0.0,0.0
643,2026-04-01,1,13,3,0,143.05,318.0
713,2026-04-01,1,9,3,0,85.83,0.0
1016,2026-04-01,1,11,4,0,91.91,64.0
351,2026-04-01,1,17,7,0,196.07,620.0
117,2026-04-01,1,46,25,0,1055.21,2047.55
1301,2026-04-01,1,34,12,0,366.28,1992.11
633,2026-04-01,1,9,3,0,61.08,0.0
984,2026-04-01,1,31,12,0,391.77,1724.15
1174,2026-04-01,1,9,5,0,109.89,0.0
564,2026-04-01,1,31,18,0,689.59,1774.96
1201,2026-04-01,1,22,10,0,590.54,2216.26
1438,2026-04-01,1,17,3,1,235.01,1143.0
511,2026-04-01,1,19,10,2,359.41,1489.5
1184,2026-04-01,1,25,12,1,559.21,1839.1
24,2026-04-01,1,4,2,0,92.31,0.0
1304,2026-04-01,1,21,12,3,1398.48,2105.42
1400,2026-04-01,1,15,6,0,147.26,50.0
1177,2026-04-01,1,26,13,5,241.44,1380.54
736,2026-04-01,1,27,5,0,137.32,482.0
611,2026-04-01,1,37,14,0,669.1,2898.72
1254,2026-04-01,1,19,10,0,421.53,3783.15
1465,2026-04-01,1,38,21,1,864.63,2407.26
742,2026-04-01,1,20,6,0,323.66,392.0
1495,2026-04-01,1,14,5,2,96.71,174.0
1002,2026-04-01,1,27,10,0,638.58,2477.84
1033,2026-04-01,1,29,12,0,440.64,2231.22
195,2026-04-01,1,9,2,0,126.44,1876.0
1337,2026-04-01,1,20,6,0,116.93,550.0
743,2026-04-01,1,16,12,0,516.08,0.0
250,2026-04-01,1,12,3,0,126.3,102.0
1606,2026-04-01,1,8,1,0,21.18,1954.0
1399,2026-04-01,1,21,4,0,166.44,203.0
1050,2026-04-01,1,32,19,0,566.44,2184.23
1512,2026-04-01,1,12,3,1,97.05,845.0
67,2026-04-01,1,35,20,0,982.81,2113.56
87,2026-04-01,1,12,3,0,89.46,1291.83
124,2026-04-01,1,28,13,0,521.21,2712.83
178,2026-04-01,1,22,9,0,242.94,2651.07
251,2026-04-01,1,25,18,0,764.6,1844.06
276,2026-04-01,1,45,14,0,466.78,2638.04
317,2026-04-01,1,45,21,0,817.0,2431.61
318,2026-04-01,1,28,14,0,723.9,2864.03
352,2026-04-01,1,20,14,0,488.21,2262.59
429,2026-04-01,1,28,12,0,558.18,2061.22
579,2026-04-01,1,27,14,0,686.64,2235.36
589,2026-04-01,1,34,20,0,872.91,2567.68
615,2026-04-01,1,26,19,0,643.5,2846.84
765,2026-04-01,1,36,23,0,989.51,1920.88
827,2026-04-01,1,19,8,0,265.86,1637.05
922,2026-04-01,1,29,16,0,682.81,3307.27
1043,2026-04-01,1,29,22,0,674.26,1554.5
1435,2026-04-01,1,34,19,1,762.86,1483.17
1474,2026-04-01,1,30,17,2,580.24,1956.85
1139,2026-04-01,1,24,15,0,610.04,2250.4
16,2026-04-01,1,10,4,0,207.63,0.0
31,2026-04-01,1,36,19,0,651.17,2613.34
76,2026-04-01,1,29,18,0,1095.22,2465.63
88,2026-04-01,1,31,18,0,534.28,1965.51
167,2026-04-01,1,25,13,0,535.69,2338.85
179,2026-04-01,1,32,19,0,1064.32,2179.59
189,2026-04-01,1,37,17,0,895.05,1728.89
538,2026-04-01,1,30,15,0,502.12,1863.55
552,2026-04-01,1,37,18,0,689.29,2144.06
662,2026-04-01,1,24,11,0,553.01,1622.49
677,2026-04-01,1,28,15,0,606.81,2082.74
720,2026-04-01,1,32,19,0,735.0,2114.74
822,2026-04-01,1,35,12,0,431.95,2505.28
884,2026-04-01,1,32,13,0,402.79,2121.97
977,2026-04-01,1,28,15,0,428.56,2765.96
1369,2026-04-01,1,43,24,0,1094.73,2400.06
1385,2026-04-01,1,32,13,0,409.35,2510.3
1478,2026-04-01,1,32,16,5,396.03,2072.94
1499,2026-04-01,1,35,20,0,858.65,3405.32
600,2026-04-01,1,24,11,0,541.81,1917.93
1596,2026-04-01,1,4,0,0,0.0,0.0
590,2026-04-01,1,25,11,12,358.74,2650.4
669,2026-04-01,1,34,17,0,732.15,2250.64
618,2026-04-01,1,38,15,0,417.7,1941.4
1089,2026-04-01,1,13,2,0,114.38,715.0
991,2026-04-01,1,10,1,0,59.73,2073.0
63,2026-04-01,1,23,9,0,227.71,2508.86
151,2026-04-01,1,20,7,0,529.15,1906.97
469,2026-04-01,1,20,15,0,388.44,1929.74
529,2026-04-01,1,33,12,0,260.64,2351.21
663,2026-04-01,1,35,13,0,555.38,2270.3
790,2026-04-01,1,31,14,0,532.58,1997.91
818,2026-04-01,1,31,14,0,364.22,2486.38
829,2026-04-01,1,31,16,0,501.26,3728.68
938,2026-04-01,1,34,19,0,590.2,2581.07
1074,2026-04-01,1,21,11,0,572.05,1492.96
1085,2026-04-01,1,28,19,0,865.05,1619.59
1147,2026-04-01,1,25,16,0,976.44,2392.23
1216,2026-04-01,1,29,13,0,631.03,2306.35
1243,2026-04-01,1,28,13,0,474.39,1751.26
1371,2026-04-01,1,33,22,0,1168.75,1961.87
289,2026-04-01,1,28,14,0,535.61,2120.67
1446,2026-04-01,1,21,3,0,128.41,1500.0
82,2026-04-01,1,28,16,0,798.73,1825.29
1151,2026-04-01,1,29,14,0,752.05,1636.7
248,2026-04-01,1,9,0,0,0.0,1045.0
1125,2026-04-01,1,28,17,0,1006.68,2390.18
18,2026-04-01,1,27,17,0,500.79,1710.54
42,2026-04-01,1,28,12,0,384.16,3510.76
184,2026-04-01,1,26,17,0,1097.18,2281.94
217,2026-04-01,1,26,19,0,767.17,3208.45
287,2026-04-01,1,28,13,0,522.73,2092.12
310,2026-04-01,1,32,12,0,750.8,2800.52
595,2026-04-01,1,35,14,8,655.66,1693.02
626,2026-04-01,1,32,15,0,935.57,2153.3
638,2026-04-01,1,22,9,0,415.6,2051.45
644,2026-04-01,1,27,12,0,947.05,2064.57
732,2026-04-01,1,33,16,0,615.02,1986.45
762,2026-04-01,1,29,18,0,588.09,1750.03
773,2026-04-01,1,36,15,0,565.01,1341.58
816,2026-04-01,1,33,12,0,440.36,2105.9
871,2026-04-01,1,19,10,0,311.13,3544.26
952,2026-04-01,1,40,19,0,724.19,2532.72
1148,2026-04-01,1,37,15,0,724.34,1765.29
1152,2026-04-01,1,30,17,0,692.37,1659.95
1245,2026-04-01,1,28,23,0,882.77,2588.9
1271,2026-04-01,1,24,16,0,967.26,2313.49
1359,2026-04-01,1,19,10,0,372.98,1558.58
1508,2026-04-01,1,31,8,9,838.33,2024.42
1515,2026-04-01,1,34,21,0,1036.65,2728.3
130,2026-04-01,1,21,5,0,218.74,216.0
1390,2026-04-01,1,24,12,0,454.81,298.0
789,2026-04-01,1,37,22,0,843.58,1379.11
828,2026-04-01,1,10,6,0,246.49,0.0
574,2026-04-01,1,14,1,0,32.76,797.0
350,2026-04-01,1,8,5,1,131.66,0.0
1497,2026-04-01,1,19,4,0,148.38,253.0
778,2026-04-01,1,17,7,2,298.24,189.0
1128,2026-04-01,1,30,19,0,795.79,1820.67
989,2026-04-01,1,34,21,0,1081.8,2694.71
415,2026-04-01,1,31,15,0,504.36,1880.34
307,2026-04-01,1,36,17,0,809.19,2071.79
423,2026-04-01,1,20,15,0,418.75,1893.92
1357,2026-04-01,1,9,2,0,82.56,279.0
1280,2026-04-01,1,9,4,0,173.72,152.0
277,2026-04-01,1,27,20,0,1229.52,2818.41
1329,2026-04-01,1,36,20,2,588.14,1713.23
34,2026-04-01,1,36,16,0,483.0,1140.54
1093,2026-04-01,1,23,8,0,219.34,283.0
1167,2026-04-01,1,19,2,0,65.92,1341.0
708,2026-04-01,1,35,16,0,539.16,1687.71
1031,2026-04-01,1,13,1,2,8.13,555.0
1291,2026-04-01,1,14,1,0,18.75,3663.0
1203,2026-04-01,1,21,12,0,463.78,1976.09
949,2026-04-01,1,39,15,0,483.56,3945.17
165,2026-04-01,1,14,2,0,41.27,1735.0
148,2026-04-01,1,15,6,0,227.98,190.0
1156,2026-04-01,1,21,4,0,139.6,510.0
1415,2026-04-01,1,8,3,2,104.29,255.0
1376,2026-04-01,1,24,13,0,362.12,1371.2
386,2026-04-01,1,32,19,0,1198.58,2760.14
1135,2026-04-01,1,35,17,0,477.54,2596.89
1132,2026-04-01,1,11,5,0,192.52,393.0
158,2026-04-01,1,35,22,0,725.03,1953.21
1375,2026-04-01,1,17,2,0,75.52,504.0
484,2026-04-01,1,37,14,0,377.8,1896.89
1011,2026-04-01,1,10,4,1,134.57,0.0
60,2026-04-01,1,11,4,0,101.57,403.0
424,2026-04-01,1,31,16,0,664.58,1630.91
1473,2026-04-01,1,25,11,1,399.06,2692.63
286,2026-04-01,1,11,3,0,90.9,3265.0
411,2026-04-01,1,26,17,0,650.69,1524.48
120,2026-04-01,1,20,9,0,236.44,1214.34
1119,2026-04-01,1,9,3,6,92.34,0.0
606,2026-04-01,1,10,3,0,129.23,59.0
987,2026-04-01,1,9,6,1,156.77,515.0
319,2026-04-01,1,12,1,0,42.74,2153.0
1238,2026-04-01,1,34,17,0,687.9,1732.67
1186,2026-04-01,1,27,12,4,728.88,1744.12
968,2026-04-01,1,22,6,0,144.45,445.0
1019,2026-04-01,1,14,3,0,200.66,3887.0
1295,2026-04-01,0,0,0,3,0.0,0.0
264,2026-04-01,1,9,6,0,167.46,253.0
173,2026-04-01,1,14,3,0,121.68,238.0
621,2026-04-01,1,32,14,0,451.79,2650.27
404,2026-04-01,1,5,3,0,98.91,0.0
1340,2026-04-01,1,3,3,3,100.05,0.0
1500,2026-04-01,1,21,4,0,155.86,594.0
357,2026-04-01,1,30,19,0,768.96,2712.88
490,2026-04-01,1,34,16,0,554.77,2361.63
756,2026-04-01,1,3,0,4,0.0,0.0
102,2026-04-01,1,34,20,0,520.43,2569.98
522,2026-04-01,1,25,9,0,296.15,2096.79
1469,2026-04-01,1,9,6,0,351.62,70.0
925,2026-04-01,1,12,3,0,102.87,1186.0
817,2026-04-01,1,2,2,0,82.25,0.0
1378,2026-04-01,1,5,1,0,29.5,0.0
875,2026-04-01,1,11,5,0,73.28,483.0
499,2026-04-01,1,8,3,0,162.56,1817.0
1172,2026-04-01,1,9,3,0,76.15,0.0
892,2026-04-01,1,30,14,0,725.92,2941.16
459,2026-04-01,1,25,16,0,639.6,2263.91
430,2026-04-01,1,16,3,0,141.72,2817.0
940,2026-04-01,1,10,5,0,153.73,470.0
561,2026-04-01,1,26,11,0,382.64,3044.21
1269,2026-04-01,1,14,0,0,0.0,4426.0
1114,2026-04-01,1,13,2,0,30.37,149.0
1022,2026-04-01,1,18,7,0,231.09,77.0
1518,2026-04-01,1,18,10,0,336.99,0.0
1334,2026-04-01,1,15,6,0,192.7,382.0
548,2026-04-01,1,35,22,0,674.85,2505.57
342,2026-04-01,1,41,25,0,1274.38,3006.28
57,2026-04-01,1,15,0,0,0.0,4024.0
1181,2026-04-01,1,10,6,0,184.2,0.0
23,2026-04-01,1,12,5,0,163.04,1080.0
503,2026-04-01,1,39,27,0,952.61,1599.04
56,2026-04-01,1,13,2,0,111.37,680.0
408,2026-04-01,1,41,21,0,755.06,1935.07
1504,2026-04-01,1,12,1,7,37.5,0.0
1286,2026-04-01,1,14,3,0,95.73,431.0
729,2026-04-01,1,42,19,0,716.02,2477.52
1025,2026-04-01,1,33,17,0,791.49,3391.37
1183,2026-04-01,1,29,14,0,432.11,3910.2
1470,2026-04-01,1,12,4,0,78.93,943.0
1112,2026-04-01,1,13,6,0,186.91,59.0
740,2026-04-01,1,6,1,0,20.76,3370.0
311,2026-04-01,1,31,18,0,631.62,2188.23
1040,2026-04-01,1,17,1,0,32.07,2785.0
798,2026-04-01,1,14,1,0,25.28,2447.0
1195,2026-04-01,1,14,5,0,205.52,745.0
1138,2026-04-01,1,26,5,2,159.75,246.0
934,2026-04-01,1,9,4,0,847.39,1231.0
671,2026-04-01,1,19,7,0,211.92,269.0
256,2026-04-01,1,22,7,0,157.27,425.0
698,2026-04-01,1,28,20,1,720.19,1885.43
893,2026-04-01,1,12,7,0,378.56,0.0
685,2026-04-01,1,11,4,0,142.0,225.0
1441,2026-04-01,1,22,3,0,112.54,469.0
72,2026-04-01,1,20,6,0,120.82,429.0
1091,2026-04-01,1,38,20,0,765.21,1526.19
1332,2026-04-01,1,20,3,2,159.38,500.0
622,2026-04-01,1,8,3,0,145.15,1686.0
366,2026-04-01,1,6,4,0,180.74,0.0
1342,2026-04-01,1,32,13,1,323.58,2530.47
1402,2026-04-01,1,18,6,0,229.0,656.0
1442,2026-04-01,1,25,14,2,382.99,2228.11
837,2026-04-01,1,9,3,0,72.88,0.0
664,2026-04-01,1,24,11,0,278.11,2380.9
1067,2026-04-01,1,15,6,0,338.54,596.0
1360,2026-04-01,1,32,21,0,952.44,1972.66
299,2026-04-01,1,28,15,0,722.0,2007.61
715,2026-04-01,1,23,18,0,624.58,1869.64
201,2026-04-01,1,6,3,0,54.67,1301.0
581,2026-04-01,1,14,2,0,157.32,2065.0
10,2026-04-01,1,13,5,0,124.4,291.0
405,2026-04-01,1,5,3,0,80.32,0.0
1320,2026-04-01,1,19,7,2,261.24,798.0
169,2026-04-01,1,22,2,0,25.88,204.0
724,2026-04-01,1,16,3,1,68.75,1381.0
1144,2026-04-01,1,21,7,0,269.89,745.0
1311,2026-04-01,1,32,10,0,341.34,4036.78
1079,2026-04-01,1,26,15,0,375.62,1898.29
1355,2026-04-01,1,14,4,0,172.29,3544.0
1170,2026-04-01,1,36,19,3,1144.36,2479.34
112,2026-04-01,1,18,8,0,215.94,140.0
863,2026-04-01,1,12,5,0,118.64,232.0
1434,2026-04-01,1,36,17,0,556.73,2158.53
134,2026-04-01,1,9,2,0,57.47,4125.0
1464,2026-04-01,1,12,8,0,262.59,0.0
967,2026-04-01,1,10,5,0,165.26,520.0
101,2026-04-01,1,4,2,0,216.07,0.0
1055,2026-04-01,1,4,0,0,0.0,0.0
12,2026-04-01,1,19,6,0,204.99,2205.49
230,2026-04-01,1,40,14,0,697.74,3171.71
362,2026-04-01,1,36,18,1,583.36,1770.82
679,2026-04-01,1,27,16,0,409.72,4066.56
950,2026-04-01,1,27,13,0,418.64,3355.19
986,2026-04-01,1,20,13,0,594.0,1786.16
1425,2026-04-01,1,28,21,0,799.68,4612.97
1526,2026-04-01,1,11,4,0,81.08,353.0
527,2026-04-01,1,29,14,0,354.28,1528.11
674,2026-04-01,1,25,14,0,451.67,2613.11
721,2026-04-01,1,34,15,0,535.78,1882.47
758,2026-04-01,1,32,17,0,528.57,1428.57
769,2026-04-01,1,14,4,0,489.73,2757.13
877,2026-04-01,1,34,17,0,801.41,2272.39
948,2026-04-01,1,30,15,0,551.74,1982.51
1192,2026-04-01,1,37,22,0,1154.4,1810.01
1257,2026-04-01,1,26,10,0,409.65,3817.85
737,2026-04-01,1,9,3,0,61.7,0.0
676,2026-04-01,1,37,16,0,543.33,3680.45
55,2026-04-01,1,16,6,0,155.16,0.0
1424,2026-04-01,1,17,6,0,201.07,511.0
997,2026-04-01,1,28,9,2,283.17,2362.18
332,2026-04-01,1,29,14,0,535.41,2365.2
1268,2026-04-01,1,30,10,0,424.16,2539.33
1308,2026-04-01,1,27,10,0,312.85,2995.79
1045,2026-04-01,1,13,3,0,120.69,174.0
1361,2026-04-01,1,12,2,3,115.52,0.0
221,2026-04-01,1,26,8,0,244.63,825.0
159,2026-04-01,1,36,17,0,811.42,1835.56
823,2026-04-01,1,31,9,0,234.77,3100.02
841,2026-04-01,1,29,13,0,467.11,2358.35
1072,2026-04-01,1,26,17,0,660.83,2674.85
1157,2026-04-01,1,27,16,0,700.53,2037.9
1326,2026-04-01,1,25,6,7,457.36,2206.01
1450,2026-04-01,1,32,13,0,352.32,2389.63
594,2026-04-01,1,34,19,0,439.48,1708.05
1267,2026-04-01,1,17,4,0,130.2,132.0
1007,2026-04-01,1,19,9,0,428.88,50.0
1507,2026-04-01,1,9,2,9,35.77,257.0
1105,2026-04-01,1,15,6,0,313.75,393.0
1481,2026-04-01,1,16,7,0,148.22,829.0
488,2026-04-01,1,15,7,0,470.67,324.0
610,2026-04-01,1,10,2,0,69.93,0.0
5,2026-04-01,1,10,3,0,38.42,691.0
787,2026-04-01,1,31,15,0,560.77,2020.59
981,2026-04-01,1,4,2,0,109.58,0.0
44,2026-04-01,1,12,4,0,137.94,331.0
1356,2026-04-01,1,11,4,1,165.05,282.0
163,2026-04-01,1,21,5,0,162.28,6085.0
406,2026-04-01,1,36,20,0,645.8,3774.35
1422,2026-04-01,1,12,8,0,302.53,382.0
735,2026-04-01,1,9,6,0,180.0,505.0
1423,2026-04-01,1,8,4,3,121.74,124.0
961,2026-04-01,1,12,5,0,111.88,419.0
1173,2026-04-01,1,12,3,0,67.35,765.0
1129,2026-04-01,1,15,6,0,134.11,204.0
374,2026-04-01,1,18,4,0,102.14,290.0
143,2026-04-01,1,37,13,0,875.41,2044.63
1204,2026-04-01,1,10,2,5,86.27,123.0
99,2026-04-01,1,10,1,0,42.75,774.0
145,2026-04-01,1,33,14,0,569.69,2075.04
932,2026-04-01,1,17,4,0,161.06,121.0
812,2026-04-01,1,35,16,0,417.75,2068.61
1197,2026-04-01,1,22,9,0,444.48,156.0
616,2026-04-01,1,15,5,0,165.35,0.0
1407,2026-04-01,1,19,12,0,425.73,3522.59
1314,2026-04-01,1,18,9,0,259.39,178.0
212,2026-04-01,1,28,21,0,762.95,1990.91
1457,2026-04-01,1,6,2,0,47.14,766.0
297,2026-04-01,1,9,0,0,0.0,1621.0
1409,2026-04-01,1,19,2,0,46.74,3722.0
642,2026-04-01,1,11,9,0,309.14,0.0
1117,2026-04-01,1,16,3,1,93.06,1147.0
187,2026-04-01,1,19,11,0,264.95,2332.88
731,2026-04-01,1,13,8,0,293.74,420.0
680,2026-04-01,1,11,3,0,69.88,0.0
440,2026-04-01,1,8,2,0,64.57,0.0
360,2026-04-01,1,16,10,0,318.51,0.0
1414,2026-04-01,1,14,2,0,81.97,796.0
657,2026-04-01,1,26,11,0,650.71,2020.98
1453,2026-04-01,1,17,7,1,135.03,205.0
1240,2026-04-01,1,11,4,0,119.09,511.0
269,2026-04-01,1,8,1,0,33.39,1064.0
1437,2026-04-01,1,19,8,0,255.29,498.0
431,2026-04-01,1,32,13,0,519.67,1623.0
1565,2026-04-01,1,9,3,0,78.7,232.0
1065,2026-04-01,1,5,3,3,48.89,0.0
465,2026-04-01,1,15,3,0,94.93,2405.0
1,2026-04-01,1,10,3,0,138.51,1914.0
1179,2026-04-01,1,18,7,3,664.14,52.0
1366,2026-04-01,1,7,1,2,25.49,299.0
1047,2026-04-01,1,11,7,0,446.25,0.0
557,2026-04-01,1,25,11,0,503.07,2302.46
373,2026-04-01,1,10,2,0,193.76,0.0
858,2026-04-01,1,10,4,0,177.57,0.0
1005,2026-04-01,1,14,3,0,90.42,105.0
957,2026-04-01,1,14,4,3,147.49,256.0
1165,2026-04-01,1,20,8,0,190.4,619.0
1365,2026-04-01,1,19,8,0,311.82,2658.45
599,2026-04-01,1,8,1,0,30.55,665.0
903,2026-04-01,1,13,5,0,184.0,0.0
815,2026-04-01,1,18,9,0,344.94,1784.3
946,2026-04-01,1,10,4,0,91.76,0.0
1071,2026-04-01,1,8,4,0,206.29,0.0
346,2026-04-01,1,7,5,1,139.48,0.0
245,2026-04-01,1,18,4,0,125.96,282.0
354,2026-04-01,1,13,0,0,0.0,5586.0
1489,2026-04-01,1,16,3,4,278.5,1029.0
1309,2026-04-01,1,16,4,1,80.24,656.0
322,2026-04-01,1,19,4,0,416.35,925.0
1439,2026-04-01,1,21,4,0,117.98,442.0
578,2026-04-01,1,9,6,0,344.12,2487.0
409,2026-04-01,1,6,4,0,142.31,0.0
1285,2026-04-01,1,11,1,7,13.2,582.0
909,2026-04-01,1,13,5,0,139.75,0.0
1026,2026-04-01,1,43,16,0,769.51,2201.87
954,2026-04-01,1,30,18,3,544.57,1405.87
377,2026-04-01,1,31,22,0,783.15,1372.03
1061,2026-04-01,1,11,2,0,132.21,334.0
831,2026-04-01,1,27,8,0,249.5,592.0
432,2026-04-01,1,5,2,0,93.31,804.0
1150,2026-04-01,1,16,5,0,229.0,64.0
1455,2026-04-01,1,14,3,1,64.74,377.0
1249,2026-04-01,1,10,2,4,19.52,0.0
496,2026-04-01,1,9,4,0,198.85,687.0
268,2026-04-01,1,14,3,0,94.08,2584.0
550,2026-04-01,1,14,5,0,135.42,431.0
1536,2026-04-01,1,25,13,4,376.21,447.0
1574,2026-04-01,1,11,4,7,153.56,158.0
223,2026-04-01,1,13,5,0,101.11,0.0
1527,2026-04-01,1,11,2,0,65.95,1116.0
70,2026-04-01,1,27,14,0,499.78,1951.74
712,2026-04-01,1,25,9,3,467.97,2148.75
329,2026-04-01,1,11,2,0,101.42,230.0
274,2026-04-01,1,26,9,0,382.56,3688.36
334,2026-04-01,1,27,12,0,581.93,2225.38
559,2026-04-01,1,27,14,0,557.33,1464.29
833,2026-04-01,1,33,17,0,1106.8,2148.76
1303,2026-04-01,1,17,10,0,449.82,2578.36
1490,2026-04-01,1,33,19,0,549.57,2500.89
651,2026-04-01,1,18,5,0,200.36,170.0
1248,2026-04-01,1,11,4,2,126.86,59.0
22,2026-04-01,1,26,10,0,798.96,2684.33
700,2026-04-01,1,41,9,0,226.77,1910.46
962,2026-04-01,1,24,15,0,706.72,3047.23
1078,2026-04-01,1,27,16,0,596.26,2246.03
1227,2026-04-01,1,16,11,0,220.59,2391.52
1246,2026-04-01,1,28,15,0,656.68,2798.22
504,2026-04-01,1,33,13,0,437.98,2387.89
1188,2026-04-01,1,33,12,0,1185.15,1804.57
1307,2026-04-01,1,28,11,4,1226.01,2214.43
1491,2026-04-01,1,25,13,0,647.29,1593.54
1175,2026-04-01,1,13,1,0,30.23,3632.0
140,2026-04-01,1,11,3,0,303.54,0.0
257,2026-04-01,1,12,9,0,237.01,59.0
1389,2026-04-01,1,21,5,0,286.96,295.0
29,2026-04-01,1,21,10,0,334.72,608.0
461,2026-04-01,1,9,3,0,105.1,0.0
1049,2026-04-01,1,12,6,0,126.84,0.0
247,2026-04-01,1,15,4,0,96.12,246.0
596,2026-04-01,1,5,1,0,19.72,0.0
1131,2026-04-01,1,8,2,9,36.02,0.0
870,2026-04-01,1,8,3,1,51.16,659.0
1006,2026-04-01,1,1,1,0,12.22,0.0
253,2026-04-01,1,8,4,0,101.15,0.0
483,2026-04-01,1,10,4,0,197.65,2337.0
919,2026-04-01,1,10,8,0,216.75,0.0
777,2026-04-01,1,14,2,0,34.06,0.0
1346,2026-04-01,1,18,5,1,153.45,720.0
1302,2026-04-01,1,10,4,0,125.69,323.0
4,2026-04-01,1,10,4,0,219.96,0.0
210,2026-04-01,1,18,3,0,69.74,382.0
1445,2026-04-01,1,7,3,0,188.35,1704.0
1607,2026-04-01,1,13,5,9,204.43,210.0
768,2026-04-01,1,18,5,0,162.38,772.0
862,2026-04-01,1,8,1,0,36.93,0.0
587,2026-04-01,1,11,3,0,42.76,0.0
982,2026-04-01,1,20,7,0,153.56,252.0
1235,2026-04-01,1,10,4,0,200.24,0.0
690,2026-04-01,1,8,2,0,49.28,0.0
951,2026-04-01,1,13,4,0,143.03,133.0
356,2026-04-01,1,16,10,0,358.89,0.0
1058,2026-04-01,1,10,3,0,119.79,4181.0
1411,2026-04-01,1,17,5,1,176.8,120.0
525,2026-04-01,1,12,6,0,261.79,0.0
2,2026-04-01,1,7,3,0,162.98,0.0
394,2026-04-01,1,10,3,0,115.99,909.0
466,2026-04-01,1,9,4,0,74.09,193.0
95,2026-04-01,1,18,6,0,248.1,2151.0
807,2026-04-01,1,26,14,0,402.36,461.0
931,2026-04-01,1,11,3,0,302.61,0.0
526,2026-04-01,1,13,4,0,190.15,70.0
1133,2026-04-01,1,20,6,0,164.19,169.0
711,2026-04-01,1,11,4,0,219.42,678.0
116,2026-04-01,1,12,4,0,108.89,3171.0
495,2026-04-01,1,13,4,0,301.5,3495.0
313,2026-04-01,1,14,7,0,154.55,195.0
725,2026-04-01,1,8,1,0,23.15,1599.0
860,2026-04-01,1,6,6,0,389.75,0.0
1266,2026-04-01,1,12,5,0,233.32,200.0
746,2026-04-01,1,8,6,0,216.54,0.0
1242,2026-04-01,1,13,5,0,82.87,294.0
387,2026-04-01,1,6,4,0,109.49,0.0
61,2026-04-01,1,14,1,0,91.29,194.0
539,2026-04-01,1,18,7,1,252.42,485.0
842,2026-04-01,1,30,3,0,240.82,966.0
1164,2026-04-01,1,22,4,0,98.58,345.0
704,2026-04-01,1,6,4,0,440.96,0.0
1137,2026-04-01,1,14,3,0,164.94,142.0
1146,2026-04-01,1,14,4,0,92.9,277.0
1086,2026-04-01,1,10,4,2,84.97,0.0
597,2026-04-01,1,15,3,0,138.27,332.0
1169,2026-04-01,1,7,7,0,249.99,0.0
1241,2026-04-01,1,7,2,0,34.9,225.0
222,2026-04-01,1,7,2,0,82.11,928.0
1221,2026-04-01,1,17,3,0,56.61,0.0
1258,2026-04-01,1,17,6,1,297.01,29.0
754,2026-04-01,1,23,7,0,400.56,386.0
1598,2026-04-01,1,28,9,4,202.87,408.0
1101,2026-04-01,1,15,2,3,91.1,276.0
1297,2026-04-01,1,7,3,0,299.99,0.0
1111,2026-04-01,1,11,9,0,224.27,0.0
1336,2026-04-01,1,10,2,0,40.36,308.0
1426,2026-04-01,1,18,3,0,74.88,1006.0
635,2026-04-01,1,12,3,0,52.89,239.0
545,2026-04-01,1,8,4,0,163.55,0.0
868,2026-04-01,1,15,2,0,89.46,692.0
906,2026-04-01,1,14,6,0,290.03,258.0
477,2026-04-01,1,8,2,0,143.73,5438.0
699,2026-04-01,1,7,1,0,200.69,0.0
855,2026-04-01,1,7,2,0,138.32,196.0
1202,2026-04-01,1,18,4,0,199.31,1475.0
458,2026-04-01,1,18,4,0,203.46,6228.0
965,2026-04-01,1,11,6,0,266.76,348.0
566,2026-04-01,1,9,2,0,54.81,1133.0
37,2026-04-01,1,20,6,0,334.46,258.0
1048,2026-04-01,1,3,3,0,134.83,0.0
1386,2026-04-01,1,19,2,0,33.1,51.0
434,2026-04-01,1,6,3,0,141.67,421.0
648,2026-04-01,1,16,5,0,399.12,2459.0
901,2026-04-01,1,16,4,2,162.88,361.0
532,2026-04-01,1,9,4,0,133.82,892.0
779,2026-04-01,1,7,5,0,195.27,0.0
1561,2026-04-01,1,6,0,0,0.0,8412.0
1080,2026-04-01,1,17,6,0,155.9,311.0
1570,2026-04-01,1,14,1,0,15.74,2906.0
1017,2026-04-01,1,9,4,0,48.21,134.0
872,2026-04-01,1,18,10,0,273.48,148.0
1485,2026-04-01,1,7,1,0,56.87,1336.0
1244,2026-04-01,1,21,7,0,170.63,515.0
228,2026-04-01,1,14,8,0,263.23,0.0
273,2026-04-01,1,9,1,0,24.83,0.0
300,2026-04-01,1,3,1,0,32.74,0.0
1629,2026-04-01,1,13,3,0,134.26,461.0
1541,2026-04-01,1,21,2,0,68.28,1042.0
451,2026-04-01,1,13,4,0,317.54,1792.0
667,2026-04-01,1,13,6,0,304.37,85.0
1281,2026-04-01,1,9,5,0,115.3,0.0
584,2026-04-01,1,14,5,0,247.04,374.0
385,2026-04-01,1,4,2,0,138.75,0.0
444,2026-04-01,1,16,4,0,174.28,578.0
508,2026-04-01,1,12,5,0,819.8,1431.0
1283,2026-04-01,1,8,1,1,18.0,33.0
1494,2026-04-01,1,15,8,0,262.25,151.0
370,2026-04-01,1,11,2,0,71.74,292.0
865,2026-04-01,1,10,3,0,128.25,578.0
1585,2026-04-01,1,4,0,0,0.0,216.0
446,2026-04-01,1,12,1,0,18.93,130.0
593,2026-04-01,1,16,4,0,533.32,778.0
887,2026-04-01,1,10,2,2,108.04,0.0
1343,2026-04-01,1,8,2,0,62.58,0.0
646,2026-04-01,1,5,2,0,96.52,458.0
1127,2026-04-01,1,8,2,0,104.99,0.0
1030,2026-04-01,1,4,4,0,117.66,0.0
1368,2026-04-01,1,13,4,0,193.68,2839.0
1364,2026-04-01,1,4,4,0,158.19,0.0
125,2026-04-01,1,10,4,0,236.17,323.0
282,2026-04-01,1,12,3,0,90.29,346.0
192,2026-04-01,1,12,5,0,140.37,601.0
1222,2026-04-01,1,16,6,0,732.68,409.0
706,2026-04-01,1,6,2,0,44.29,0.0
519,2026-04-01,1,4,0,1,0.0,0.0
1211,2026-04-01,1,4,1,7,58.61,96.0
847,2026-04-01,1,21,5,0,145.94,404.0
249,2026-04-01,1,9,1,0,31.98,535.0
220,2026-04-01,1,16,5,0,88.19,715.0
1413,2026-04-01,1,15,1,0,40.88,8699.0
913,2026-04-01,1,7,1,0,47.95,0.0
1624,2026-04-01,0,0,0,0,0.0,0.0
1534,2026-04-01,1,11,2,0,67.66,6550.0
1215,2026-04-01,1,12,4,0,412.08,0.0
976,2026-04-01,1,9,3,0,80.6,0.0
660,2026-04-01,1,10,6,0,378.21,0.0
1317,2026-04-01,1,12,2,0,47.21,220.0
570,2026-04-01,1,14,4,0,171.23,158.0
915,2026-04-01,1,11,4,0,101.21,287.0
933,2026-04-01,1,10,5,0,199.05,148.0
755,2026-04-01,1,12,3,0,352.12,2542.0
835,2026-04-01,1,10,3,0,209.05,56.0
1517,2026-04-01,1,11,3,0,299.13,330.0
1046,2026-04-01,1,15,5,0,133.12,0.0
628,2026-04-01,1,19,4,0,48.79,576.0
1384,2026-04-01,1,4,1,1,27.42,107.0
1122,2026-04-01,1,14,1,0,27.85,1569.0
805,2026-04-01,1,15,2,0,74.01,664.0
1277,2026-04-01,1,6,6,0,274.75,0.0
50,2026-04-01,1,15,10,0,308.08,206.0
1406,2026-04-01,1,1,1,0,29.24,0.0
455,2026-04-01,1,12,2,0,54.35,0.0
1279,2026-04-01,1,13,3,0,83.77,575.0
1231,2026-04-01,1,16,1,0,52.89,540.0
784,2026-04-01,1,15,2,0,101.65,293.0
1073,2026-04-01,1,12,4,0,163.99,1381.0
582,2026-04-01,1,10,2,0,108.61,0.0
89,2026-04-01,1,8,1,0,237.79,1282.0
1095,2026-04-01,1,14,3,0,236.97,76.0
533,2026-04-01,1,7,2,0,106.4,1166.0
1558,2026-04-01,1,13,3,0,94.68,701.0
1583,2026-04-01,1,18,10,0,334.65,1132.0
196,2026-04-01,1,18,11,0,340.37,793.0
419,2026-04-01,1,9,4,0,345.24,205.0
193,2026-04-01,1,15,9,0,370.29,0.0
1168,2026-04-01,1,7,3,0,53.75,0.0
1140,2026-04-01,1,6,0,0,0.0,0.0
800,2026-04-01,1,14,4,0,273.07,11104.0
551,2026-04-01,1,14,4,0,337.51,2195.0
369,2026-04-01,1,8,2,0,34.91,0.0
1305,2026-04-01,1,16,0,0,0.0,6013.0
214,2026-04-01,1,9,3,0,87.23,0.0
110,2026-04-01,1,11,5,0,117.69,190.0
1513,2026-04-01,1,2,2,6,32.06,0.0
1525,2026-04-01,1,13,2,2,71.31,112.0
1154,2026-04-01,1,7,1,0,35.35,0.0
1502,2026-04-01,1,8,1,2,20.67,0.0
481,2026-04-01,1,9,5,0,202.97,0.0
1632,2026-04-01,1,9,1,0,64.91,2368.0
296,2026-04-01,1,9,4,0,84.17,60.0
1633,2026-04-01,1,6,2,0,70.85,870.0
1159,2026-04-01,1,13,2,0,51.09,682.0
684,2026-04-01,1,4,0,0,0.0,0.0
1393,2026-04-01,1,6,2,1,164.42,0.0
1582,2026-04-01,1,17,11,2,282.66,323.0
1617,2026-04-01,1,15,4,6,63.94,81.0
718,2026-04-01,1,3,3,1,95.86,0.0
734,2026-04-01,1,22,4,0,196.39,4124.0
702,2026-04-01,1,14,4,0,108.54,145.0
1210,2026-04-01,1,11,2,0,56.1,709.0
17,2026-04-01,1,11,1,0,45.06,5308.0
924,2026-04-01,1,2,2,0,71.69,0.0
1015,2026-04-01,1,11,2,0,86.77,19.0
1034,2026-04-01,1,12,2,0,313.96,6105.0
1468,2026-04-01,1,8,1,0,15.73,577.0
1410,2026-04-01,1,11,0,10,0.0,0.0
392,2026-04-01,1,10,5,0,177.96,209.0
1484,2026-04-01,1,15,5,0,123.8,484.0
1324,2026-04-01,1,10,5,0,129.1,232.0
572,2026-04-01,1,11,4,0,148.56,348.0
1052,2026-04-01,1,4,2,0,172.72,0.0
1420,2026-04-01,1,9,2,0,27.77,82.0
1466,2026-04-01,1,12,3,0,108.59,142.0
1294,2026-04-01,1,9,4,1,178.16,433.0
1447,2026-04-01,1,20,6,3,121.83,659.0
93,2026-04-01,1,16,7,0,446.44,439.0
1233,2026-04-01,1,6,2,0,82.25,399.0
1547,2026-04-01,1,12,5,0,187.07,1007.0
869,2026-04-01,1,6,4,0,156.75,0.0
301,2026-04-01,1,13,4,0,185.21,133.0
1440,2026-04-01,1,19,4,8,74.79,304.0
1524,2026-04-01,1,9,2,5,59.6,61.0
1198,2026-04-01,1,9,4,0,115.7,69.0
1113,2026-04-01,1,8,2,1,55.58,0.0
1310,2026-04-01,1,10,5,0,165.57,542.0
811,2026-04-01,1,13,4,0,184.85,568.0
546,2026-04-01,1,13,9,0,251.97,0.0
850,2026-04-01,1,4,0,0,0.0,0.0
1178,2026-04-01,1,10,0,1,0.0,248.0
1509,2026-04-01,1,16,2,0,133.97,721.0
435,2026-04-01,1,11,5,0,91.24,0.0
312,2026-04-01,1,11,3,0,107.43,0.0
988,2026-04-01,1,7,3,0,80.78,0.0
1362,2026-04-01,1,9,3,0,50.99,0.0
412,2026-04-01,1,21,3,0,180.31,2463.0
1142,2026-04-01,1,4,0,0,0.0,0.0
150,2026-04-01,1,9,2,0,26.24,265.0
1603,2026-04-01,1,11,4,0,223.93,498.0
1556,2026-04-01,1,17,1,3,27.86,127.0
1630,2026-04-01,1,12,3,0,150.2,357.0
1572,2026-04-01,1,11,5,0,218.35,582.0
980,2026-04-01,1,13,2,0,51.5,22.0
1251,2026-04-01,1,8,3,2,133.89,0.0
447,2026-04-01,1,10,6,0,252.55,0.0
772,2026-04-01,1,5,2,0,57.19,247.0
1591,2026-04-01,1,7,1,0,27.59,2747.0
127,2026-04-01,1,8,2,0,108.64,0.0
1010,2026-04-01,1,9,0,0,0.0,406.0
553,2026-04-01,1,24,5,0,142.63,1363.0
1288,2026-04-01,1,5,0,6,0.0,0.0
808,2026-04-01,1,11,1,4,5.26,358.0
1358,2026-04-01,1,7,2,0,69.74,1226.0
1564,2026-04-01,1,9,3,0,39.24,174.0
636,2026-04-01,1,7,5,0,131.49,0.0
1514,2026-04-01,1,18,8,2,319.71,447.0
1416,2026-04-01,1,10,8,0,227.31,0.0
861,2026-04-01,1,10,5,2,203.24,205.0
1430,2026-04-01,1,11,7,0,120.66,0.0
1253,2026-04-01,1,11,4,0,171.8,209.0
764,2026-04-01,1,19,1,0,6.42,937.0
100,2026-04-01,1,12,4,0,149.77,606.0
1163,2026-04-01,1,15,4,0,99.63,682.0
692,2026-04-01,1,8,2,0,55.84,0.0
1331,2026-04-01,1,8,5,0,260.93,216.0
1436,2026-04-01,1,10,4,1,261.65,0.0
1533,2026-04-01,1,2,0,0,0.0,0.0
1162,2026-04-01,1,10,7,0,199.67,165.0
1353,2026-04-01,1,5,1,0,32.42,1216.0
53,2026-04-01,1,9,5,0,161.79,0.0
1602,2026-04-01,1,4,0,0,0.0,0.0
1538,2026-04-01,1,18,5,5,97.97,265.0
605,2026-04-01,1,3,1,0,56.52,129.0
1207,2026-04-01,1,6,3,1,56.37,134.0
1503,2026-04-01,1,8,3,0,119.92,2015.0
448,2026-04-01,1,4,0,0,0.0,0.0
1627,2026-04-01,1,4,0,0,0.0,310.0
78,2026-04-01,1,7,3,0,303.19,0.0
1004,2026-04-01,1,19,2,0,276.48,266.0
783,2026-04-01,1,6,1,0,18.91,2962.0
1001,2026-04-01,1,12,4,0,269.83,0.0
1568,2026-04-01,1,13,3,9,56.9,63.0
1405,2026-04-01,1,12,3,0,137.55,328.0
843,2026-04-01,1,15,5,0,127.84,357.0
1124,2026-04-01,0,0,0,4,0.0,0.0
157,2026-04-01,1,12,2,0,69.4,906.0
323,2026-04-01,1,13,3,0,55.77,191.0
437,2026-04-01,1,12,1,0,26.76,5460.0
1599,2026-04-01,1,3,1,0,16.6,50.0
608,2026-04-01,1,4,2,0,770.24,0.0
556,2026-04-01,1,4,0,0,0.0,0.0
1066,2026-04-01,1,3,3,0,90.52,0.0
623,2026-04-01,1,4,0,0,0.0,0.0
1519,2026-04-01,1,10,2,1,63.31,130.0
1575,2026-04-01,1,2,0,0,0.0,0.0
1613,2026-04-01,1,8,6,0,176.07,199.0
1543,2026-04-01,1,6,1,0,23.08,1423.0
379,2026-04-01,1,8,3,0,80.22,438.0
1601,2026-04-01,1,6,2,3,41.86,85.0
1580,2026-04-01,1,13,3,0,113.65,1793.0
1595,2026-04-01,1,3,1,1,45.43,121.0
378,2026-04-01,1,4,1,0,176.06,2301.0
514,2026-04-01,1,5,5,0,134.2,0.0
1567,2026-04-01,1,12,2,8,31.33,43.0
1552,2026-04-01,1,5,0,0,0.0,289.0
1626,2026-04-01,1,27,13,0,832.15,1543.0
549,2026-04-01,1,9,2,0,116.45,855.0
1458,2026-04-01,1,14,4,0,105.27,0.0
1608,2026-04-01,1,10,1,1,16.71,168.0
1620,2026-04-01,1,13,4,1,118.99,172.0
1523,2026-04-01,1,7,1,0,41.8,275.0
1535,2026-04-01,1,12,6,2,175.6,197.0
1388,2026-04-01,1,8,2,0,59.0,0.0
372,2026-04-01,1,15,2,0,22.91,901.0
1614,2026-04-01,0,0,0,0,0.0,0.0
1593,2026-04-01,1,2,0,0,0.0,0.0
1335,2026-04-01,1,3,0,3,0.0,0.0
1615,2026-04-01,1,8,2,2,137.54,248.0
866,2026-04-01,1,12,1,0,170.57,442.0
1041,2026-04-01,1,7,2,0,91.97,0.0
1623,2026-04-01,1,4,0,0,0.0,0.0
1451,2026-04-01,1,12,8,0,478.99,262.0
1628,2026-04-01,1,12,4,0,115.08,812.0
1612,2026-04-01,1,8,1,0,57.66,6125.0
1180,2026-04-01,1,4,0,0,0.0,986.0
149,2026-04-01,1,7,0,0,0.0,461.0
930,2026-04-01,1,9,1,0,32.93,886.0
1618,2026-04-01,1,8,4,0,151.75,220.0
1542,2026-04-01,1,10,1,0,7.88,410.0
1559,2026-04-01,1,3,1,0,36.21,174.0
1589,2026-04-01,1,12,6,0,193.22,211.0
1557,2026-04-01,1,9,2,3,75.73,89.0
1530,2026-04-01,1,6,3,11,73.97,79.0
1578,2026-04-01,1,7,1,0,46.14,1169.0
902,2026-04-01,1,15,2,0,95.42,1203.0
1573,2026-04-01,1,8,2,2,27.85,64.0
1600,2026-04-01,1,7,1,8,58.23,59.0
774,2026-04-01,1,4,0,0,0.0,0.0
1616,2026-04-01,1,10,2,4,38.51,52.0
1562,2026-04-01,0,0,0,0,0.0,0.0
955,2026-04-01,1,4,1,0,50.26,808.0
1625,2026-04-01,0,0,0,0,0.0,0.0
1306,2026-04-01,1,2,0,0,0.0,935.0
696,2026-04-01,1,3,3,0,388.39,0.0
1549,2026-04-01,1,9,3,0,101.61,208.0
1611,2026-04-01,1,2,0,0,0.0,462.0
51,2026-04-01,1,9,2,0,58.3,722.0
1581,2026-04-01,1,7,1,3,36.33,54.0
1544,2026-04-01,1,7,1,0,11.59,384.0
1539,2026-04-01,1,8,2,3,85.34,94.0
199,2026-04-01,1,1,1,0,3.53,0.0
395,2026-04-01,1,7,2,0,48.56,274.0
1449,2026-04-01,1,4,0,0,0.0,0.0
1522,2026-04-01,0,0,0,0,0.0,0.0
1218,2026-04-01,1,4,0,0,0.0,0.0
1540,2026-04-01,1,3,1,0,95.0,129.0
1560,2026-04-01,1,6,2,0,47.32,1360.0
1550,2026-04-01,1,4,2,0,28.17,255.0
1579,2026-04-01,1,7,3,2,125.58,150.0
571,2026-04-01,1,4,0,0,0.0,0.0
468,2026-04-01,1,4,0,0,0.0,0.0
1531,2026-04-01,1,2,0,0,0.0,0.0
1577,2026-04-01,1,6,0,0,0.0,89.0
347,2026-04-01,1,4,0,0,0.0,0.0
1537,2026-04-01,0,0,0,0,0.0,0.0
1548,2026-04-01,1,4,2,0,75.52,84.0
235,2026-04-01,1,7,1,0,116.93,5462.0
1571,2026-04-01,1,2,0,0,0.0,160.0
1520,2026-04-01,1,8,2,0,93.42,236.0
898,2026-04-01,1,4,0,0,0.0,0.0
1586,2026-04-01,1,6,1,0,36.64,582.0
1532,2026-04-01,1,2,0,0,0.0,776.0
1576,2026-04-01,0,0,0,0,0.0,0.0
1553,2026-04-01,0,0,0,0,0.0,0.0
1546,2026-04-01,0,0,0,0,0.0,0.0
1528,2026-04-01,1,4,0,0,0.0,61.0
1029,2026-04-01,1,4,0,0,0.0,0.0
1605,2026-04-01,1,5,1,0,35.59,207.0
1555,2026-04-01,1,2,0,0,0.0,916.0
1529,2026-04-01,0,0,0,0,0.0,0.0
1622,2026-04-01,1,2,0,0,0.0,695.0
1604,2026-04-01,1,3,1,0,26.75,98.0
1003,2026-04-01,1,4,0,0,0.0,0.0
1584,2026-04-01,0,0,0,0,0.0,0.0
309,2026-04-01,1,4,2,0,119.59,0.0
1634,2026-04-01,0,0,0,0,0.0,0.0
1597,2026-04-01,0,0,0,0,0.0,0.0
1590,2026-04-01,0,0,0,0,0.0,0.0
1594,2026-04-01,1,6,0,0,0.0,259.0
1592,2026-04-01,0,0,0,0,0.0,0.0
1566,2026-04-01,0,0,0,0,0.0,0.0
1610,2026-04-01,0,0,0,0,0.0,0.0
1545,2026-04-01,0,0,0,0,0.0,0.0
1631,2026-04-01,0,0,0,0,0.0,0.0
751,2026-04-01,1,1,1,0,28.86,0.0
1609,2026-04-01,0,0,0,0,0.0,0.0
1569,2026-04-01,0,0,0,0,0.0,0.0
1521,2026-04-01,0,0,0,0,0.0,0.0
1588,2026-04-01,0,0,0,0,0.0,0.0
1587,2026-04-01,0,0,0,0,0.0,0.0
1554,2026-04-01,0,0,0,0,0.0,0.0
1563,2026-04-01,0,0,0,0,0.0,0.0
1511,2026-05-01,1,31,16,1,747.68,2372.74
291,2026-05-01,1,34,19,0,634.25,2063.16
93,2026-05-01,1,13,7,0,228.18,0.0
491,2026-05-01,1,37,17,1,752.04,1485.87
922,2026-05-01,1,37,17,0,467.63,3550.6
1624,2026-05-01,1,15,5,0,82.44,156.0
1688,2026-05-01,1,34,15,0,880.16,3947.52
1718,2026-05-01,1,20,8,11,145.43,159.0
1152,2026-05-01,1,20,6,9,241.1,1707.32
1092,2026-05-01,1,25,12,2,738.89,1964.66
68,2026-05-01,1,22,10,0,403.41,1767.08
94,2026-05-01,1,33,18,0,1001.42,2229.5
152,2026-05-01,1,39,22,0,1062.98,3571.07
187,2026-05-01,1,37,16,0,811.35,2419.52
277,2026-05-01,1,31,10,0,269.16,2716.26
299,2026-05-01,1,26,13,0,422.99,2011.19
484,2026-05-01,1,34,10,0,337.13,1888.72
618,2026-05-01,1,23,10,0,356.67,1861.03
629,2026-05-01,1,39,21,0,876.67,2479.5
677,2026-05-01,1,32,11,0,672.9,2084.11
686,2026-05-01,1,21,11,4,681.37,1719.56
765,2026-05-01,1,38,23,0,646.6,1878.62
792,2026-05-01,1,28,15,0,555.93,3223.8
818,2026-05-01,1,27,14,0,283.23,2465.77
867,2026-05-01,1,34,21,0,862.61,2464.99
944,2026-05-01,1,34,10,0,220.21,1732.6
952,2026-05-01,1,31,13,0,470.15,3566.49
997,2026-05-01,1,36,18,0,1553.51,2335.38
998,2026-05-01,1,30,13,0,692.73,1923.21
1043,2026-05-01,1,29,20,0,1088.29,1499.76
1077,2026-05-01,1,23,10,0,335.73,2459.17
1087,2026-05-01,1,24,15,2,787.12,2843.89
1188,2026-05-01,1,32,12,0,540.23,1842.98
1257,2026-05-01,1,42,21,0,911.74,3600.14
1344,2026-05-01,1,27,12,0,511.53,2120.32
1376,2026-05-01,1,29,14,0,811.53,1345.71
1377,2026-05-01,1,31,19,0,612.31,1947.5
1380,2026-05-01,1,32,17,0,918.22,1669.0
1403,2026-05-01,1,16,5,6,472.4,1342.72
1434,2026-05-01,1,27,11,0,202.81,2024.99
1465,2026-05-01,1,28,16,0,592.69,2288.54
1471,2026-05-01,1,38,16,3,759.49,2814.1
1490,2026-05-01,1,34,15,3,844.24,2201.66
1538,2026-05-01,1,30,13,0,348.81,2159.28
1557,2026-05-01,1,34,14,0,564.68,2489.96
1579,2026-05-01,1,16,9,0,295.47,2520.51
1598,2026-05-01,1,34,13,0,488.54,1710.46
1539,2026-05-01,1,24,15,3,635.48,2877.12
486,2026-05-01,1,40,23,0,1080.93,2922.25
1545,2026-05-01,1,13,1,0,14.64,1640.0
355,2026-05-01,1,28,18,0,647.39,3370.25
63,2026-05-01,1,19,12,0,486.51,2337.82
167,2026-05-01,1,47,22,1,770.72,2316.0
180,2026-05-01,1,20,13,0,548.26,2832.12
242,2026-05-01,1,29,16,0,688.14,2312.01
265,2026-05-01,1,31,13,0,832.6,2418.2
276,2026-05-01,1,29,11,0,287.8,2498.3
283,2026-05-01,1,28,13,0,596.37,1993.54
310,2026-05-01,1,31,16,0,1358.61,2530.75
332,2026-05-01,1,36,13,0,1080.59,2355.56
357,2026-05-01,1,27,16,0,868.79,2661.7
386,2026-05-01,1,34,15,0,630.64,2700.08
509,2026-05-01,1,32,18,0,774.67,1556.02
522,2026-05-01,1,22,9,0,399.21,2028.67
632,2026-05-01,1,33,18,3,609.36,1870.1
748,2026-05-01,1,22,13,0,496.51,2423.94
799,2026-05-01,1,35,16,0,587.72,3713.4
814,2026-05-01,1,31,13,0,445.33,2564.81
907,2026-05-01,1,32,18,0,862.0,2739.5
984,2026-05-01,1,32,18,1,819.94,1675.71
1033,2026-05-01,1,31,12,0,533.12,2247.29
1239,2026-05-01,1,36,21,0,848.4,2601.49
1261,2026-05-01,1,28,11,3,674.31,1685.17
1265,2026-05-01,1,27,13,0,561.68,1551.94
1268,2026-05-01,1,29,14,0,518.68,3561.09
1293,2026-05-01,1,38,24,0,795.23,2600.57
1298,2026-05-01,1,28,14,0,635.91,1750.05
1304,2026-05-01,1,41,16,2,547.19,2052.64
1367,2026-05-01,1,33,20,0,803.7,1944.89
1412,2026-05-01,1,28,17,0,829.95,2487.08
1419,2026-05-01,1,27,13,0,429.69,1547.6
1423,2026-05-01,1,27,16,0,815.46,2273.37
1435,2026-05-01,1,29,9,0,383.18,2163.64
1480,2026-05-01,1,24,19,0,652.88,2184.33
1530,2026-05-01,1,23,14,0,523.59,2361.34
1536,2026-05-01,1,26,15,1,680.67,1596.73
1548,2026-05-01,1,38,17,0,694.22,2326.77
1582,2026-05-01,1,24,12,0,319.11,2457.14
1235,2026-05-01,1,20,7,0,358.99,558.0
440,2026-05-01,1,13,3,0,166.03,5900.0
1583,2026-05-01,1,24,11,0,369.06,2139.91
1230,2026-05-01,1,29,12,1,775.15,2114.6
712,2026-05-01,1,29,15,2,1213.81,2164.39
1046,2026-05-01,1,15,3,0,148.51,337.0
13,2026-05-01,1,43,18,0,411.92,2521.02
28,2026-05-01,1,34,16,0,938.37,2232.81
34,2026-05-01,1,33,20,0,907.2,1139.42
83,2026-05-01,1,40,17,0,558.63,3300.03
151,2026-05-01,1,24,15,0,1040.5,1955.19
541,2026-05-01,1,36,16,0,1078.48,2423.67
638,2026-05-01,1,34,21,0,964.14,2021.88
639,2026-05-01,1,25,13,0,423.67,2142.43
641,2026-05-01,1,29,12,0,1055.32,2568.95
644,2026-05-01,1,30,17,0,1303.35,2074.54
653,2026-05-01,1,25,13,8,747.82,1698.04
662,2026-05-01,1,25,17,0,594.73,1618.73
732,2026-05-01,1,27,9,5,352.23,1822.74
881,2026-05-01,1,31,14,0,398.86,2477.75
884,2026-05-01,1,30,19,0,733.79,2157.75
1002,2026-05-01,1,30,16,0,830.7,2514.43
1068,2026-05-01,1,46,24,1,923.78,2367.1
1145,2026-05-01,1,36,19,0,692.28,1900.66
1158,2026-05-01,1,21,12,0,489.97,2599.34
1203,2026-05-01,1,26,12,0,302.6,2049.55
1223,2026-05-01,1,24,6,9,347.06,1328.42
1272,2026-05-01,1,28,19,0,1119.1,2267.69
1360,2026-05-01,1,30,16,0,663.37,1923.27
1372,2026-05-01,1,29,15,0,604.16,2637.81
1440,2026-05-01,1,34,15,0,495.43,1941.46
1451,2026-05-01,1,28,15,1,806.56,2685.81
1568,2026-05-01,1,22,14,0,451.69,3589.69
1573,2026-05-01,1,28,11,0,320.07,2068.03
1567,2026-05-01,1,27,16,3,676.35,2668.53
812,2026-05-01,1,33,14,0,654.52,1804.84
620,2026-05-01,1,29,12,1,759.74,2236.66
1149,2026-05-01,1,32,13,2,696.8,2211.1
1413,2026-05-01,1,7,1,0,11.49,0.0
447,2026-05-01,1,20,6,0,182.86,773.0
271,2026-05-01,1,33,19,0,517.23,1751.95
1301,2026-05-01,1,25,9,8,195.34,1856.71
1036,2026-05-01,1,10,5,0,92.81,249.0
729,2026-05-01,1,29,18,0,630.72,2160.67
1542,2026-05-01,1,17,5,0,399.48,235.0
1588,2026-05-01,1,13,4,0,175.07,301.0
1599,2026-05-01,1,9,3,1,202.6,395.0
939,2026-05-01,1,39,20,0,721.9,2149.75
342,2026-05-01,1,33,18,0,918.49,2788.49
963,2026-05-01,1,52,22,0,677.27,1557.73
824,2026-05-01,1,24,15,0,423.91,2219.18
1045,2026-05-01,1,14,6,0,276.36,0.0
1180,2026-05-01,1,11,1,0,18.11,2946.0
117,2026-05-01,1,25,15,0,523.61,2217.87
230,2026-05-01,1,20,12,0,548.76,3030.21
239,2026-05-01,1,40,17,0,1081.08,2089.85
305,2026-05-01,1,26,12,0,526.95,1902.33
336,2026-05-01,1,25,12,0,463.07,2967.13
375,2026-05-01,1,22,13,0,526.45,1817.89
406,2026-05-01,1,23,14,0,580.56,3625.68
548,2026-05-01,1,36,22,0,680.79,2461.28
557,2026-05-01,1,21,6,0,140.21,2023.97
559,2026-05-01,1,32,14,4,512.79,1718.04
560,2026-05-01,1,21,10,0,248.8,2285.07
600,2026-05-01,1,30,15,0,470.99,2009.63
601,2026-05-01,1,29,14,0,780.02,3371.75
609,2026-05-01,1,19,8,9,714.11,1646.67
657,2026-05-01,1,22,11,0,258.34,2017.43
669,2026-05-01,1,31,10,4,343.33,1866.92
676,2026-05-01,1,26,12,0,412.16,3402.48
759,2026-05-01,1,35,20,1,584.29,1686.99
789,2026-05-01,1,31,14,1,666.42,1375.91
813,2026-05-01,1,30,12,0,320.49,1746.05
822,2026-05-01,1,42,23,0,1174.86,2569.29
829,2026-05-01,1,27,15,0,805.94,3647.38
916,2026-05-01,1,25,12,0,389.53,2050.52
1008,2026-05-01,1,30,11,0,423.5,2236.71
1148,2026-05-01,1,34,14,3,670.47,1573.53
1236,2026-05-01,1,23,14,0,499.11,2322.46
1351,2026-05-01,1,29,18,0,778.76,2333.91
1379,2026-05-01,1,32,11,0,521.75,2833.17
1478,2026-05-01,1,19,16,0,484.85,2041.51
1515,2026-05-01,1,30,15,0,966.25,2583.31
1620,2026-05-01,1,21,9,5,291.9,1495.14
615,2026-05-01,1,40,18,0,919.18,3157.17
212,2026-05-01,1,33,20,0,796.74,2075.7
561,2026-05-01,1,26,16,1,784.24,3423.14
1170,2026-05-01,1,36,16,0,579.56,2514.95
1422,2026-05-01,1,11,6,0,199.77,703.0
377,2026-05-01,1,32,21,0,1237.78,1368.37
372,2026-05-01,1,16,1,0,25.39,3143.0
169,2026-05-01,1,17,5,0,148.94,817.0
1216,2026-05-01,1,39,20,0,637.3,2156.04
211,2026-05-01,1,45,19,0,919.63,2943.77
1628,2026-05-01,1,30,21,0,827.16,1816.17
529,2026-05-01,1,40,14,0,820.3,3140.31
1364,2026-05-01,1,19,1,0,17.6,5810.0
947,2026-05-01,1,16,6,0,186.65,199.0
160,2026-05-01,1,42,21,0,755.67,2903.12
1559,2026-05-01,1,15,7,0,588.6,964.0
1124,2026-05-01,1,11,2,2,94.41,135.0
1227,2026-05-01,1,39,22,0,908.67,2360.66
1229,2026-05-01,1,20,11,0,549.79,2189.08
1745,2026-05-01,1,24,10,0,324.4,413.0
217,2026-05-01,1,31,16,0,569.2,3151.46
364,2026-05-01,1,29,14,0,630.83,1954.75
804,2026-05-01,1,29,14,0,627.46,2548.45
1393,2026-05-01,1,13,2,5,76.97,167.0
621,2026-05-01,1,33,20,0,796.41,2606.09
1156,2026-05-01,1,14,2,0,78.25,366.0
124,2026-05-01,1,24,15,0,424.43,2649.9
1308,2026-05-01,1,31,14,0,861.29,2925.77
1433,2026-05-01,1,14,6,0,199.72,0.0
521,2026-05-01,1,37,19,0,769.5,1782.29
928,2026-05-01,1,31,18,0,934.79,2166.59
403,2026-05-01,1,32,20,0,800.92,2176.25
975,2026-05-01,1,14,3,0,143.47,60.0
143,2026-05-01,1,34,14,0,627.4,2149.87
1069,2026-05-01,1,30,16,0,420.55,2200.36
1319,2026-05-01,1,23,12,0,658.09,2157.3
1109,2026-05-01,1,35,22,0,564.88,2389.83
394,2026-05-01,1,21,5,0,139.32,1783.0
1431,2026-05-01,1,34,15,1,498.14,1276.9
429,2026-05-01,1,32,11,0,588.2,1894.44
439,2026-05-01,1,20,11,0,294.36,1928.47
316,2026-05-01,1,39,16,2,679.24,2203.3
1209,2026-05-01,1,41,22,4,968.01,2664.97
1154,2026-05-01,1,12,4,0,514.19,0.0
227,2026-05-01,1,49,24,0,1034.84,1740.87
871,2026-05-01,1,33,20,0,973.38,3422.95
1686,2026-05-01,1,15,3,0,97.86,2956.0
282,2026-05-01,1,9,1,0,13.9,0.0
438,2026-05-01,1,8,0,4,0.0,0.0
1007,2026-05-01,1,15,5,0,280.07,232.0
1524,2026-05-01,1,19,10,2,262.4,2360.67
1322,2026-05-01,1,20,8,0,244.73,528.0
1340,2026-05-01,1,5,2,2,80.9,117.0
883,2026-05-01,1,40,21,0,1092.07,3188.84
1331,2026-05-01,1,16,8,0,461.28,0.0
1101,2026-05-01,1,18,5,0,191.05,399.0
392,2026-05-01,1,14,3,0,165.67,168.0
359,2026-05-01,1,30,15,0,1006.11,2979.5
404,2026-05-01,1,19,7,0,165.4,181.0
1300,2026-05-01,1,31,16,0,769.06,2595.55
1326,2026-05-01,1,32,18,3,643.0,2248.47
949,2026-05-01,1,27,18,1,908.54,3298.99
1455,2026-05-01,1,12,6,1,155.88,0.0
953,2026-05-01,1,21,12,0,609.36,2274.13
268,2026-05-01,1,17,7,0,527.26,6473.0
1120,2026-05-01,1,36,22,1,854.06,2091.4
1540,2026-05-01,1,25,18,2,748.17,2274.21
1084,2026-05-01,1,4,0,0,0.0,0.0
418,2026-05-01,1,27,14,1,500.85,1683.98
1457,2026-05-01,1,13,3,0,148.18,9772.0
969,2026-05-01,1,18,5,0,150.63,181.0
841,2026-05-01,1,39,24,0,780.93,2349.58
1470,2026-05-01,1,13,7,0,245.28,317.0
395,2026-05-01,1,14,1,0,74.06,238.0
1371,2026-05-01,1,35,25,0,876.99,2147.7
40,2026-05-01,1,34,13,0,373.13,4938.16
87,2026-05-01,1,34,19,0,632.57,1274.73
1192,2026-05-01,1,29,14,0,381.89,1858.39
250,2026-05-01,1,22,7,0,298.46,981.0
1357,2026-05-01,1,22,7,0,239.87,360.0
1493,2026-05-01,1,46,20,0,1044.65,2589.47
47,2026-05-01,1,14,5,0,159.81,1374.99
1054,2026-05-01,1,32,19,0,829.81,2022.69
1619,2026-05-01,1,42,15,1,497.19,2990.47
1475,2026-05-01,1,24,14,0,926.57,2511.3
330,2026-05-01,1,24,13,0,918.26,1628.7
415,2026-05-01,1,29,14,0,541.74,1665.56
993,2026-05-01,1,21,7,0,97.17,598.0
1086,2026-05-01,1,9,1,6,30.04,940.0
902,2026-05-01,1,15,6,0,232.32,633.0
506,2026-05-01,1,34,13,0,357.57,1484.81
589,2026-05-01,1,40,21,0,886.81,2337.58
790,2026-05-01,1,23,14,1,519.08,2041.01
1615,2026-05-01,1,26,17,1,915.27,2626.28
938,2026-05-01,1,36,18,0,1632.35,2520.32
775,2026-05-01,1,37,22,0,646.1,2457.19
489,2026-05-01,1,32,12,0,359.31,2006.35
864,2026-05-01,1,25,12,3,603.47,1929.74
37,2026-05-01,1,23,7,0,177.87,240.0
1486,2026-05-01,1,26,13,0,735.66,2784.6
1600,2026-05-01,1,31,17,1,537.09,2001.31
739,2026-05-01,1,40,19,0,673.38,2513.31
802,2026-05-01,1,34,22,0,802.56,1999.48
766,2026-05-01,1,30,15,1,687.99,1506.43
123,2026-05-01,1,36,16,0,1032.96,2920.42
1510,2026-05-01,1,30,13,13,482.88,998.46
1312,2026-05-01,1,24,9,0,225.22,2659.76
1179,2026-05-01,1,7,0,6,0.0,0.0
1421,2026-05-01,1,36,17,1,642.15,2407.55
425,2026-05-01,1,31,18,0,1085.38,2338.94
801,2026-05-01,1,24,18,0,679.02,2760.15
350,2026-05-01,1,13,4,0,194.07,123.0
1504,2026-05-01,1,13,0,8,0.0,521.0
1074,2026-05-01,1,21,16,0,606.91,1339.52
470,2026-05-01,1,18,9,0,421.05,279.0
221,2026-05-01,1,20,2,0,36.94,0.0
1206,2026-05-01,1,18,6,0,291.48,4715.0
1085,2026-05-01,1,36,16,4,797.87,1733.95
1286,2026-05-01,1,18,9,0,697.25,33.0
1424,2026-05-01,1,17,8,0,266.29,58.0
1228,2026-05-01,1,31,17,0,934.46,3256.96
256,2026-05-01,1,11,7,0,169.09,0.0
689,2026-05-01,1,21,12,0,593.19,2173.56
67,2026-05-01,1,47,20,1,719.96,2129.09
312,2026-05-01,1,11,3,0,171.4,0.0
194,2026-05-01,1,43,19,0,749.78,2502.78
478,2026-05-01,1,38,21,0,889.83,1749.65
873,2026-05-01,1,41,20,0,686.25,2099.34
978,2026-05-01,1,36,18,0,878.21,2269.77
1505,2026-05-01,1,4,1,0,4.81,350.0
373,2026-05-01,1,18,3,0,127.53,481.0
120,2026-05-01,1,37,13,0,454.28,1336.08
722,2026-05-01,1,10,3,0,48.67,861.0
173,2026-05-01,1,18,2,0,88.37,878.0
1127,2026-05-01,1,22,9,0,437.2,111.0
920,2026-05-01,1,29,12,0,378.93,1905.7
718,2026-05-01,1,18,7,1,224.98,648.0
1564,2026-05-01,1,38,21,0,814.94,1958.09
1,2026-05-01,1,8,1,0,54.42,5043.0
645,2026-05-01,1,36,19,0,683.58,1504.82
253,2026-05-01,1,8,3,0,40.68,413.0
145,2026-05-01,1,40,18,0,681.41,2185.02
420,2026-05-01,1,15,9,2,518.76,2211.27
446,2026-05-01,1,10,4,0,79.37,0.0
209,2026-05-01,1,23,14,0,406.03,1785.76
1318,2026-05-01,1,27,10,0,294.34,1298.99
174,2026-05-01,1,34,23,0,1524.4,2614.58
141,2026-05-01,1,41,24,0,816.73,1429.67
307,2026-05-01,1,23,9,0,514.02,2200.24
89,2026-05-01,1,6,0,0,0.0,0.0
1506,2026-05-01,1,33,20,2,514.71,2208.41
1172,2026-05-01,1,26,5,0,340.06,1019.0
558,2026-05-01,1,33,19,0,986.51,3593.79
816,2026-05-01,1,32,12,0,455.41,2300.73
915,2026-05-01,1,10,6,0,152.19,0.0
1528,2026-05-01,1,22,9,2,257.7,1410.9
731,2026-05-01,1,11,3,0,207.99,574.0
840,2026-05-01,1,30,14,0,719.62,3953.72
71,2026-05-01,1,33,15,0,796.77,2208.43
202,2026-05-01,1,31,18,0,751.63,2378.92
839,2026-05-01,1,41,24,0,863.43,1576.63
1363,2026-05-01,1,33,18,2,868.06,1715.3
384,2026-05-01,1,30,15,0,699.35,1877.8
134,2026-05-01,1,5,5,0,372.92,0.0
843,2026-05-01,1,16,6,0,123.88,404.0
1560,2026-05-01,1,10,1,0,19.28,549.0
1330,2026-05-01,1,33,16,0,625.78,3266.28
1146,2026-05-01,1,34,5,0,115.14,842.0
678,2026-05-01,1,37,20,0,675.3,3562.04
31,2026-05-01,1,33,22,0,1986.47,2568.45
996,2026-05-01,1,26,23,0,777.99,2186.66
125,2026-05-01,1,25,8,0,451.91,686.0
1053,2026-05-01,1,26,18,0,481.49,1448.39
126,2026-05-01,1,34,21,1,953.55,1788.08
976,2026-05-01,1,9,4,0,96.53,415.0
720,2026-05-01,1,23,10,0,588.43,2191.07
1110,2026-05-01,1,15,8,0,229.84,2387.53
170,2026-05-01,1,35,14,0,389.62,1781.65
417,2026-05-01,1,37,22,0,1145.88,5110.29
289,2026-05-01,1,28,19,0,1000.99,2129.66
1000,2026-05-01,1,39,18,0,649.1,2396.52
523,2026-05-01,1,35,16,0,1048.26,1577.48
179,2026-05-01,1,26,17,0,718.7,2180.24
189,2026-05-01,1,31,16,0,500.41,1685.93
982,2026-05-01,1,10,5,0,138.81,519.0
758,2026-05-01,1,30,17,0,483.11,1476.33
663,2026-05-01,1,29,12,0,398.03,2132.02
1613,2026-05-01,1,4,2,4,22.99,0.0
1246,2026-05-01,1,28,11,1,432.17,2720.4
1169,2026-05-01,1,18,5,0,112.27,85.0
443,2026-05-01,1,14,9,0,295.0,349.0
702,2026-05-01,1,13,4,0,133.63,96.0
1289,2026-05-01,1,25,12,0,363.66,2457.24
1049,2026-05-01,1,4,4,0,142.65,0.0
264,2026-05-01,1,13,6,0,552.72,102.0
365,2026-05-01,1,16,4,0,104.0,409.0
556,2026-05-01,1,19,5,0,421.18,3738.0
10,2026-05-01,1,15,11,0,540.25,0.0
1469,2026-05-01,1,5,4,5,144.59,0.0
762,2026-05-01,1,34,17,0,407.95,1769.65
512,2026-05-01,1,29,12,0,662.25,2261.13
1185,2026-05-01,1,27,18,0,506.33,2833.31
576,2026-05-01,1,26,17,0,586.33,1621.32
1679,2026-05-01,1,5,3,3,188.87,194.0
61,2026-05-01,1,17,4,0,168.14,817.0
15,2026-05-01,1,28,11,0,333.44,2405.37
1607,2026-05-01,1,24,11,2,551.1,3263.28
1550,2026-05-01,1,10,6,4,260.93,1089.0
210,2026-05-01,1,7,3,0,53.22,0.0
148,2026-05-01,1,20,4,0,166.75,217.0
1076,2026-05-01,1,28,13,0,611.36,2751.7
1444,2026-05-01,1,42,15,4,644.39,2174.2
1411,2026-05-01,1,7,5,0,125.22,0.0
98,2026-05-01,1,35,21,0,836.37,3000.73
1521,2026-05-01,1,21,10,1,392.22,1940.77
1618,2026-05-01,1,46,18,1,462.82,2138.23
737,2026-05-01,1,6,2,0,82.62,0.0
11,2026-05-01,1,39,16,0,804.76,2142.52
566,2026-05-01,1,7,3,0,78.96,0.0
1114,2026-05-01,1,20,7,0,207.74,2052.0
534,2026-05-01,1,23,8,0,343.96,1758.87
977,2026-05-01,1,29,20,0,626.0,2719.46
472,2026-05-01,1,38,18,0,1137.29,4096.7
811,2026-05-01,1,1,1,0,22.14,0.0
1381,2026-05-01,1,29,16,1,678.8,1345.09
635,2026-05-01,1,14,7,0,202.03,466.0
267,2026-05-01,1,36,16,1,515.33,2384.8
273,2026-05-01,1,9,3,0,236.25,0.0
241,2026-05-01,1,29,14,0,590.76,1738.7
1245,2026-05-01,1,27,14,0,421.78,2554.35
1143,2026-05-01,1,10,5,0,140.69,190.0
584,2026-05-01,1,13,5,0,235.42,386.0
1186,2026-05-01,1,32,19,2,620.26,1722.23
76,2026-05-01,1,31,13,0,442.36,2537.91
6,2026-05-01,1,28,12,0,353.57,2346.39
32,2026-05-01,1,29,16,0,935.18,2441.65
1391,2026-05-01,1,32,11,11,346.24,1341.83
1164,2026-05-01,1,11,5,0,119.02,0.0
251,2026-05-01,1,33,14,0,587.41,1795.47
1103,2026-05-01,1,32,15,1,506.37,1702.12
825,2026-05-01,1,12,4,0,126.71,547.0
412,2026-05-01,1,17,2,0,60.52,3666.0
538,2026-05-01,1,38,18,0,803.09,1952.4
1626,2026-05-01,1,34,15,0,543.07,2317.42
24,2026-05-01,1,8,4,0,114.47,0.0
269,2026-05-01,1,14,1,0,307.45,812.0
863,2026-05-01,1,11,5,0,112.77,0.0
514,2026-05-01,1,13,8,0,231.09,171.0
1328,2026-05-01,1,25,18,0,1472.16,1952.18
1177,2026-05-01,1,33,20,1,786.92,1375.35
1342,2026-05-01,1,30,25,0,1002.38,2434.76
1513,2026-05-01,1,14,2,2,158.14,161.0
552,2026-05-01,1,26,14,0,360.06,2200.14
588,2026-05-01,1,22,13,0,448.71,2036.07
747,2026-05-01,1,37,17,2,444.48,1691.71
787,2026-05-01,1,28,15,0,709.56,1843.45
1248,2026-05-01,1,2,0,3,0.0,0.0
1520,2026-05-01,1,38,17,0,908.74,2165.75
1337,2026-05-01,1,9,6,0,209.06,161.0
1526,2026-05-01,1,18,4,0,110.41,798.0
1543,2026-05-01,1,9,4,0,250.97,997.0
1497,2026-05-01,1,21,4,0,57.99,358.0
1311,2026-05-01,1,33,17,0,723.11,4172.2
1190,2026-05-01,1,8,1,0,59.85,205.0
136,2026-05-01,1,35,18,1,789.56,1758.24
929,2026-05-01,1,9,1,0,21.75,0.0
755,2026-05-01,1,3,0,0,0.0,585.0
611,2026-05-01,1,21,8,0,391.97,2910.3
424,2026-05-01,1,19,8,0,286.71,1599.66
927,2026-05-01,1,18,8,0,491.16,439.0
950,2026-05-01,1,36,16,0,449.38,3317.13
1031,2026-05-01,1,19,6,0,353.07,496.0
426,2026-05-01,1,27,9,0,201.76,2711.0
1525,2026-05-01,1,5,2,6,26.38,0.0
1173,2026-05-01,1,10,4,0,92.29,0.0
1453,2026-05-01,1,20,8,0,204.77,1567.0
905,2026-05-01,1,22,11,0,340.2,1545.8
1150,2026-05-01,1,33,11,0,629.12,739.0
925,2026-05-01,1,12,3,0,64.51,1833.0
1119,2026-05-01,1,21,5,3,94.61,581.0
1051,2026-05-01,1,17,8,0,324.31,2695.21
793,2026-05-01,1,30,14,1,565.08,2358.76
1165,2026-05-01,1,15,6,0,137.14,673.0
411,2026-05-01,1,26,13,7,851.4,1448.14
991,2026-05-01,1,9,2,0,276.06,1046.0
292,2026-05-01,1,36,17,0,939.62,2983.05
1196,2026-05-01,1,27,16,0,534.6,2151.54
1631,2026-05-01,1,10,3,1,82.43,304.0
279,2026-05-01,1,38,21,1,687.81,2850.04
924,2026-05-01,1,11,3,0,176.41,0.0
1592,2026-05-01,1,18,6,1,232.59,552.0
1307,2026-05-01,1,47,19,1,434.1,2531.66
1674,2026-05-01,1,7,3,6,37.23,65.0
1726,2026-05-01,1,20,4,1,129.47,811.0
278,2026-05-01,1,26,16,0,847.61,1641.36
1546,2026-05-01,1,23,6,0,272.64,767.0
1221,2026-05-01,1,15,2,0,76.21,8806.0
1576,2026-05-01,1,13,3,0,162.63,3171.0
1581,2026-05-01,1,28,16,4,637.05,2592.11
36,2026-05-01,1,21,6,0,211.82,610.0
8,2026-05-01,1,20,11,0,457.83,2277.55
38,2026-05-01,1,33,20,0,840.12,2102.19
178,2026-05-01,1,30,16,0,683.99,2921.22
334,2026-05-01,1,32,17,0,657.4,2243.78
408,2026-05-01,1,33,19,0,701.08,1948.4
564,2026-05-01,1,45,28,0,794.72,1787.79
568,2026-05-01,1,35,8,1,294.33,1975.83
647,2026-05-01,1,27,17,0,811.39,2626.16
698,2026-05-01,1,24,17,0,820.59,1937.93
715,2026-05-01,1,29,12,0,583.68,1835.66
796,2026-05-01,1,38,17,0,823.44,3243.48
833,2026-05-01,1,37,22,0,1084.67,1948.57
892,2026-05-01,1,48,19,0,538.11,2542.21
942,2026-05-01,1,24,9,0,754.41,2373.56
954,2026-05-01,1,37,18,3,799.73,1367.48
1023,2026-05-01,1,34,19,0,1097.09,2022.69
1032,2026-05-01,1,31,20,0,840.49,2625.99
1072,2026-05-01,1,22,17,0,692.15,2562.61
1147,2026-05-01,1,42,18,0,750.21,2801.68
1151,2026-05-01,1,35,15,0,714.02,2049.49
1189,2026-05-01,1,44,24,0,1132.57,1861.52
1432,2026-05-01,1,35,18,0,624.19,3157.91
1488,2026-05-01,1,40,15,2,477.32,1856.62
1167,2026-05-01,1,12,4,0,195.24,1009.0
127,2026-05-01,1,14,5,0,228.3,355.0
726,2026-05-01,1,26,17,0,534.99,1295.9
262,2026-05-01,1,25,14,0,628.35,1835.97
287,2026-05-01,1,31,14,0,650.07,2153.67
331,2026-05-01,1,28,17,0,507.15,1736.01
402,2026-05-01,1,40,19,0,641.83,2411.32
482,2026-05-01,1,33,18,0,1069.12,2409.86
592,2026-05-01,1,22,13,0,354.05,1608.18
594,2026-05-01,1,35,14,3,1479.57,1692.76
878,2026-05-01,1,36,22,2,885.48,1949.35
1038,2026-05-01,1,38,20,0,554.69,1807.62
1397,2026-05-01,1,39,18,0,712.45,2333.68
1499,2026-05-01,1,35,18,0,629.43,3352.56
1519,2026-05-01,1,22,7,0,245.59,2576.14
1589,2026-05-01,1,19,8,1,419.3,1569.4
1244,2026-05-01,1,22,4,0,198.25,569.0
750,2026-05-01,1,24,13,0,335.24,1763.6
1233,2026-05-01,1,11,4,0,142.59,1266.0
387,2026-05-01,1,15,3,0,135.25,0.0
1566,2026-05-01,1,4,0,0,0.0,0.0
362,2026-05-01,1,26,12,1,399.3,1940.71
1389,2026-05-01,1,4,2,0,31.29,0.0
838,2026-05-01,1,39,15,0,684.58,1523.12
1027,2026-05-01,1,24,17,0,621.9,2134.59
70,2026-05-01,1,38,15,0,528.94,2262.25
159,2026-05-01,1,35,16,0,559.19,1884.82
345,2026-05-01,1,28,13,5,500.67,1824.51
423,2026-05-01,1,31,12,0,309.36,1942.14
626,2026-05-01,1,24,11,0,841.6,2037.13
674,2026-05-01,1,24,10,0,359.33,2658.77
948,2026-05-01,1,35,19,0,503.38,2416.25
960,2026-05-01,1,31,16,0,570.47,3548.56
1024,2026-05-01,1,43,17,0,563.19,2739.04
1115,2026-05-01,1,34,17,7,598.18,1849.29
1263,2026-05-01,1,17,8,0,433.46,2503.47
1271,2026-05-01,1,32,11,0,568.91,2176.97
1287,2026-05-01,1,43,22,0,741.0,2785.27
1491,2026-05-01,1,32,13,1,583.42,1573.42
1508,2026-05-01,1,28,16,0,519.38,2113.98
531,2026-05-01,1,33,18,0,929.08,2154.05
530,2026-05-01,1,36,13,0,460.55,2497.82
1407,2026-05-01,1,35,12,0,442.7,3596.37
309,2026-05-01,1,9,3,0,119.82,0.0
1099,2026-05-01,1,31,17,0,591.82,3303.4
695,2026-05-01,1,11,4,0,152.96,99.0
1184,2026-05-01,1,32,12,2,812.26,1860.29
449,2026-05-01,1,16,8,1,311.54,316.0
1608,2026-05-01,1,4,2,4,67.07,0.0
1243,2026-05-01,1,26,13,0,647.37,1805.05
1558,2026-05-01,1,19,2,0,35.42,390.0
18,2026-05-01,1,32,14,0,409.07,1718.22
161,2026-05-01,1,26,13,0,589.93,2475.96
266,2026-05-01,1,20,9,0,279.78,1904.55
295,2026-05-01,1,35,16,3,623.09,1852.92
352,2026-05-01,1,21,16,0,589.33,2193.87
457,2026-05-01,1,28,12,0,399.2,1402.1
469,2026-05-01,1,25,10,0,444.83,1916.53
503,2026-05-01,1,29,12,0,575.11,1557.13
504,2026-05-01,1,35,20,0,551.5,2287.55
664,2026-05-01,1,26,14,0,506.41,2605.45
834,2026-05-01,1,36,21,2,693.86,2211.59
1013,2026-05-01,1,26,15,2,1217.27,3071.13
1155,2026-05-01,1,33,14,0,622.5,2757.97
1183,2026-05-01,1,28,15,0,666.04,2857.46
1224,2026-05-01,1,33,22,0,938.18,2461.15
1365,2026-05-01,1,24,17,0,602.53,2735.51
1611,2026-05-01,1,33,12,0,563.4,2016.55
1616,2026-05-01,1,38,21,0,1731.11,2744.16
1332,2026-05-01,1,11,5,0,180.97,319.0
121,2026-05-01,1,19,6,0,133.7,723.0
82,2026-05-01,1,27,14,0,461.24,1717.61
614,2026-05-01,1,26,14,0,493.58,1547.78
628,2026-05-01,1,13,6,0,284.65,59.0
525,2026-05-01,1,11,1,0,29.85,403.0
1279,2026-05-01,1,14,6,0,217.66,0.0
1535,2026-05-01,1,30,14,4,587.29,1661.73
797,2026-05-01,1,18,5,0,129.38,773.0
1629,2026-05-01,1,16,5,0,272.23,140.0
1415,2026-05-01,1,24,5,0,289.56,383.0
616,2026-05-01,1,4,4,0,103.71,0.0
652,2026-05-01,1,4,4,0,146.66,0.0
21,2026-05-01,1,29,14,1,668.58,2089.8
1122,2026-05-01,1,5,2,0,163.08,1323.0
311,2026-05-01,1,38,8,0,228.11,2570.26
130,2026-05-01,1,18,4,0,74.24,1502.0
985,2026-05-01,1,33,17,0,682.35,2021.34
1512,2026-05-01,1,20,4,0,102.57,801.0
1544,2026-05-01,1,9,7,2,202.63,0.0
546,2026-05-01,1,14,7,0,308.88,270.0
1438,2026-05-01,1,9,3,0,59.32,168.0
1220,2026-05-01,1,29,15,0,424.41,2039.77
1128,2026-05-01,1,40,17,0,587.06,2541.14
1577,2026-05-01,1,18,8,0,284.63,252.0
604,2026-05-01,1,33,17,0,557.54,2992.2
1201,2026-05-01,1,35,14,2,731.85,2228.98
498,2026-05-01,1,23,8,0,116.42,808.0
463,2026-05-01,1,18,6,0,441.58,446.0
1050,2026-05-01,1,35,20,0,1184.28,2102.91
319,2026-05-01,1,17,2,0,124.03,469.0
754,2026-05-01,1,9,3,0,108.5,0.0
958,2026-05-01,1,34,11,0,448.48,1994.68
547,2026-05-01,1,32,17,0,564.66,1920.22
580,2026-05-01,1,40,24,0,890.31,2389.12
1105,2026-05-01,1,10,6,0,220.06,0.0
1346,2026-05-01,1,15,8,0,341.39,150.0
1305,2026-05-01,1,12,4,0,116.04,0.0
1343,2026-05-01,1,22,6,0,260.93,916.0
88,2026-05-01,1,30,19,0,500.67,2033.33
581,2026-05-01,1,8,2,0,50.58,0.0
111,2026-05-01,1,28,17,0,986.2,1735.6
666,2026-05-01,1,16,7,0,194.86,186.0
79,2026-05-01,1,34,18,0,516.24,1638.65
1461,2026-05-01,1,21,7,2,187.29,172.0
931,2026-05-01,1,21,4,0,210.94,564.0
736,2026-05-01,1,21,4,0,95.61,206.0
511,2026-05-01,1,32,14,0,439.09,1454.83
768,2026-05-01,1,18,5,0,160.93,749.0
1450,2026-05-01,1,40,16,0,754.72,2585.9
317,2026-05-01,1,38,13,0,386.96,2424.94
1141,2026-05-01,1,27,12,2,572.62,3271.79
1112,2026-05-01,1,7,5,0,174.19,0.0
1359,2026-05-01,1,28,15,6,619.93,1591.25
1078,2026-05-01,1,26,13,0,340.9,2324.82
1574,2026-05-01,1,37,22,0,943.52,2628.78
1217,2026-05-01,1,9,3,0,113.79,0.0
1212,2026-05-01,1,25,16,0,525.24,2592.73
1447,2026-05-01,1,13,5,0,147.49,791.0
1089,2026-05-01,1,16,4,0,122.24,459.0
961,2026-05-01,1,18,7,3,183.74,0.0
1285,2026-05-01,1,17,3,0,50.95,0.0
313,2026-05-01,1,24,10,0,329.91,344.0
619,2026-05-01,1,33,14,0,569.14,2042.1
1187,2026-05-01,1,14,4,0,196.34,1926.0
659,2026-05-01,1,23,5,0,148.96,461.0
1280,2026-05-01,1,13,6,0,155.03,247.0
1595,2026-05-01,1,7,3,4,59.45,0.0
235,2026-05-01,1,12,3,0,82.15,1289.0
1253,2026-05-01,1,15,6,0,303.73,382.0
346,2026-05-01,1,13,3,0,345.13,160.0
1121,2026-05-01,1,25,10,0,373.57,2073.78
1327,2026-05-01,1,32,10,0,617.35,2593.92
1425,2026-05-01,1,38,23,0,993.21,4386.0
318,2026-05-01,1,28,15,0,508.08,2576.85
398,2026-05-01,1,35,21,0,894.82,2037.48
708,2026-05-01,1,30,21,0,1152.92,1698.62
861,2026-05-01,1,26,8,0,459.4,625.0
410,2026-05-01,1,14,4,0,241.01,0.0
756,2026-05-01,1,7,1,2,25.06,157.0
971,2026-05-01,1,22,11,0,310.16,1466.56
1352,2026-05-01,1,25,3,0,112.72,1465.0
1402,2026-05-01,1,11,5,0,316.96,0.0
1502,2026-05-01,1,18,6,2,90.29,217.0
1604,2026-05-01,1,13,2,0,148.26,800.0
723,2026-05-01,1,35,20,0,972.87,2643.82
58,2026-05-01,1,25,12,0,418.75,2581.99
107,2026-05-01,1,26,19,0,568.12,1399.08
876,2026-05-01,1,30,11,0,350.42,1946.22
508,2026-05-01,1,6,2,0,35.84,0.0
44,2026-05-01,1,16,3,0,71.82,1082.0
1394,2026-05-01,1,24,9,0,625.5,1366.36
1369,2026-05-01,1,36,21,0,749.1,2163.01
1026,2026-05-01,1,26,11,0,358.22,2130.62
1163,2026-05-01,1,17,4,0,249.68,205.0
1594,2026-05-01,1,18,1,0,46.97,6803.0
764,2026-05-01,1,7,3,0,106.07,0.0
1061,2026-05-01,1,22,6,0,123.02,147.0
496,2026-05-01,1,7,1,0,55.27,0.0
1474,2026-05-01,1,34,18,1,652.7,1897.56
360,2026-05-01,1,11,4,0,230.15,191.0
845,2026-05-01,1,44,27,0,1210.62,2669.57
1091,2026-05-01,1,33,20,0,895.55,1235.75
370,2026-05-01,1,18,7,0,106.58,43.0
75,2026-05-01,1,33,12,0,390.01,2305.21
877,2026-05-01,1,27,15,0,649.63,2369.34
1605,2026-05-01,1,22,5,0,90.38,518.0
222,2026-05-01,1,17,5,0,173.55,3913.0
155,2026-05-01,1,46,23,0,765.53,2264.33
1267,2026-05-01,1,13,3,1,317.32,0.0
1388,2026-05-01,1,6,3,0,115.12,60.0
1523,2026-05-01,1,11,6,0,148.43,169.0
640,2026-05-01,1,12,3,0,59.52,50.0
1500,2026-05-01,1,8,1,0,52.76,77.0
1277,2026-05-01,1,17,6,0,340.82,633.0
966,2026-05-01,1,38,18,0,727.52,2095.14
234,2026-05-01,1,20,7,0,379.32,51.0
1517,2026-05-01,1,6,4,0,124.31,0.0
335,2026-05-01,1,25,13,0,486.29,2379.49
770,2026-05-01,1,37,16,0,500.88,1393.18
685,2026-05-01,1,9,1,6,141.41,0.0
1133,2026-05-01,1,9,7,0,203.28,0.0
274,2026-05-01,1,15,10,0,355.51,3642.61
1021,2026-05-01,1,17,4,0,98.77,324.0
1509,2026-05-01,1,11,7,0,190.08,0.0
1366,2026-05-01,1,11,6,0,295.55,59.0
713,2026-05-01,1,17,6,0,170.54,1120.0
1484,2026-05-01,1,15,2,0,57.7,304.0
527,2026-05-01,1,29,17,0,520.47,1526.56
42,2026-05-01,1,23,14,0,720.2,3473.23
431,2026-05-01,1,35,8,0,227.3,1617.98
9,2026-05-01,1,41,18,0,816.97,1457.7
986,2026-05-01,1,39,20,0,690.02,1745.89
1066,2026-05-01,1,10,4,0,149.92,0.0
593,2026-05-01,1,16,8,0,314.92,0.0
1349,2026-05-01,1,29,16,0,516.84,3762.46
184,2026-05-01,1,26,8,0,350.72,2200.48
807,2026-05-01,1,1,1,0,31.09,0.0
1428,2026-05-01,1,22,7,0,286.01,1052.0
690,2026-05-01,1,5,5,0,227.07,0.0
974,2026-05-01,1,44,27,0,926.63,2625.19
280,2026-05-01,1,36,15,0,874.1,2144.64
380,2026-05-01,1,31,14,0,534.9,3145.26
490,2026-05-01,1,36,15,0,808.64,2392.91
1442,2026-05-01,1,28,14,0,542.98,1844.66
1437,2026-05-01,1,16,6,1,157.96,290.0
1489,2026-05-01,1,16,5,0,254.58,97.0
1157,2026-05-01,1,26,15,0,636.71,2024.14
1382,2026-05-01,1,32,15,0,1178.14,2172.1
781,2026-05-01,1,16,1,0,56.7,230.0
1034,2026-05-01,1,5,0,0,0.0,683.0
66,2026-05-01,1,32,15,0,587.81,1586.1
773,2026-05-01,1,31,13,0,765.25,1474.64
930,2026-05-01,1,5,0,0,0.0,748.0
1591,2026-05-01,1,5,1,0,28.54,0.0
1710,2026-05-01,1,33,18,0,555.56,757.0
1323,2026-05-01,1,24,13,0,421.67,1760.69
1047,2026-05-01,1,14,6,0,119.51,0.0
434,2026-05-01,1,11,5,0,182.09,0.0
700,2026-05-01,1,35,30,0,927.47,1714.26
1202,2026-05-01,1,10,5,0,138.19,242.0
636,2026-05-01,1,9,2,0,165.62,2554.0
1303,2026-05-01,1,31,17,0,570.89,2570.84
1610,2026-05-01,1,21,8,0,863.34,2024.48
513,2026-05-01,1,30,19,0,629.91,2534.2
1609,2026-05-01,1,29,17,0,743.78,1809.02
613,2026-05-01,1,4,0,0,0.0,0.0
624,2026-05-01,1,33,16,0,562.52,2090.05
721,2026-05-01,1,23,15,0,500.86,1905.75
733,2026-05-01,1,29,11,0,334.54,2193.38
821,2026-05-01,1,33,15,0,510.19,2845.87
890,2026-05-01,1,26,13,0,720.18,2633.49
897,2026-05-01,1,25,10,0,333.31,1968.83
970,2026-05-01,1,27,14,0,480.05,1790.09
1549,2026-05-01,1,33,17,0,514.03,2205.88
704,2026-05-01,1,10,1,0,49.01,818.0
158,2026-05-01,1,33,20,0,694.32,1986.82
459,2026-05-01,1,23,14,0,845.94,2193.58
815,2026-05-01,1,34,15,0,600.23,1742.46
1079,2026-05-01,1,29,21,0,1272.71,1885.69
1098,2026-05-01,1,25,14,0,445.59,2166.02
1135,2026-05-01,1,30,19,0,777.45,2622.8
1234,2026-05-01,1,34,14,0,738.68,2109.99
1374,2026-05-01,1,45,17,0,449.21,2792.05
1601,2026-05-01,1,39,18,0,625.02,2187.39
1383,2026-05-01,1,27,14,2,1350.86,2232.07
288,2026-05-01,1,27,11,10,363.46,1694.3
321,2026-05-01,1,27,10,0,379.19,1362.59
679,2026-05-01,1,31,16,0,388.93,3992.0
705,2026-05-01,1,34,15,0,420.9,2636.4
749,2026-05-01,1,29,12,0,340.42,1314.28
776,2026-05-01,1,19,14,0,587.53,2278.25
809,2026-05-01,1,17,6,0,256.46,2235.56
823,2026-05-01,1,25,8,0,515.42,3195.04
1009,2026-05-01,1,29,13,0,435.22,2509.73
1208,2026-05-01,1,32,17,0,1029.36,2515.3
1238,2026-05-01,1,29,18,0,1214.92,1719.93
869,2026-05-01,1,12,3,0,83.26,1329.0
1065,2026-05-01,1,6,0,6,0.0,0.0
1231,2026-05-01,1,9,5,0,111.1,0.0
1139,2026-05-01,1,27,16,0,523.03,2286.93
1159,2026-05-01,1,15,1,0,46.51,5043.0
1314,2026-05-01,1,15,4,0,288.92,385.0
1737,2026-05-01,1,19,4,7,107.97,130.0
769,2026-05-01,1,32,9,0,342.59,2951.39
795,2026-05-01,1,29,14,0,629.46,1736.2
917,2026-05-01,1,27,12,0,325.12,1295.93
941,2026-05-01,1,18,9,0,222.57,2893.37
972,2026-05-01,1,29,14,0,671.53,2078.49
989,2026-05-01,1,27,14,0,1055.34,2578.56
1254,2026-05-01,1,33,14,0,1245.73,3751.0
1385,2026-05-01,1,35,13,0,461.7,2512.09
1395,2026-05-01,1,28,16,0,844.78,2086.8
1617,2026-05-01,1,32,21,0,669.92,2054.84
1197,2026-05-01,1,16,4,0,151.42,446.0
964,2026-05-01,1,9,5,0,141.35,0.0
1329,2026-05-01,1,32,15,0,682.48,1694.13
1696,2026-05-01,1,9,3,0,50.7,103.0
1168,2026-05-01,1,7,0,0,0.0,8464.0
1025,2026-05-01,1,34,11,0,357.1,3345.12
783,2026-05-01,1,8,0,0,0.0,2245.0
837,2026-05-01,1,4,2,0,143.64,0.0
1578,2026-05-01,1,11,2,0,32.91,1939.0
1358,2026-05-01,1,3,1,0,10.74,0.0
102,2026-05-01,1,42,17,0,514.26,2350.28
1439,2026-05-01,1,3,3,5,147.78,0.0
643,2026-05-01,1,14,7,0,123.92,140.0
1262,2026-05-01,1,15,5,0,155.72,213.0
50,2026-05-01,1,12,3,0,102.31,144.0
1483,2026-05-01,1,6,2,0,100.79,0.0
1537,2026-05-01,1,39,12,1,467.98,1620.97
596,2026-05-01,1,8,1,0,70.15,746.0
1345,2026-05-01,1,17,11,0,302.69,0.0
1334,2026-05-01,1,10,7,0,177.6,324.0
1571,2026-05-01,1,17,7,1,344.65,231.0
435,2026-05-01,1,17,4,0,109.6,628.0
599,2026-05-01,1,9,2,0,141.52,1582.0
856,2026-05-01,1,31,14,0,453.45,1855.48
1178,2026-05-01,1,9,2,1,32.18,337.0
72,2026-05-01,1,17,3,0,103.0,1008.0
965,2026-05-01,1,10,6,0,269.26,0.0
252,2026-05-01,1,15,8,0,311.03,92.0
835,2026-05-01,1,12,7,0,235.1,212.0
1005,2026-05-01,1,6,4,0,129.54,0.0
1657,2026-05-01,1,11,4,0,140.56,391.0
1204,2026-05-01,1,13,5,0,175.3,374.0
1219,2026-05-01,1,27,12,0,429.66,2258.01
1458,2026-05-01,1,17,6,1,155.46,151.0
743,2026-05-01,1,20,3,0,77.64,401.0
753,2026-05-01,1,21,11,0,406.05,1959.0
1310,2026-05-01,1,11,6,0,236.03,225.0
735,2026-05-01,1,22,5,0,143.81,1091.0
1658,2026-05-01,1,26,8,0,239.72,530.0
259,2026-05-01,1,15,10,0,794.88,445.0
692,2026-05-01,1,14,2,0,48.98,1952.0
1409,2026-05-01,1,18,9,0,243.28,3722.0
1353,2026-05-01,1,3,3,0,107.95,0.0
62,2026-05-01,1,33,21,0,682.19,2175.23
322,2026-05-01,1,21,8,0,418.92,283.0
1123,2026-05-01,1,13,6,0,226.54,23.0
476,2026-05-01,1,15,5,0,431.72,333.0
545,2026-05-01,1,14,5,0,224.81,659.0
778,2026-05-01,1,3,3,0,40.28,0.0
293,2026-05-01,1,32,19,0,644.85,2574.08
157,2026-05-01,1,18,3,0,320.61,515.0
1016,2026-05-01,1,4,0,0,0.0,0.0
1410,2026-05-01,1,8,2,5,39.74,227.0
1052,2026-05-01,1,13,4,0,169.34,894.0
78,2026-05-01,1,9,3,0,63.54,0.0
696,2026-05-01,1,6,2,0,177.46,0.0
149,2026-05-01,1,9,1,0,36.06,0.0
724,2026-05-01,1,9,4,0,132.36,1425.0
245,2026-05-01,1,12,2,0,63.72,779.0
1448,2026-05-01,1,15,2,0,91.37,1235.0
1211,2026-05-01,1,13,3,1,72.86,619.0
140,2026-05-01,1,17,9,0,349.37,1120.0
1441,2026-05-01,1,9,5,0,155.72,0.0
1404,2026-05-01,1,11,3,0,153.49,920.0
1386,2026-05-01,1,13,7,0,103.5,0.0
699,2026-05-01,1,8,1,0,62.7,2032.0
962,2026-05-01,1,35,14,0,463.18,3481.54
651,2026-05-01,1,17,6,0,120.11,576.0
590,2026-05-01,1,19,11,0,649.66,2544.76
1269,2026-05-01,1,13,4,0,246.5,2829.0
1297,2026-05-01,1,8,0,0,0.0,3115.0
940,2026-05-01,1,12,3,0,108.01,212.0
1554,2026-05-01,1,12,5,2,159.64,175.0
1466,2026-05-01,1,18,7,0,321.2,714.0
300,2026-05-01,1,10,5,0,165.51,1954.0
385,2026-05-01,1,14,2,0,86.51,2796.0
862,2026-05-01,1,16,4,0,111.2,0.0
1463,2026-05-01,1,27,6,0,243.83,1355.0
670,2026-05-01,1,20,3,0,73.46,363.0
1294,2026-05-01,1,7,4,0,84.47,38.0
1375,2026-05-01,1,11,5,0,241.14,0.0
139,2026-05-01,1,5,3,0,146.4,0.0
1555,2026-05-01,1,14,4,0,96.0,0.0
1320,2026-05-01,1,9,4,0,545.92,306.0
228,2026-05-01,1,6,2,0,126.35,0.0
605,2026-05-01,1,4,1,2,65.71,1188.0
1252,2026-05-01,1,18,8,0,263.86,810.0
95,2026-05-01,1,12,1,0,6.07,2794.0
858,2026-05-01,1,22,10,0,366.76,909.0
248,2026-05-01,1,9,2,0,50.18,1964.0
1356,2026-05-01,1,13,5,2,107.73,0.0
574,2026-05-01,1,16,1,0,128.13,7755.0
433,2026-05-01,1,27,12,0,423.05,2514.86
1584,2026-05-01,1,34,15,0,774.09,2426.11
1020,2026-05-01,1,11,1,0,17.23,667.0
1037,2026-05-01,1,22,9,2,444.88,91.0
642,2026-05-01,1,21,5,0,283.09,269.0
507,2026-05-01,1,27,11,0,410.14,1839.55
466,2026-05-01,1,5,3,0,137.3,0.0
908,2026-05-01,1,4,0,0,0.0,0.0
1241,2026-05-01,1,18,9,0,341.87,87.0
1643,2026-05-01,1,8,2,0,126.53,220.0
1452,2026-05-01,1,13,3,0,98.86,707.0
220,2026-05-01,1,30,4,0,129.5,627.0
579,2026-05-01,1,28,14,0,422.42,2502.89
650,2026-05-01,1,27,12,0,359.37,2147.72
693,2026-05-01,1,34,14,0,519.8,2233.85
697,2026-05-01,1,25,11,0,452.0,2106.14
1476,2026-05-01,1,28,17,0,788.55,2235.28
12,2026-05-01,1,30,18,0,706.66,2952.85
591,2026-05-01,1,31,10,0,262.38,1435.4
911,2026-05-01,1,28,9,7,241.34,1223.04
1473,2026-05-01,1,22,12,0,433.81,2098.09
1276,2026-05-01,1,9,0,0,0.0,73.0
477,2026-05-01,1,11,1,0,75.28,1718.0
532,2026-05-01,1,10,2,0,134.8,0.0
510,2026-05-01,1,14,4,0,307.46,1006.0
542,2026-05-01,1,18,4,0,153.69,1215.0
1044,2026-05-01,1,21,9,0,293.08,2994.94
1194,2026-05-01,1,20,9,0,374.27,2371.74
957,2026-05-01,1,24,9,0,438.83,550.0
549,2026-05-01,1,11,3,0,257.28,3886.0
1719,2026-05-01,1,15,4,0,122.49,272.0
205,2026-05-01,1,8,6,0,208.53,0.0
725,2026-05-01,1,12,5,0,254.9,1876.0
1416,2026-05-01,1,21,4,3,164.03,310.0
1299,2026-05-01,1,13,4,0,198.88,127.0
391,2026-05-01,1,10,4,0,152.92,0.0
22,2026-05-01,1,23,14,0,483.15,2498.1
263,2026-05-01,1,36,16,0,826.37,3310.67
649,2026-05-01,1,37,14,0,443.22,1940.49
1125,2026-05-01,1,30,12,0,640.2,2481.77
51,2026-05-01,1,23,6,0,176.25,4990.0
116,2026-05-01,1,7,5,0,405.14,0.0
199,2026-05-01,1,18,4,0,97.91,417.0
296,2026-05-01,1,8,4,0,139.01,0.0
366,2026-05-01,1,18,6,0,83.18,297.0
987,2026-05-01,1,9,5,0,185.73,0.0
1507,2026-05-01,1,12,4,1,81.18,0.0
1030,2026-05-01,1,21,5,0,159.32,828.0
1531,2026-05-01,1,2,0,0,0.0,0.0
1400,2026-05-01,1,7,4,0,112.21,22.0
1580,2026-05-01,1,14,3,0,62.27,95.0
1258,2026-05-01,1,10,2,3,30.6,90.0
1634,2026-05-01,1,11,1,21,16.29,32.0
454,2026-05-01,1,27,3,0,88.8,1110.0
1073,2026-05-01,1,12,4,0,151.53,5859.0
409,2026-05-01,1,11,1,0,52.42,3700.0
1481,2026-05-01,1,24,6,0,171.54,445.0
1175,2026-05-01,1,3,1,0,28.73,0.0
784,2026-05-01,1,9,2,7,30.45,0.0
1131,2026-05-01,1,13,5,2,109.22,577.0
979,2026-05-01,1,15,8,0,541.53,768.0
1057,2026-05-01,1,8,5,0,101.82,0.0
608,2026-05-01,1,15,3,0,165.12,3450.0
339,2026-05-01,1,15,0,0,0.0,973.0
633,2026-05-01,1,4,2,0,125.39,0.0
495,2026-05-01,1,7,3,0,118.31,0.0
437,2026-05-01,1,14,4,0,275.57,0.0
805,2026-05-01,1,9,0,0,0.0,2092.0
1071,2026-05-01,1,10,8,0,262.73,0.0
1166,2026-05-01,1,5,1,0,14.76,0.0
29,2026-05-01,1,16,9,0,582.25,184.0
1454,2026-05-01,1,12,2,0,128.89,5512.0
92,2026-05-01,1,9,5,0,137.96,0.0
1527,2026-05-01,1,10,4,0,162.47,0.0
1430,2026-05-01,1,23,6,0,123.1,543.0
218,2026-05-01,1,16,6,0,222.55,226.0
193,2026-05-01,1,11,4,0,177.41,270.0
1215,2026-05-01,1,13,5,0,228.54,1037.0
329,2026-05-01,1,8,4,0,109.49,0.0
150,2026-05-01,1,10,1,0,21.65,3884.0
1396,2026-05-01,1,8,4,0,168.62,0.0
711,2026-05-01,1,13,3,0,102.72,1282.0
203,2026-05-01,1,17,4,0,120.32,280.0
1612,2026-05-01,1,12,6,0,263.39,0.0
740,2026-05-01,1,8,1,0,27.15,320.0
1494,2026-05-01,1,9,1,4,10.15,0.0
379,2026-05-01,1,12,6,0,129.94,0.0
1420,2026-05-01,1,19,6,0,172.2,484.0
1518,2026-05-01,1,8,2,0,79.74,0.0
1565,2026-05-01,1,13,3,0,152.24,460.0
671,2026-05-01,1,13,2,0,46.42,57.0
354,2026-05-01,1,17,4,0,502.8,948.0
223,2026-05-01,1,13,5,0,119.26,0.0
369,2026-05-01,1,7,3,0,46.67,0.0
1665,2026-05-01,1,11,1,0,50.49,1686.0
1569,2026-05-01,1,13,4,2,97.05,346.0
1309,2026-05-01,1,10,4,0,220.61,0.0
1552,2026-05-01,1,12,5,0,183.13,48.0
1685,2026-05-01,1,22,6,1,117.18,341.0
201,2026-05-01,1,16,2,0,39.26,2882.0
258,2026-05-01,1,13,5,0,152.86,0.0
935,2026-05-01,1,3,1,0,27.17,0.0
577,2026-05-01,1,20,1,0,31.42,3480.0
570,2026-05-01,1,19,4,0,141.14,512.0
1445,2026-05-01,1,17,2,0,73.84,758.0
887,2026-05-01,1,11,3,3,116.92,0.0
919,2026-05-01,1,6,6,0,201.47,0.0
875,2026-05-01,1,15,8,0,196.51,259.0
112,2026-05-01,1,16,7,0,367.07,1619.0
519,2026-05-01,1,13,1,1,19.7,141.0
419,2026-05-01,1,7,2,0,72.8,965.0
706,2026-05-01,1,11,2,0,94.64,2210.0
1210,2026-05-01,1,11,6,0,476.53,184.0
5,2026-05-01,1,7,3,0,96.68,0.0
872,2026-05-01,1,9,4,0,127.97,69.0
1010,2026-05-01,1,12,0,0,0.0,4909.0
533,2026-05-01,1,12,2,0,59.39,7801.0
1288,2026-05-01,1,7,0,6,0.0,0.0
351,2026-05-01,1,15,3,0,138.47,1132.0
1683,2026-05-01,1,7,3,12,125.92,143.0
1711,2026-05-01,1,11,4,0,126.77,658.0
746,2026-05-01,1,13,3,0,195.43,1004.0
1418,2026-05-01,1,8,3,2,138.8,126.0
1720,2026-05-01,1,16,6,5,114.63,197.0
390,2026-05-01,1,13,7,0,230.38,265.0
1339,2026-05-01,1,8,4,7,250.73,252.0
909,2026-05-01,1,7,3,0,122.69,0.0
855,2026-05-01,1,22,2,0,64.79,883.0
906,2026-05-01,1,10,3,0,52.72,317.0
1266,2026-05-01,1,15,6,0,112.98,125.0
1028,2026-05-01,1,10,7,1,260.18,55.0
1678,2026-05-01,1,13,9,7,230.47,232.0
777,2026-05-01,1,10,1,0,7.52,1267.0
53,2026-05-01,1,6,1,0,74.94,1341.0
1703,2026-05-01,1,7,2,0,76.85,214.0
1011,2026-05-01,0,0,0,1,0.0,0.0
1603,2026-05-01,1,17,8,2,303.16,379.0
828,2026-05-01,1,7,3,0,84.74,0.0
301,2026-05-01,1,11,8,0,249.25,232.0
1485,2026-05-01,1,10,4,0,210.22,0.0
637,2026-05-01,1,14,1,0,70.52,824.0
703,2026-05-01,1,15,4,1,140.14,0.0
646,2026-05-01,1,13,2,0,43.87,1002.0
798,2026-05-01,1,9,4,0,245.17,919.0
1017,2026-05-01,1,16,5,0,323.57,325.0
1529,2026-05-01,1,13,3,3,137.3,210.0
1561,2026-05-01,1,13,2,0,101.91,1301.0
1214,2026-05-01,1,14,4,0,140.14,593.0
1378,2026-05-01,1,13,2,0,78.45,1837.0
667,2026-05-01,1,23,5,0,72.99,497.0
656,2026-05-01,1,5,5,0,186.83,0.0
488,2026-05-01,1,11,5,0,200.08,376.0
1282,2026-05-01,1,4,0,0,0.0,0.0
1095,2026-05-01,1,24,5,0,191.16,503.0
1744,2026-05-01,1,17,7,0,325.5,279.0
1532,2026-05-01,1,9,3,0,158.63,0.0
606,2026-05-01,1,13,4,0,218.32,198.0
1040,2026-05-01,1,5,3,0,95.34,0.0
1414,2026-05-01,1,20,4,0,118.13,5596.0
1291,2026-05-01,1,14,5,0,232.02,2061.0
110,2026-05-01,1,14,5,0,85.15,35.0
945,2026-05-01,1,4,0,0,0.0,0.0
895,2026-05-01,1,19,8,0,211.0,364.0
1144,2026-05-01,1,9,5,0,171.45,0.0
1590,2026-05-01,1,21,5,12,116.11,105.0
680,2026-05-01,1,4,4,0,127.99,0.0
551,2026-05-01,1,9,2,0,103.27,3498.0
1174,2026-05-01,1,16,3,0,85.72,154.0
1753,2026-05-01,1,17,4,0,70.66,508.0
1627,2026-05-01,1,21,9,2,572.71,452.0
60,2026-05-01,1,16,7,0,274.31,638.0
1514,2026-05-01,1,11,2,0,64.09,396.0
405,2026-05-01,1,6,2,0,73.26,0.0
893,2026-05-01,1,10,6,0,186.69,0.0
622,2026-05-01,1,13,3,0,104.52,3502.0
1198,2026-05-01,1,10,6,0,211.39,0.0
499,2026-05-01,1,8,1,0,49.81,4640.0
481,2026-05-01,1,7,7,0,401.4,0.0
1495,2026-05-01,1,12,4,2,119.47,445.0
1704,2026-05-01,1,26,4,0,163.22,415.0
1195,2026-05-01,1,12,5,1,200.11,119.0
951,2026-05-01,1,9,3,0,50.04,919.0
219,2026-05-01,1,14,4,0,122.27,447.0
99,2026-05-01,1,5,1,0,20.43,0.0
1338,2026-05-01,1,9,2,0,34.44,727.0
831,2026-05-01,1,10,7,0,312.62,120.0
1306,2026-05-01,1,13,2,0,134.46,1370.0
1275,2026-05-01,1,24,8,1,188.66,2199.0
980,2026-05-01,1,13,9,0,306.02,0.0
1390,2026-05-01,1,8,1,0,53.47,178.0
1181,2026-05-01,1,16,4,0,122.99,6785.0
1004,2026-05-01,1,6,1,0,25.56,60.0
238,2026-05-01,1,8,4,0,197.65,0.0
968,2026-05-01,1,12,3,0,127.86,251.0
1324,2026-05-01,1,8,4,0,185.95,0.0
356,2026-05-01,1,6,1,0,47.41,186.0
913,2026-05-01,1,9,1,0,59.37,2260.0
1522,2026-05-01,1,21,5,0,216.05,1293.0
56,2026-05-01,1,8,1,0,67.9,395.0
284,2026-05-01,1,11,3,0,82.37,386.0
1250,2026-05-01,1,18,5,0,144.15,1027.0
1664,2026-05-01,1,6,4,0,86.21,971.0
1056,2026-05-01,0,0,0,0,0.0,0.0
1752,2026-05-01,1,12,2,3,84.79,111.0
1743,2026-05-01,1,12,6,5,131.27,133.0
2,2026-05-01,1,17,5,0,275.25,1542.0
1281,2026-05-01,1,13,3,0,80.99,162.0
1140,2026-05-01,1,10,1,0,79.94,1915.0
1335,2026-05-01,1,10,3,7,91.51,97.0
714,2026-05-01,1,11,3,0,64.67,379.0
1336,2026-05-01,1,8,3,0,170.73,119.0
1111,2026-05-01,1,12,3,0,111.7,493.0
195,2026-05-01,1,14,3,0,290.56,378.0
1361,2026-05-01,1,11,6,0,186.72,297.0
967,2026-05-01,1,13,6,0,158.6,205.0
1138,2026-05-01,1,1,0,1,0.0,0.0
57,2026-05-01,1,13,4,0,237.13,2734.0
17,2026-05-01,1,11,7,0,439.25,0.0
1117,2026-05-01,1,11,5,0,319.57,0.0
1541,2026-05-01,1,10,6,0,108.16,0.0
1436,2026-05-01,1,12,2,0,135.74,381.0
133,2026-05-01,1,7,1,0,27.02,0.0
751,2026-05-01,1,7,2,0,96.11,541.0
23,2026-05-01,1,14,3,0,81.0,433.0
196,2026-05-01,1,9,7,0,151.35,0.0
1671,2026-05-01,1,10,2,0,65.22,3437.0
582,2026-05-01,1,16,3,0,414.25,1290.0
214,2026-05-01,1,15,4,0,137.29,674.0
1446,2026-05-01,1,9,1,0,45.96,0.0
1460,2026-05-01,1,19,4,2,183.22,197.0
1677,2026-05-01,1,10,4,0,209.27,1260.0
539,2026-05-01,1,11,2,0,30.37,115.0
1132,2026-05-01,1,14,4,0,132.39,600.0
1207,2026-05-01,1,4,4,0,187.61,0.0
842,2026-05-01,1,14,5,0,129.45,158.0
1635,2026-05-01,1,10,3,0,119.7,260.0
1749,2026-05-01,0,0,0,0,0.0,0.0
1113,2026-05-01,1,10,4,2,109.71,185.0
286,2026-05-01,1,10,3,0,105.32,696.0
4,2026-05-01,1,11,6,0,209.17,207.0
1041,2026-05-01,1,17,7,0,177.66,223.0
1067,2026-05-01,1,10,5,0,289.18,2266.0
1547,2026-05-01,1,12,4,0,109.21,0.0
860,2026-05-01,1,5,3,0,67.15,0.0
1232,2026-05-01,1,4,2,0,529.53,0.0
745,2026-05-01,1,24,1,0,85.34,6884.0
933,2026-05-01,1,5,2,0,86.34,381.0
988,2026-05-01,1,22,10,0,467.36,357.0
1647,2026-05-01,1,17,8,1,317.0,407.0
1048,2026-05-01,1,15,3,0,103.13,8843.0
1534,2026-05-01,1,5,0,0,0.0,1462.0
1630,2026-05-01,1,17,5,0,187.49,639.0
687,2026-05-01,1,10,5,0,114.57,206.0
1015,2026-05-01,1,11,6,0,220.0,409.0
483,2026-05-01,1,9,2,0,61.8,252.0
1464,2026-05-01,1,15,5,0,164.89,444.0
1347,2026-05-01,1,6,0,0,0.0,0.0
135,2026-05-01,1,12,3,0,126.35,55.0
328,2026-05-01,1,6,3,0,112.01,1081.0
526,2026-05-01,1,11,5,0,593.78,0.0
587,2026-05-01,1,8,1,0,46.46,1940.0
1693,2026-05-01,1,7,2,0,44.23,552.0
1667,2026-05-01,1,5,1,0,46.13,1266.0
55,2026-05-01,1,9,1,0,38.42,456.0
1129,2026-05-01,1,6,4,0,107.01,0.0
247,2026-05-01,1,8,4,0,173.95,0.0
934,2026-05-01,1,15,3,0,176.85,0.0
901,2026-05-01,1,7,1,3,8.97,205.0
1093,2026-05-01,1,13,6,0,145.03,235.0
868,2026-05-01,1,11,2,0,100.66,639.0
1022,2026-05-01,1,12,7,0,244.59,353.0
297,2026-05-01,1,10,3,0,112.74,390.0
1669,2026-05-01,1,15,3,7,45.13,79.0
1632,2026-05-01,1,8,1,0,33.61,744.0
1001,2026-05-01,1,14,2,0,65.41,1511.0
1585,2026-05-01,1,15,4,0,177.14,1327.0
100,2026-05-01,1,13,4,0,153.85,137.0
444,2026-05-01,1,21,3,0,111.58,396.0
870,2026-05-01,1,14,9,0,357.01,97.0
578,2026-05-01,1,5,1,0,8.33,0.0
1734,2026-05-01,1,8,2,0,41.3,82.0
16,2026-05-01,1,14,5,0,207.4,173.0
946,2026-05-01,1,12,6,0,250.79,0.0
485,2026-05-01,1,4,0,0,0.0,0.0
1690,2026-05-01,1,10,3,5,92.29,329.0
1563,2026-05-01,1,19,13,0,301.95,712.0
1641,2026-05-01,1,19,10,3,412.78,657.0
358,2026-05-01,1,13,2,0,66.85,684.0
782,2026-05-01,1,7,2,0,122.28,944.0
728,2026-05-01,1,4,0,0,0.0,0.0
1675,2026-05-01,1,10,4,0,93.68,225.0
1443,2026-05-01,1,14,3,0,62.8,164.0
672,2026-05-01,1,9,2,0,49.01,1387.0
550,2026-05-01,1,10,4,0,159.7,365.0
1673,2026-05-01,1,9,3,13,96.78,97.0
891,2026-05-01,1,4,0,0,0.0,0.0
323,2026-05-01,1,15,4,0,132.89,197.0
458,2026-05-01,1,8,3,0,109.88,901.0
847,2026-05-01,1,9,9,0,474.75,0.0
1255,2026-05-01,1,13,3,0,60.84,186.0
1222,2026-05-01,1,6,4,0,115.53,0.0
1699,2026-05-01,1,3,1,0,41.81,71.0
1656,2026-05-01,1,4,0,0,0.0,234.0
1706,2026-05-01,1,12,3,0,410.52,560.0
374,2026-05-01,1,11,5,0,80.44,531.0
1080,2026-05-01,1,10,4,0,166.14,0.0
694,2026-05-01,1,9,3,0,525.41,3844.0
1687,2026-05-01,1,12,4,5,71.47,94.0
275,2026-05-01,1,10,4,0,96.45,383.0
1251,2026-05-01,1,10,3,1,101.12,153.0
1606,2026-05-01,1,6,1,0,32.5,3863.0
101,2026-05-01,1,7,1,0,22.72,0.0
742,2026-05-01,1,10,3,0,104.31,438.0
1681,2026-05-01,1,18,6,2,198.28,319.0
1730,2026-05-01,1,15,9,5,241.98,356.0
1570,2026-05-01,1,10,3,0,72.6,595.0
660,2026-05-01,1,6,2,0,438.96,0.0
1587,2026-05-01,1,4,0,0,0.0,0.0
1659,2026-05-01,1,2,0,0,0.0,0.0
314,2026-05-01,1,5,0,0,0.0,725.0
1058,2026-05-01,1,10,2,0,76.91,5432.0
1746,2026-05-01,1,17,5,10,191.82,210.0
1698,2026-05-01,1,5,3,0,85.81,202.0
734,2026-05-01,1,25,4,0,59.55,7196.0
257,2026-05-01,1,11,1,0,24.17,0.0
1717,2026-05-01,1,8,2,0,55.76,78.0
304,2026-05-01,1,19,3,0,89.15,842.0
612,2026-05-01,1,4,0,0,0.0,0.0
1368,2026-05-01,1,5,1,0,290.48,0.0
1162,2026-05-01,1,10,2,0,15.58,566.0
1249,2026-05-01,1,8,3,0,196.96,588.0
1638,2026-05-01,1,10,4,0,93.86,205.0
1655,2026-05-01,0,0,0,0,0.0,0.0
865,2026-05-01,1,8,3,0,67.18,561.0
1716,2026-05-01,1,16,4,0,123.8,521.0
597,2026-05-01,1,14,2,0,168.39,388.0
378,2026-05-01,1,9,1,0,11.53,0.0
1721,2026-05-01,1,16,3,0,110.46,461.0
682,2026-05-01,1,7,2,0,50.5,3182.0
465,2026-05-01,1,9,3,0,121.39,0.0
1622,2026-05-01,1,11,2,0,60.37,1492.0
1739,2026-05-01,1,3,1,0,32.88,78.0
1733,2026-05-01,1,19,4,7,137.61,172.0
461,2026-05-01,1,5,1,0,63.86,0.0
1636,2026-05-01,1,12,4,11,139.86,193.0
1747,2026-05-01,0,0,0,0,0.0,0.0
1572,2026-05-01,1,4,2,5,58.57,0.0
451,2026-05-01,1,4,1,0,193.5,2275.0
432,2026-05-01,1,8,2,0,27.69,0.0
163,2026-05-01,1,13,4,0,114.92,1206.0
1292,2026-05-01,1,12,1,0,23.66,690.0
1642,2026-05-01,0,0,0,0,0.0,0.0
800,2026-05-01,1,8,2,0,40.54,0.0
1715,2026-05-01,1,12,6,3,219.73,232.0
727,2026-05-01,1,7,1,0,153.46,970.0
553,2026-05-01,1,12,3,0,157.65,441.0
1736,2026-05-01,1,16,4,0,219.77,436.0
955,2026-05-01,1,13,1,0,511.66,899.0
1661,2026-05-01,1,3,1,0,38.32,163.0
455,2026-05-01,1,11,3,0,91.12,1378.0
1137,2026-05-01,1,8,5,0,162.35,293.0
903,2026-05-01,1,13,2,0,135.5,1728.0
1384,2026-05-01,1,8,5,1,220.21,146.0
1707,2026-05-01,1,12,5,0,166.47,417.0
1644,2026-05-01,1,5,1,0,50.48,320.0
648,2026-05-01,1,8,0,0,0.0,0.0
1724,2026-05-01,1,11,2,0,37.81,268.0
1650,2026-05-01,1,5,1,0,17.2,871.0
1723,2026-05-01,0,0,0,0,0.0,0.0
1725,2026-05-01,1,4,2,0,69.85,146.0
1740,2026-05-01,1,2,0,0,0.0,0.0
1633,2026-05-01,1,12,6,0,145.01,0.0
192,2026-05-01,1,4,2,0,54.57,0.0
1662,2026-05-01,1,11,4,0,40.59,893.0
1732,2026-05-01,1,10,6,0,113.97,180.0
1362,2026-05-01,1,5,1,0,55.04,0.0
1317,2026-05-01,1,6,4,0,154.49,0.0
1426,2026-05-01,1,5,1,0,7.48,891.0
1653,2026-05-01,1,8,3,3,83.88,89.0
1751,2026-05-01,0,0,0,0,0.0,0.0
1741,2026-05-01,1,19,6,0,120.94,409.0
165,2026-05-01,1,6,2,0,86.76,0.0
1708,2026-05-01,1,7,3,7,85.83,89.0
1482,2026-05-01,1,6,0,0,0.0,9009.0
1302,2026-05-01,1,5,3,0,64.95,0.0
910,2026-05-01,1,4,0,0,0.0,0.0
1728,2026-05-01,1,9,3,7,57.17,68.0
1742,2026-05-01,1,8,0,0,0.0,465.0
1705,2026-05-01,1,2,0,0,0.0,0.0
1684,2026-05-01,1,9,7,0,271.88,345.0
780,2026-05-01,1,9,2,0,133.79,238.0
1649,2026-05-01,1,4,0,1,0.0,86.0
1709,2026-05-01,1,12,1,0,34.59,7481.0
1315,2026-05-01,1,4,0,0,0.0,0.0
1648,2026-05-01,1,3,1,0,37.75,57.0
1689,2026-05-01,1,8,2,7,47.26,98.0
598,2026-05-01,1,4,0,0,0.0,0.0
1654,2026-05-01,1,4,2,0,89.03,96.0
1668,2026-05-01,1,2,0,0,0.0,235.0
1355,2026-05-01,1,2,2,0,59.73,0.0
1645,2026-05-01,1,6,2,0,75.62,127.0
1176,2026-05-01,1,3,1,0,19.08,0.0
1672,2026-05-01,0,0,0,0,0.0,0.0
1731,2026-05-01,1,5,0,0,0.0,642.0
1240,2026-05-01,1,3,0,0,0.0,510.0
1700,2026-05-01,1,8,1,0,39.29,4869.0
681,2026-05-01,1,4,0,0,0.0,0.0
1695,2026-05-01,1,2,0,0,0.0,0.0
1666,2026-05-01,0,0,0,0,0.0,0.0
1639,2026-05-01,1,3,1,0,19.92,40.0
1651,2026-05-01,1,2,0,0,0.0,137.0
430,2026-05-01,1,7,1,0,25.38,0.0
1637,2026-05-01,1,7,3,0,144.56,659.0
1670,2026-05-01,1,2,0,0,0.0,88.0
1702,2026-05-01,1,2,0,0,0.0,272.0
1750,2026-05-01,1,2,0,0,0.0,47.0
1676,2026-05-01,1,2,0,0,0.0,2209.0
1553,2026-05-01,1,4,0,0,0.0,83.0
1503,2026-05-01,1,3,3,0,167.56,0.0
1714,2026-05-01,1,12,3,0,60.29,615.0
1701,2026-05-01,1,4,0,0,0.0,174.0
1242,2026-05-01,1,5,2,0,63.38,155.0
1727,2026-05-01,1,9,3,2,87.1,223.0
1713,2026-05-01,1,6,0,0,0.0,138.0
1646,2026-05-01,1,2,0,0,0.0,174.0
1722,2026-05-01,1,3,1,0,12.95,141.0
1692,2026-05-01,1,3,1,0,18.78,56.0
1691,2026-05-01,1,11,1,0,23.51,143.0
1625,2026-05-01,1,5,1,0,7.5,268.0
1735,2026-05-01,1,4,2,0,37.31,143.0
1682,2026-05-01,0,0,0,0,0.0,0.0
1652,2026-05-01,1,5,0,0,0.0,98.0
610,2026-05-01,1,3,0,0,0.0,3089.0
147,2026-05-01,1,1,1,0,25.93,0.0
1738,2026-05-01,1,2,0,0,0.0,115.0
1697,2026-05-01,1,2,0,0,0.0,454.0
1019,2026-05-01,1,4,0,0,0.0,0.0
981,2026-05-01,1,4,0,0,0.0,0.0
1712,2026-05-01,1,3,1,0,13.23,129.0
1660,2026-05-01,1,2,0,0,0.0,131.0
1694,2026-05-01,1,2,0,0,0.0,774.0
1729,2026-05-01,0,0,0,0,0.0,0.0
1680,2026-05-01,1,3,1,0,31.98,526.0
1748,2026-05-01,0,0,0,0,0.0,0.0
1640,2026-05-01,0,0,0,0,0.0,0.0
1663,2026-05-01,0,0,0,0,0.0,0.0
994,2026-05-01,1,4,0,0,0.0,0.0
1240,2026-06-01,1,17,6,0,321.19,167.0
1319,2026-06-01,1,31,20,0,801.8,2108.96
1687,2026-06-01,1,38,19,0,865.3,1771.7
1697,2026-06-01,1,32,13,0,600.24,1811.09
1564,2026-06-01,1,38,19,0,1127.97,1922.29
802,2026-06-01,1,30,21,0,1442.31,1999.28
506,2026-06-01,1,30,16,0,644.43,1563.62
317,2026-06-01,1,38,23,0,653.68,2454.74
275,2026-06-01,1,11,7,0,157.79,0.0
1095,2026-06-01,1,20,7,0,481.74,2138.0
1743,2026-06-01,1,28,11,5,307.64,1632.33
1715,2026-06-01,1,30,17,1,587.5,2126.39
1713,2026-06-01,1,5,3,6,69.2,0.0
6,2026-06-01,1,33,17,0,677.53,2301.69
11,2026-06-01,1,42,16,0,319.46,2417.78
63,2026-06-01,1,33,12,0,425.52,2358.7
66,2026-06-01,1,27,16,0,499.62,1634.81
141,2026-06-01,1,32,17,0,1438.71,1377.16
299,2026-06-01,1,22,13,0,397.69,2000.02
318,2026-06-01,1,42,21,1,1364.93,2628.27
557,2026-06-01,1,31,18,0,466.59,2026.15
568,2026-06-01,1,31,20,0,774.26,2073.0
618,2026-06-01,1,34,18,0,526.12,2322.68
629,2026-06-01,1,38,16,1,608.01,2795.95
632,2026-06-01,1,31,20,2,711.41,1901.67
748,2026-06-01,1,18,11,0,404.36,2462.36
776,2026-06-01,1,29,12,0,470.53,2298.43
792,2026-06-01,1,33,20,0,586.52,3222.44
793,2026-06-01,1,37,13,0,679.77,2999.04
799,2026-06-01,1,28,13,0,696.53,3001.56
816,2026-06-01,1,34,15,1,538.01,2140.1
845,2026-06-01,1,34,13,0,473.32,2683.07
877,2026-06-01,1,33,23,0,935.7,2313.8
938,2026-06-01,1,34,17,11,725.0,2551.36
944,2026-06-01,1,18,4,0,132.62,1659.54
963,2026-06-01,1,30,23,0,1009.02,1508.3
1054,2026-06-01,1,31,18,0,528.53,1917.35
1109,2026-06-01,1,24,15,0,608.77,2386.56
1139,2026-06-01,1,27,15,0,488.3,2351.55
1228,2026-06-01,1,23,8,8,279.6,3117.43
1271,2026-06-01,1,27,16,1,702.89,2083.43
1328,2026-06-01,1,42,13,0,550.98,1903.64
1371,2026-06-01,1,40,22,0,823.63,2237.85
1383,2026-06-01,1,11,6,0,148.29,2308.34
1421,2026-06-01,1,31,17,0,859.53,2432.87
1508,2026-06-01,1,32,17,0,1228.55,2332.46
1688,2026-06-01,1,28,15,0,534.61,2990.71
1732,2026-06-01,1,38,21,0,704.09,2246.4
1744,2026-06-01,1,27,6,0,192.94,1985.03
504,2026-06-01,1,34,19,0,654.78,2288.64
1433,2026-06-01,1,13,6,0,143.99,95.0
972,2026-06-01,1,28,16,0,488.46,2266.75
1691,2026-06-01,1,25,12,1,446.03,2304.49
1530,2026-06-01,1,26,15,0,940.75,2365.01
305,2026-06-01,1,37,16,0,531.47,1949.63
1451,2026-06-01,1,26,15,1,851.96,3184.94
997,2026-06-01,1,39,20,0,838.31,2314.51
693,2026-06-01,1,42,21,0,694.6,2148.71
28,2026-06-01,1,22,14,0,340.01,2578.2
58,2026-06-01,1,39,23,0,1008.96,2975.84
87,2026-06-01,1,23,10,0,374.79,1347.14
211,2026-06-01,1,29,15,0,452.24,2616.67
212,2026-06-01,1,30,15,0,304.07,2070.3
277,2026-06-01,1,35,16,0,734.43,2748.95
433,2026-06-01,1,31,16,0,599.86,2439.72
478,2026-06-01,1,38,21,0,1420.89,1781.04
503,2026-06-01,1,28,19,0,771.5,1524.07
531,2026-06-01,1,33,16,0,525.13,2173.83
626,2026-06-01,1,33,24,0,929.98,2122.78
650,2026-06-01,1,26,15,0,616.49,2267.79
676,2026-06-01,1,36,13,0,819.77,3241.42
679,2026-06-01,1,28,15,0,454.55,4026.44
720,2026-06-01,1,39,13,0,656.24,2233.51
789,2026-06-01,1,35,22,0,912.47,1472.73
838,2026-06-01,1,25,16,0,742.73,1442.87
864,2026-06-01,1,25,16,0,602.02,1965.86
942,2026-06-01,1,33,24,0,690.18,2350.22
984,2026-06-01,1,28,15,1,357.23,1689.86
1085,2026-06-01,1,31,18,0,483.52,1645.5
1120,2026-06-01,1,30,19,0,832.46,1947.15
1149,2026-06-01,1,38,21,0,747.02,1764.73
1151,2026-06-01,1,26,11,0,399.1,1672.09
1236,2026-06-01,1,26,13,0,330.72,2283.34
1243,2026-06-01,1,45,25,1,1558.47,2314.08
1301,2026-06-01,1,32,16,1,653.64,1644.24
1374,2026-06-01,1,26,19,0,604.1,2455.41
1382,2026-06-01,1,34,21,0,1187.55,2196.79
1450,2026-06-01,1,40,24,0,836.13,2517.36
1471,2026-06-01,1,30,17,0,802.89,2585.88
1473,2026-06-01,1,41,18,3,648.6,2107.86
1480,2026-06-01,1,37,15,0,626.74,2164.65
1510,2026-06-01,1,35,12,4,183.23,984.95
1511,2026-06-01,1,49,22,0,1048.61,2848.05
1528,2026-06-01,1,28,16,1,793.92,1524.25
1539,2026-06-01,1,27,15,0,855.41,2899.04
1582,2026-06-01,1,36,17,0,581.36,2253.44
1584,2026-06-01,1,33,21,0,1536.35,3634.17
1619,2026-06-01,1,39,18,0,556.13,2477.34
1692,2026-06-01,1,22,11,0,243.97,2247.27
1745,2026-06-01,1,28,15,0,577.13,1967.48
415,2026-06-01,1,33,10,0,425.24,1658.65
481,2026-06-01,1,18,5,0,122.16,1143.0
288,2026-06-01,1,36,18,0,847.38,1755.45
405,2026-06-01,1,8,3,0,107.37,2888.0
1590,2026-06-01,1,32,13,3,437.74,1628.87
1476,2026-06-01,1,34,21,0,1091.33,2186.87
596,2026-06-01,1,8,2,0,58.85,0.0
1812,2026-06-01,1,39,15,0,522.64,2573.92
669,2026-06-01,1,29,17,3,638.29,2034.12
1381,2026-06-01,1,35,20,6,854.38,1418.86
840,2026-06-01,1,39,16,0,651.53,3895.72
287,2026-06-01,1,40,13,0,596.54,2442.89
398,2026-06-01,1,42,19,0,908.17,2156.74
18,2026-06-01,1,31,18,0,625.91,1724.77
98,2026-06-01,1,30,15,0,466.37,3077.74
136,2026-06-01,1,24,15,0,464.29,1750.38
160,2026-06-01,1,30,21,0,1159.44,2897.28
161,2026-06-01,1,30,17,0,755.34,2498.69
263,2026-06-01,1,35,10,3,355.3,3423.77
402,2026-06-01,1,43,24,0,1037.03,2242.72
406,2026-06-01,1,39,17,0,473.23,3914.21
424,2026-06-01,1,37,22,0,1227.78,1609.26
726,2026-06-01,1,37,14,0,318.52,1302.26
773,2026-06-01,1,25,18,0,574.39,1314.56
801,2026-06-01,1,37,14,0,346.93,3332.69
978,2026-06-01,1,30,18,0,992.66,2176.07
1000,2026-06-01,1,21,18,0,953.29,2387.63
1026,2026-06-01,1,24,14,0,591.25,2111.34
1068,2026-06-01,1,31,19,1,660.09,2387.24
1074,2026-06-01,1,37,19,0,605.38,1777.48
1115,2026-06-01,1,29,14,0,653.57,1776.39
1170,2026-06-01,1,31,17,0,794.53,2405.43
1184,2026-06-01,1,22,12,0,450.73,1905.42
1216,2026-06-01,1,38,19,2,598.77,2074.66
1220,2026-06-01,1,35,16,4,572.6,1988.87
1230,2026-06-01,1,28,10,0,518.23,2222.26
1311,2026-06-01,1,19,12,0,418.1,3903.65
1431,2026-06-01,1,30,16,1,806.9,1287.95
1440,2026-06-01,1,37,17,0,456.86,2353.0
1478,2026-06-01,1,28,15,0,552.0,2070.48
1567,2026-06-01,1,22,11,0,561.43,2652.3
1607,2026-06-01,1,33,19,0,564.3,3702.7
1332,2026-06-01,1,11,4,0,77.92,0.0
839,2026-06-01,1,33,19,0,1002.12,1793.3
510,2026-06-01,1,12,0,0,0.0,3234.0
311,2026-06-01,1,36,19,0,474.66,2086.9
1728,2026-06-01,1,28,11,3,376.67,2197.57
645,2026-06-01,1,25,13,0,802.01,1583.89
588,2026-06-01,1,37,16,0,654.98,1997.35
723,2026-06-01,1,45,17,0,481.04,2586.36
855,2026-06-01,1,19,5,0,158.46,288.0
739,2026-06-01,1,33,17,0,666.23,2572.57
1002,2026-06-01,1,22,15,0,573.47,2441.74
247,2026-06-01,1,16,7,0,185.83,556.0
61,2026-06-01,1,22,7,0,515.34,807.0
1752,2026-06-01,1,27,10,2,278.31,2511.52
194,2026-06-01,1,34,13,0,438.57,2339.29
289,2026-06-01,1,38,20,0,813.91,2187.68
384,2026-06-01,1,34,13,0,388.26,1846.41
490,2026-06-01,1,21,14,0,526.36,2245.15
491,2026-06-01,1,23,16,0,797.51,1173.86
538,2026-06-01,1,30,18,0,535.7,2032.21
560,2026-06-01,1,25,16,0,607.08,2352.83
576,2026-06-01,1,39,26,0,1039.91,1640.25
589,2026-06-01,1,31,20,0,912.74,2309.35
591,2026-06-01,1,23,16,0,434.0,1361.07
678,2026-06-01,1,26,12,0,523.72,3586.41
733,2026-06-01,1,34,15,0,556.78,2331.0
871,2026-06-01,1,23,18,0,522.82,3396.42
962,2026-06-01,1,26,9,0,386.57,2932.56
1023,2026-06-01,1,38,21,0,1760.46,1977.41
1038,2026-06-01,1,32,10,0,417.74,1892.1
1050,2026-06-01,1,33,14,0,662.66,2199.69
1125,2026-06-01,1,31,18,0,1098.47,2388.23
1128,2026-06-01,1,21,13,0,368.62,1840.21
1141,2026-06-01,1,40,21,0,719.72,2892.4
1189,2026-06-01,1,27,17,0,624.87,1780.85
1203,2026-06-01,1,18,11,0,547.69,1909.79
1227,2026-06-01,1,32,17,3,675.92,2414.91
1304,2026-06-01,1,35,18,0,836.29,2390.21
1369,2026-06-01,1,33,20,0,876.33,2150.41
1379,2026-06-01,1,36,23,0,810.03,2793.9
1486,2026-06-01,1,31,20,0,942.9,2773.65
1598,2026-06-01,1,22,12,4,546.5,1677.93
1610,2026-06-01,1,29,21,0,661.57,1959.11
1637,2026-06-01,1,36,19,0,857.37,2425.12
1720,2026-06-01,1,35,22,0,667.53,1898.66
1727,2026-06-01,1,27,8,0,503.23,1804.84
1300,2026-06-01,1,38,15,0,597.79,3575.5
998,2026-06-01,1,32,17,9,736.23,1891.98
1422,2026-06-01,1,29,8,0,347.97,3163.0
1065,2026-06-01,1,4,0,0,0.0,0.0
521,2026-06-01,1,39,22,2,1111.08,1764.64
355,2026-06-01,1,33,12,0,362.66,3265.42
1194,2026-06-01,1,36,20,0,841.71,2716.44
202,2026-06-01,1,41,17,1,789.57,2266.67
1436,2026-06-01,1,15,8,0,270.46,218.0
76,2026-06-01,1,34,23,0,925.49,2422.44
762,2026-06-01,1,31,18,0,749.73,1765.34
1152,2026-06-01,1,30,17,2,671.99,1670.46
335,2026-06-01,1,29,18,0,829.36,2449.41
1702,2026-06-01,1,14,5,0,163.05,184.0
253,2026-06-01,1,20,6,0,167.6,580.0
1045,2026-06-01,1,9,1,6,31.31,0.0
1571,2026-06-01,1,15,6,0,118.26,162.0
1750,2026-06-01,1,37,18,0,788.96,2435.82
1722,2026-06-01,1,31,17,3,721.02,1879.21
1113,2026-06-01,1,19,6,3,167.36,223.0
1645,2026-06-01,1,37,16,0,514.06,1885.7
252,2026-06-01,1,6,1,0,15.84,273.0
174,2026-06-01,1,23,10,0,275.74,2660.96
1543,2026-06-01,1,8,1,0,78.47,319.0
1541,2026-06-01,1,9,5,1,144.87,0.0
1356,2026-06-01,1,7,0,3,0.0,306.0
1491,2026-06-01,1,29,12,1,318.73,1580.04
656,2026-06-01,1,22,10,0,439.12,636.0
1708,2026-06-01,1,28,10,0,363.14,2953.2
594,2026-06-01,1,33,14,2,555.4,1638.99
1668,2026-06-01,1,18,8,0,277.01,537.0
1263,2026-06-01,1,30,21,0,706.65,2418.94
1312,2026-06-01,1,25,14,0,478.91,2653.9
1734,2026-06-01,1,6,2,2,26.42,0.0
1411,2026-06-01,1,18,6,0,218.91,397.0
1634,2026-06-01,1,40,20,2,1154.08,2199.47
1557,2026-06-01,1,33,14,2,765.16,2342.54
824,2026-06-01,1,29,18,0,672.12,2178.62
1604,2026-06-01,1,18,5,0,419.73,489.0
1736,2026-06-01,1,23,9,5,231.05,613.0
264,2026-06-01,1,17,8,0,295.82,989.0
905,2026-06-01,1,35,24,0,877.03,1628.27
241,2026-06-01,1,42,16,0,994.97,1927.31
847,2026-06-01,1,9,4,0,104.08,209.0
1192,2026-06-01,1,39,14,0,632.43,2161.78
580,2026-06-01,1,19,14,4,690.18,2395.05
1080,2026-06-01,1,14,6,0,91.63,311.0
312,2026-06-01,1,14,4,0,331.32,0.0
604,2026-06-01,1,37,20,0,1344.18,2111.36
677,2026-06-01,1,37,20,0,696.79,2095.93
609,2026-06-01,1,30,23,1,888.94,1685.89
1538,2026-06-01,1,42,20,3,580.07,2334.98
1534,2026-06-01,1,5,1,0,28.66,0.0
1306,2026-06-01,1,7,3,0,121.04,0.0
663,2026-06-01,1,28,15,0,1038.55,2128.99
1147,2026-06-01,1,35,22,0,1041.5,2443.15
1222,2026-06-01,1,8,4,0,136.08,0.0
1419,2026-06-01,1,21,13,0,453.68,1579.41
809,2026-06-01,1,35,20,0,568.99,2211.83
795,2026-06-01,1,38,28,1,1245.81,1753.38
1550,2026-06-01,1,17,6,0,120.25,168.0
1542,2026-06-01,1,16,2,0,149.74,495.0
126,2026-06-01,1,15,10,0,725.19,1784.35
1279,2026-06-01,1,11,7,0,202.36,0.0
1394,2026-06-01,1,31,16,6,581.1,1367.55
1375,2026-06-01,1,14,6,0,212.09,352.0
352,2026-06-01,1,36,19,0,682.52,2258.28
1611,2026-06-01,1,46,17,0,921.05,2130.46
1181,2026-06-01,1,14,2,0,66.78,2839.0
173,2026-06-01,1,15,5,0,301.08,580.0
1069,2026-06-01,1,28,14,0,443.3,2042.44
250,2026-06-01,1,11,3,0,86.72,406.0
548,2026-06-01,1,40,21,0,477.35,2379.9
1521,2026-06-01,1,23,10,0,315.92,1914.37
152,2026-06-01,1,19,12,0,357.89,3669.27
1145,2026-06-01,1,23,12,0,597.11,1832.74
698,2026-06-01,1,29,18,0,688.96,1918.86
1261,2026-06-01,1,37,18,2,508.54,1673.67
621,2026-06-01,1,28,11,0,390.38,2523.02
9,2026-06-01,1,34,21,0,678.56,1453.73
83,2026-06-01,1,27,20,0,792.74,2886.39
242,2026-06-01,1,27,16,0,565.04,2321.18
790,2026-06-01,1,34,13,0,447.59,1968.25
151,2026-06-01,1,22,9,0,277.81,1907.73
1710,2026-06-01,1,31,15,0,543.27,1941.47
977,2026-06-01,1,30,17,0,845.48,2671.65
614,2026-06-01,1,24,14,0,452.58,1349.95
1689,2026-06-01,1,34,18,3,728.4,2197.99
1615,2026-06-01,1,27,10,1,350.44,2618.39
653,2026-06-01,1,24,13,4,420.41,1735.59
469,2026-06-01,1,48,15,1,627.0,2409.09
781,2026-06-01,1,14,5,0,113.38,108.0
403,2026-06-01,1,42,25,0,779.87,1940.24
970,2026-06-01,1,46,15,1,668.98,1730.61
687,2026-06-01,1,15,5,0,184.2,564.0
67,2026-06-01,1,34,19,2,998.09,2150.22
1265,2026-06-01,1,27,18,0,499.78,1535.05
1210,2026-06-01,1,26,8,0,228.17,796.0
239,2026-06-01,1,34,17,0,639.45,2129.9
1389,2026-06-01,1,12,4,0,161.21,455.0
292,2026-06-01,1,34,15,2,413.41,2985.72
1549,2026-06-01,1,27,14,1,537.36,2206.12
304,2026-06-01,1,15,4,0,295.39,74.0
1442,2026-06-01,1,30,11,0,839.86,1898.06
82,2026-06-01,1,29,12,0,470.16,1626.13
988,2026-06-01,1,29,6,0,239.35,588.0
1359,2026-06-01,1,28,17,2,740.83,1570.8
878,2026-06-01,1,27,9,4,411.05,1946.53
1651,2026-06-01,1,11,3,2,93.63,0.0
203,2026-06-01,1,16,4,0,206.22,159.0
1579,2026-06-01,1,35,24,0,1170.82,2604.05
1601,2026-06-01,1,42,17,1,1102.13,1948.12
180,2026-06-01,1,27,11,0,371.07,3285.08
1650,2026-06-01,1,6,2,0,138.55,0.0
68,2026-06-01,1,23,13,0,501.37,2694.12
1131,2026-06-01,1,18,9,0,254.09,319.0
1187,2026-06-01,1,15,1,0,28.57,3231.0
1490,2026-06-01,1,32,15,1,590.19,2248.14
804,2026-06-01,1,34,21,0,1261.02,2422.64
1330,2026-06-01,1,26,13,0,609.18,3154.35
721,2026-06-01,1,42,22,1,806.86,2167.17
1163,2026-06-01,1,14,5,0,146.92,62.0
966,2026-06-01,1,37,16,0,596.73,1883.3
993,2026-06-01,1,7,5,0,110.31,0.0
1460,2026-06-01,1,5,1,6,11.23,0.0
279,2026-06-01,1,39,20,0,897.51,2566.05
611,2026-06-01,1,36,20,0,1028.63,2955.32
751,2026-06-01,1,18,5,0,200.69,2600.0
1554,2026-06-01,1,17,6,0,80.96,215.0
750,2026-06-01,1,32,14,0,664.16,1788.46
747,2026-06-01,1,27,18,0,1484.6,1653.3
1537,2026-06-01,1,31,13,0,309.29,1756.88
1805,2026-06-01,1,10,3,0,93.71,272.0
948,2026-06-01,1,34,21,0,916.65,2044.15
1299,2026-06-01,1,15,6,0,385.29,305.0
1008,2026-06-01,1,31,22,0,899.15,2219.76
559,2026-06-01,1,27,18,2,882.43,1422.61
732,2026-06-01,1,17,11,2,480.02,1895.62
897,2026-06-01,1,29,18,0,663.31,1945.67
1287,2026-06-01,1,34,17,0,960.4,2794.42
1135,2026-06-01,1,45,28,1,1170.63,2669.75
1238,2026-06-01,1,35,13,1,558.09,1902.8
431,2026-06-01,1,27,11,3,290.65,1683.36
276,2026-06-01,1,21,12,0,452.88,2364.59
111,2026-06-01,1,30,15,0,502.76,1672.98
262,2026-06-01,1,31,18,0,471.75,1872.42
374,2026-06-01,1,13,5,0,193.07,0.0
1204,2026-06-01,1,14,4,0,176.0,425.0
1519,2026-06-01,1,41,16,2,617.32,2648.34
34,2026-06-01,1,31,16,0,766.48,1149.48
331,2026-06-01,1,23,10,0,224.76,1685.46
812,2026-06-01,1,25,16,0,888.15,1761.85
159,2026-06-01,1,32,19,0,688.19,1855.67
651,2026-06-01,1,14,6,0,170.79,1103.0
351,2026-06-01,1,12,6,0,276.74,0.0
1380,2026-06-01,1,27,11,1,413.11,1614.09
1092,2026-06-01,1,23,10,2,454.87,2065.38
652,2026-06-01,1,18,12,0,456.43,541.0
931,2026-06-01,1,19,5,0,108.68,1021.0
1245,2026-06-01,1,43,26,0,1070.48,2486.83
1535,2026-06-01,1,32,17,1,886.27,1625.33
980,2026-06-01,1,16,7,0,183.19,214.0
1699,2026-06-01,1,15,5,0,235.11,247.0
1407,2026-06-01,1,26,14,0,830.92,3422.1
712,2026-06-01,1,30,13,6,510.04,2195.61
1211,2026-06-01,1,9,2,0,66.85,146.0
386,2026-06-01,1,54,25,0,1374.33,2782.53
1647,2026-06-01,1,36,19,6,727.67,1127.43
75,2026-06-01,1,20,13,0,705.77,2401.81
1342,2026-06-01,1,30,19,0,619.98,2468.43
1077,2026-06-01,1,34,17,0,570.59,2605.73
1685,2026-06-01,1,20,11,3,446.01,1571.54
841,2026-06-01,1,34,17,0,689.15,2408.88
71,2026-06-01,1,30,17,0,587.73,2141.53
1327,2026-06-01,1,41,14,1,597.66,2405.04
1360,2026-06-01,1,39,21,1,629.05,2386.93
1605,2026-06-01,1,21,6,0,129.26,389.0
1740,2026-06-01,1,2,0,0,0.0,0.0
1212,2026-06-01,1,33,13,0,368.81,2576.8
488,2026-06-01,1,11,5,0,196.39,0.0
1337,2026-06-01,1,15,6,0,189.32,61.0
689,2026-06-01,1,37,20,0,1333.37,2254.17
749,2026-06-01,1,30,18,1,652.12,1658.27
1515,2026-06-01,1,24,15,1,434.6,2612.33
148,2026-06-01,1,11,8,0,276.35,104.0
821,2026-06-01,1,28,21,0,909.05,2548.96
527,2026-06-01,1,38,15,0,364.41,1538.0
1402,2026-06-01,1,22,5,0,168.13,474.0
1674,2026-06-01,1,9,4,3,140.7,164.0
1155,2026-06-01,1,41,16,0,709.54,2743.56
593,2026-06-01,1,13,5,0,109.88,1442.0
1168,2026-06-01,1,4,2,0,35.17,0.0
461,2026-06-01,1,20,2,0,72.98,2533.0
1040,2026-06-01,1,12,4,0,288.94,0.0
1465,2026-06-01,1,27,15,0,471.16,2391.52
291,2026-06-01,1,31,20,0,1219.88,2132.14
179,2026-06-01,1,33,20,0,578.36,2077.58
1156,2026-06-01,1,13,6,0,189.96,0.0
1684,2026-06-01,1,33,19,0,775.63,2223.79
858,2026-06-01,1,14,4,0,184.66,472.0
911,2026-06-01,1,30,15,2,445.48,1207.25
906,2026-06-01,1,23,8,0,216.87,97.0
251,2026-06-01,1,36,16,0,583.26,1843.6
667,2026-06-01,1,11,4,0,204.18,101.0
986,2026-06-01,1,17,10,2,432.81,1786.75
38,2026-06-01,1,30,15,4,697.42,2059.37
601,2026-06-01,1,30,17,0,980.44,3344.96
1616,2026-06-01,1,29,18,1,711.02,2370.08
619,2026-06-01,1,35,17,0,649.2,2076.11
1242,2026-06-01,1,26,5,0,190.02,719.0
321,2026-06-01,1,33,18,0,790.73,1383.07
695,2026-06-01,1,19,11,0,633.02,0.0
1390,2026-06-01,1,13,4,0,195.2,551.0
1013,2026-06-01,1,34,12,1,551.97,3143.05
70,2026-06-01,1,20,11,0,428.32,1947.86
1395,2026-06-01,1,29,12,0,505.99,2064.37
366,2026-06-01,1,17,6,0,111.58,170.0
815,2026-06-01,1,29,22,0,842.06,1747.93
876,2026-06-01,1,35,20,5,1425.05,2013.7
1730,2026-06-01,1,37,18,0,725.64,1911.84
903,2026-06-01,1,7,5,0,150.97,0.0
939,2026-06-01,1,33,18,1,793.69,2141.8
759,2026-06-01,1,31,14,4,721.77,1767.85
1483,2026-06-01,1,5,2,0,107.08,942.0
1019,2026-06-01,1,13,1,0,15.48,1363.0
1239,2026-06-01,1,25,11,0,534.15,2631.71
1718,2026-06-01,1,28,14,4,463.24,1914.5
507,2026-06-01,1,31,19,0,597.41,1720.68
639,2026-06-01,1,35,16,0,663.58,1640.38
134,2026-06-01,1,11,4,0,117.83,2661.0
722,2026-06-01,1,12,4,0,95.32,0.0
1488,2026-06-01,1,39,17,4,472.13,1698.45
167,2026-06-01,1,30,19,1,947.79,2277.98
1367,2026-06-01,1,42,24,0,829.86,1956.26
754,2026-06-01,1,15,8,0,300.02,454.0
230,2026-06-01,1,25,16,0,801.31,3034.41
1041,2026-06-01,1,11,4,0,261.95,258.0
187,2026-06-01,1,21,16,0,1021.49,2404.06
686,2026-06-01,1,31,15,2,679.35,1937.67
1425,2026-06-01,1,30,18,0,910.5,4639.21
979,2026-06-01,1,14,5,0,169.25,338.0
357,2026-06-01,1,37,22,0,1056.91,2798.69
145,2026-06-01,1,26,15,0,601.36,2078.95
1724,2026-06-01,1,13,8,0,251.12,97.0
823,2026-06-01,1,33,17,0,1284.67,3374.61
1208,2026-06-01,1,34,22,0,1033.13,2532.34
813,2026-06-01,1,28,19,0,1413.1,1436.72
529,2026-06-01,1,39,26,1,1433.12,2097.49
1351,2026-06-01,1,40,20,0,573.73,2384.75
423,2026-06-01,1,29,16,0,575.5,1930.03
1114,2026-06-01,1,16,12,0,386.42,0.0
345,2026-06-01,1,27,13,1,312.18,1853.66
1363,2026-06-01,1,29,16,3,494.2,1684.7
1028,2026-06-01,1,3,1,5,29.95,0.0
1073,2026-06-01,1,14,5,0,301.55,789.0
316,2026-06-01,1,29,13,0,567.88,1936.38
546,2026-06-01,1,8,4,0,209.62,616.0
1177,2026-06-01,1,27,13,1,496.48,1467.64
123,2026-06-01,1,30,14,0,544.14,2971.18
1583,2026-06-01,1,27,22,0,678.32,2205.31
1678,2026-06-01,1,28,11,8,451.85,2111.08
1574,2026-06-01,1,23,14,0,496.0,2199.66
307,2026-06-01,1,26,13,0,756.4,2131.52
1127,2026-06-01,1,27,7,0,205.44,925.0
390,2026-06-01,1,12,6,0,176.1,0.0
269,2026-06-01,1,7,3,0,135.69,0.0
775,2026-06-01,1,29,11,0,486.31,2398.66
22,2026-06-01,1,28,13,0,442.21,2553.77
385,2026-06-01,1,11,2,0,97.92,231.0
1506,2026-06-01,1,24,15,2,536.5,2187.04
600,2026-06-01,1,34,19,0,557.82,1964.16
1391,2026-06-01,1,30,19,0,791.8,1555.51
408,2026-06-01,1,26,11,0,370.44,1932.46
1047,2026-06-01,1,20,9,0,305.31,155.0
561,2026-06-01,1,27,14,0,404.77,2892.77
169,2026-06-01,1,25,7,0,215.93,1350.0
1658,2026-06-01,1,19,14,0,495.35,2862.67
1318,2026-06-01,1,31,20,6,859.46,1303.03
1320,2026-06-01,1,10,7,0,175.28,0.0
486,2026-06-01,1,26,14,0,747.11,2435.5
941,2026-06-01,1,35,20,0,759.65,3311.63
178,2026-06-01,1,35,17,0,1417.01,2987.18
214,2026-06-01,1,20,8,0,528.08,2392.0
470,2026-06-01,1,25,7,0,155.63,2041.0
1022,2026-06-01,1,13,5,0,234.2,464.0
1636,2026-06-01,1,26,15,1,532.03,2059.25
976,2026-06-01,1,20,4,0,332.57,767.0
1229,2026-06-01,1,27,16,0,511.8,2160.16
283,2026-06-01,1,28,15,0,652.37,1977.44
718,2026-06-01,1,16,12,0,322.31,0.0
1087,2026-06-01,1,20,11,0,356.43,2792.28
987,2026-06-01,1,16,3,0,97.61,1222.0
647,2026-06-01,1,32,17,0,605.82,2629.61
1027,2026-06-01,1,23,14,0,435.46,2238.0
120,2026-06-01,1,35,23,0,708.49,1269.24
742,2026-06-01,1,10,4,0,137.51,0.0
523,2026-06-01,1,34,14,0,446.63,1768.11
1662,2026-06-01,1,2,2,0,62.75,0.0
1622,2026-06-01,1,9,0,0,0.0,298.0
674,2026-06-01,1,39,18,1,706.68,2508.32
1137,2026-06-01,1,16,4,0,196.56,213.0
1183,2026-06-01,1,34,17,0,695.98,3020.2
796,2026-06-01,1,31,18,0,708.06,3299.13
1178,2026-06-01,1,14,4,0,106.92,273.0
1661,2026-06-01,1,16,3,0,108.14,135.0
1272,2026-06-01,1,35,19,0,887.78,2666.35
495,2026-06-01,1,13,4,0,141.91,2811.0
31,2026-06-01,1,30,10,0,422.14,2802.04
764,2026-06-01,1,10,1,0,44.54,172.0
1731,2026-06-01,1,15,6,0,235.45,296.0
1589,2026-06-01,1,31,21,1,888.22,1589.36
818,2026-06-01,1,29,12,0,522.71,2463.56
439,2026-06-01,1,41,24,0,875.15,1938.49
1690,2026-06-01,1,36,25,0,966.03,2648.64
814,2026-06-01,1,23,14,0,477.46,2456.8
1493,2026-06-01,1,25,15,0,809.04,2423.94
339,2026-06-01,1,6,1,0,81.4,1238.0
907,2026-06-01,1,40,23,0,931.53,2559.95
359,2026-06-01,1,30,13,0,326.17,2905.36
641,2026-06-01,1,35,17,0,797.62,2602.93
395,2026-06-01,1,19,7,0,176.37,598.0
210,2026-06-01,1,7,3,0,118.23,0.0
1037,2026-06-01,1,11,3,0,54.29,0.0
418,2026-06-01,1,38,21,0,812.47,1620.9
1512,2026-06-01,1,24,3,0,79.02,187.0
222,2026-06-01,1,5,0,0,0.0,1520.0
15,2026-06-01,1,29,18,0,745.34,2496.33
541,2026-06-01,1,35,20,0,733.04,2199.58
184,2026-06-01,1,37,22,0,994.49,2288.95
78,2026-06-01,1,16,4,0,86.51,491.0
472,2026-06-01,1,32,13,0,668.02,3581.72
884,2026-06-01,1,35,16,0,528.3,2106.92
875,2026-06-01,1,12,7,0,402.27,516.0
217,2026-06-01,1,39,16,0,536.52,3169.46
1432,2026-06-01,1,34,21,0,739.87,2230.5
511,2026-06-01,1,31,15,0,608.99,1536.77
1079,2026-06-01,1,30,19,0,714.49,1854.62
1410,2026-06-01,1,16,9,0,228.37,116.0
873,2026-06-01,1,38,23,0,1463.16,2697.73
482,2026-06-01,1,29,22,0,1195.08,2338.02
1548,2026-06-01,1,28,19,0,702.66,2281.53
12,2026-06-01,1,33,16,0,508.91,2297.14
1169,2026-06-01,1,13,4,0,107.95,192.0
1309,2026-06-01,1,12,8,1,395.91,0.0
1157,2026-06-01,1,31,20,0,939.68,1994.05
953,2026-06-01,1,41,17,0,813.21,2379.11
1760,2026-06-01,1,8,2,0,113.42,317.0
1748,2026-06-01,1,19,3,1,162.15,1189.0
1840,2026-06-01,1,4,0,0,0.0,0.0
1756,2026-06-01,1,15,4,15,80.62,102.0
32,2026-06-01,1,36,12,0,511.33,2765.18
40,2026-06-01,1,22,10,0,304.99,4445.59
170,2026-06-01,1,27,16,0,739.55,1792.84
265,2026-06-01,1,24,13,0,590.45,1674.53
579,2026-06-01,1,38,25,0,1020.0,2292.75
657,2026-06-01,1,29,15,0,548.09,2256.28
765,2026-06-01,1,43,19,0,827.02,2054.84
892,2026-06-01,1,38,15,0,466.6,2938.07
954,2026-06-01,1,28,15,0,592.72,1377.84
960,2026-06-01,1,31,20,0,1128.02,3572.61
985,2026-06-01,1,30,15,0,687.73,1959.33
996,2026-06-01,1,37,24,0,1112.42,2181.2
1186,2026-06-01,1,24,13,3,540.31,1644.47
1188,2026-06-01,1,37,15,5,602.71,1758.4
1196,2026-06-01,1,25,14,0,513.31,2190.67
1201,2026-06-01,1,29,16,0,589.43,2203.46
1376,2026-06-01,1,37,21,1,1075.9,1328.01
1435,2026-06-01,1,25,10,5,361.08,1457.43
1573,2026-06-01,1,30,21,0,750.64,2004.53
1581,2026-06-01,1,42,24,0,1558.78,2507.92
1669,2026-06-01,1,32,14,0,467.06,2196.67
434,2026-06-01,1,11,6,0,148.31,118.0
234,2026-06-01,1,23,4,0,89.75,496.0
1818,2026-06-01,1,19,2,0,62.98,3583.0
1377,2026-06-01,1,36,17,0,756.29,1735.15
1234,2026-06-01,1,19,8,0,422.54,1927.48
734,2026-06-01,1,18,5,0,231.18,3927.0
62,2026-06-01,1,20,9,0,481.24,2220.71
377,2026-06-01,1,25,16,0,838.88,1384.69
615,2026-06-01,1,41,20,0,1081.69,2796.6
662,2026-06-01,1,18,11,0,356.07,1651.82
1053,2026-06-01,1,18,11,0,347.82,1471.58
1308,2026-06-01,1,38,18,0,630.99,4153.3
1397,2026-06-01,1,31,16,0,443.89,2258.11
1628,2026-06-01,1,39,26,0,1308.12,1810.48
1641,2026-06-01,1,24,13,1,415.74,1795.74
1725,2026-06-01,1,26,15,0,438.26,2293.75
372,2026-06-01,1,4,0,0,0.0,0.0
449,2026-06-01,1,26,5,0,215.63,610.0
822,2026-06-01,1,37,16,0,908.33,2453.18
1249,2026-06-01,1,19,9,0,584.3,0.0
42,2026-06-01,1,29,18,0,1120.22,3556.08
1268,2026-06-01,1,35,18,3,513.05,2148.5
1219,2026-06-01,1,31,16,0,952.03,2128.3
1665,2026-06-01,1,23,6,0,499.86,574.0
509,2026-06-01,1,38,13,4,509.23,1566.87
88,2026-06-01,1,27,18,0,586.38,2063.02
143,2026-06-01,1,33,18,0,763.57,2046.47
274,2026-06-01,1,33,16,0,786.68,3670.75
484,2026-06-01,1,23,9,0,338.37,1962.1
564,2026-06-01,1,34,17,0,694.87,1745.58
620,2026-06-01,1,32,18,0,706.76,2407.14
758,2026-06-01,1,33,16,0,389.48,1872.79
1032,2026-06-01,1,25,17,0,497.61,2612.38
1091,2026-06-01,1,27,18,0,873.16,1192.58
1412,2026-06-01,1,40,28,0,1290.82,2489.62
1434,2026-06-01,1,38,19,0,855.8,1987.14
1733,2026-06-01,1,24,9,0,367.52,1844.18
1746,2026-06-01,1,40,25,0,744.56,2634.9
649,2026-06-01,1,27,13,2,510.97,2045.05
10,2026-06-01,1,6,4,0,66.28,0.0
1044,2026-06-01,1,26,13,0,618.77,2858.17
309,2026-06-01,1,11,2,0,56.22,415.0
313,2026-06-01,1,8,3,0,194.04,211.0
21,2026-06-01,1,33,18,0,628.22,2007.29
79,2026-06-01,1,38,17,0,673.24,1668.17
102,2026-06-01,1,19,9,0,256.47,2400.34
271,2026-06-01,1,31,10,0,300.03,1708.92
278,2026-06-01,1,40,22,0,815.48,1614.43
364,2026-06-01,1,24,7,0,230.5,1961.2
380,2026-06-01,1,27,17,0,691.0,2725.22
592,2026-06-01,1,33,19,0,577.59,1852.32
1024,2026-06-01,1,24,17,0,1062.33,2459.31
1148,2026-06-01,1,26,16,0,619.46,1703.36
1520,2026-06-01,1,28,19,0,941.98,2136.94
1368,2026-06-01,1,14,4,0,117.21,1799.0
1031,2026-06-01,1,5,0,0,0.0,1180.0
729,2026-06-01,1,31,16,0,756.88,2259.1
1307,2026-06-01,1,35,20,0,888.15,2218.63
590,2026-06-01,1,28,15,0,427.53,2578.55
101,2026-06-01,1,14,5,0,228.18,8621.0
1578,2026-06-01,1,23,4,0,89.95,20264.0
835,2026-06-01,1,14,5,0,136.36,113.0
1452,2026-06-01,1,20,7,0,248.39,377.0
642,2026-06-01,1,23,7,0,211.65,338.0
1344,2026-06-01,1,17,9,0,303.3,2196.49
117,2026-06-01,1,42,19,0,746.99,2396.6
1667,2026-06-01,1,15,5,0,208.06,2838.0
637,2026-06-01,1,11,2,0,49.46,339.0
1289,2026-06-01,1,24,21,0,1029.69,2474.48
1444,2026-06-01,1,39,17,5,807.64,2258.96
610,2026-06-01,1,21,5,0,180.7,5141.0
1020,2026-06-01,1,16,10,0,276.53,0.0
890,2026-06-01,1,41,17,0,1236.74,2862.19
1339,2026-06-01,1,3,0,4,0.0,0.0
664,2026-06-01,1,31,16,0,501.26,2327.47
902,2026-06-01,1,15,1,0,11.25,2127.0
1577,2026-06-01,1,8,6,3,351.73,0.0
1076,2026-06-01,1,34,12,0,610.07,2781.25
135,2026-06-01,1,13,7,0,277.55,234.0
1323,2026-06-01,1,36,13,0,379.22,1824.25
13,2026-06-01,1,21,14,0,449.39,2274.86
552,2026-06-01,1,20,9,0,993.21,2077.99
1275,2026-06-01,1,17,1,0,123.92,325.0
1254,2026-06-01,1,29,16,0,565.97,3612.07
705,2026-06-01,1,37,24,0,976.64,2671.09
1660,2026-06-01,1,28,15,0,771.72,2181.47
696,2026-06-01,1,11,2,0,81.64,1396.0
547,2026-06-01,1,30,16,0,697.02,2223.0
950,2026-06-01,1,31,19,0,959.8,3894.8
1551,2026-06-01,1,9,2,0,54.59,1037.0
1357,2026-06-01,1,22,6,1,242.48,156.0
949,2026-06-01,1,39,18,0,537.5,3265.89
266,2026-06-01,1,29,16,0,576.55,1854.84
1426,2026-06-01,1,10,3,0,34.77,1130.0
746,2026-06-01,1,16,2,0,34.69,3393.0
640,2026-06-01,1,6,4,0,110.79,0.0
438,2026-06-01,1,19,1,0,11.4,359.0
459,2026-06-01,1,42,23,0,961.57,2238.22
409,2026-06-01,1,11,4,0,576.43,685.0
1209,2026-06-01,1,30,11,1,438.45,2599.75
1403,2026-06-01,1,40,12,1,369.6,1501.48
797,2026-06-01,1,13,5,0,99.66,0.0
1558,2026-06-01,1,29,9,0,255.33,294.0
1741,2026-06-01,1,42,27,0,921.01,2750.55
95,2026-06-01,1,9,5,0,308.82,0.0
513,2026-06-01,1,44,19,0,664.38,2611.58
1540,2026-06-01,1,30,8,4,277.75,2211.13
659,2026-06-01,1,24,9,0,242.86,777.0
1061,2026-06-01,1,15,6,0,188.27,88.0
1009,2026-06-01,1,40,19,0,1028.33,2592.53
1262,2026-06-01,1,16,7,1,170.21,189.0
1648,2026-06-01,1,15,6,0,256.07,1551.0
622,2026-06-01,1,12,5,0,235.49,2546.0
1231,2026-06-01,1,23,7,0,168.68,468.0
1185,2026-06-01,1,41,24,1,874.46,2870.57
435,2026-06-01,1,5,3,0,214.17,0.0
56,2026-06-01,1,11,3,0,147.7,0.0
1525,2026-06-01,1,10,2,5,65.31,91.0
1704,2026-06-01,1,13,5,0,97.87,578.0
1103,2026-06-01,1,31,18,2,430.22,1782.57
922,2026-06-01,1,41,18,0,644.83,3300.46
1277,2026-06-01,1,26,5,0,143.32,516.0
328,2026-06-01,1,9,3,0,90.84,0.0
530,2026-06-01,1,19,8,0,335.86,2435.14
489,2026-06-01,1,31,22,0,783.17,1942.48
209,2026-06-01,1,44,17,0,691.95,1690.02
1789,2026-06-01,1,8,4,0,132.59,291.0
1158,2026-06-01,1,35,14,0,542.0,2568.36
1291,2026-06-01,1,21,5,0,144.11,2480.0
958,2026-06-01,1,28,14,0,510.37,2178.25
107,2026-06-01,1,32,19,0,619.6,1421.4
927,2026-06-01,1,15,3,0,141.06,0.0
1223,2026-06-01,1,25,14,2,479.12,1385.67
672,2026-06-01,1,17,2,0,122.54,2917.0
865,2026-06-01,1,15,1,0,25.26,2177.0
1258,2026-06-01,1,17,4,0,110.35,368.0
1652,2026-06-01,1,27,12,9,467.91,1297.81
512,2026-06-01,1,37,20,0,1134.0,2293.85
1214,2026-06-01,1,7,7,0,242.85,0.0
199,2026-06-01,1,22,7,0,294.07,1199.0
1057,2026-06-01,1,17,6,0,182.17,499.0
1707,2026-06-01,1,18,6,0,155.72,169.0
1617,2026-06-01,1,34,21,0,848.41,2045.52
624,2026-06-01,1,38,19,0,455.61,2660.09
257,2026-06-01,1,19,5,0,138.52,1061.0
1447,2026-06-01,1,22,9,0,129.7,569.0
743,2026-06-01,1,18,8,0,170.13,851.0
770,2026-06-01,1,26,16,0,418.52,1468.63
1438,2026-06-01,1,20,7,0,186.68,171.0
44,2026-06-01,1,15,7,0,286.05,0.0
526,2026-06-01,1,17,4,0,109.82,356.0
1033,2026-06-01,1,29,18,0,676.98,2205.98
636,2026-06-01,1,19,3,0,149.64,3570.0
1609,2026-06-01,1,36,16,0,781.15,1787.11
1123,2026-06-01,1,15,3,1,145.1,566.0
856,2026-06-01,1,28,17,0,615.93,1838.36
787,2026-06-01,1,26,13,3,1082.93,1799.51
1072,2026-06-01,1,29,16,0,1116.84,2539.49
1680,2026-06-01,1,9,7,0,289.35,0.0
756,2026-06-01,1,13,5,2,67.87,0.0
714,2026-06-01,1,12,3,0,72.09,77.0
1121,2026-06-01,1,29,18,0,1328.08,2071.85
356,2026-06-01,1,16,10,0,201.55,0.0
1361,2026-06-01,1,13,8,0,223.17,120.0
633,2026-06-01,1,20,8,0,270.5,382.0
1463,2026-06-01,1,15,11,0,509.14,0.0
334,2026-06-01,1,26,13,0,549.5,2142.16
1372,2026-06-01,1,30,18,0,798.39,2868.81
1864,2026-06-01,1,2,0,0,0.0,0.0
1349,2026-06-01,1,38,19,0,672.04,4215.61
219,2026-06-01,1,11,3,0,301.13,239.0
1504,2026-06-01,1,29,14,0,657.6,494.0
883,2026-06-01,1,32,16,0,694.57,4958.37
1066,2026-06-01,1,17,6,0,381.24,313.0
606,2026-06-01,1,15,3,0,89.41,346.0
682,2026-06-01,1,14,3,0,108.41,3210.0
1618,2026-06-01,1,25,14,0,695.85,2052.7
534,2026-06-01,1,49,24,0,797.08,2082.06
1703,2026-06-01,1,11,5,0,161.13,0.0
1546,2026-06-01,1,8,6,1,306.81,0.0
391,2026-06-01,1,12,5,0,110.83,910.0
968,2026-06-01,1,20,7,0,219.15,388.0
1717,2026-06-01,1,28,16,1,731.26,2826.71
913,2026-06-01,1,15,1,0,32.17,2010.0
1117,2026-06-01,1,11,6,0,200.26,183.0
925,2026-06-01,1,15,1,0,16.58,941.0
1198,2026-06-01,1,19,6,0,335.31,396.0
1241,2026-06-01,1,14,6,0,204.91,0.0
430,2026-06-01,1,6,4,0,160.09,0.0
1673,2026-06-01,1,31,18,1,690.48,1893.38
1150,2026-06-01,1,16,5,0,192.76,149.0
940,2026-06-01,1,10,3,0,125.53,165.0
1568,2026-06-01,1,32,19,0,710.18,3336.47
1592,2026-06-01,1,21,4,0,153.81,388.0
323,2026-06-01,1,3,3,0,49.88,0.0
1250,2026-06-01,1,14,6,0,180.52,0.0
608,2026-06-01,1,11,4,0,134.69,826.0
51,2026-06-01,1,10,1,0,13.99,1158.0
1280,2026-06-01,1,11,3,0,70.48,716.0
539,2026-06-01,1,10,8,0,310.78,0.0
29,2026-06-01,1,17,7,0,286.49,484.0
967,2026-06-01,1,15,6,0,367.33,288.0
130,2026-06-01,1,12,0,0,0.0,483.0
196,2026-06-01,1,14,4,0,92.28,349.0
155,2026-06-01,1,37,23,0,794.32,2275.21
365,2026-06-01,1,8,2,0,87.65,0.0
833,2026-06-01,1,29,12,0,499.46,1920.1
1251,2026-06-01,1,11,0,3,0.0,157.0
1404,2026-06-01,1,8,4,0,120.92,0.0
1086,2026-06-01,1,13,5,0,162.07,194.0
286,2026-06-01,1,10,3,0,141.34,682.0
295,2026-06-01,1,21,10,1,340.58,1862.27
157,2026-06-01,1,12,7,0,181.59,73.0
205,2026-06-01,1,20,10,0,311.81,370.0
697,2026-06-01,1,29,11,0,372.58,2141.5
1015,2026-06-01,1,9,5,0,203.04,0.0
429,2026-06-01,1,43,21,0,754.77,2061.96
834,2026-06-01,1,20,13,0,407.52,2264.94
362,2026-06-01,1,27,18,0,712.09,1806.96
1437,2026-06-01,1,11,5,0,129.54,238.0
581,2026-06-01,1,15,3,0,86.04,1830.0
829,2026-06-01,1,28,18,0,1282.17,3796.89
670,2026-06-01,1,23,8,0,253.61,462.0
1681,2026-06-01,1,23,14,0,503.86,1756.56
267,2026-06-01,1,22,15,3,654.85,2495.1
1172,2026-06-01,1,2,0,0,0.0,0.0
578,2026-06-01,1,5,1,0,17.48,0.0
1099,2026-06-01,1,37,20,0,661.34,3016.22
1221,2026-06-01,1,14,4,0,202.75,3540.0
1122,2026-06-01,1,11,2,0,52.71,4606.0
394,2026-06-01,1,17,6,0,147.45,98.0
1693,2026-06-01,1,12,5,2,487.39,0.0
404,2026-06-01,1,30,9,0,280.31,598.0
1358,2026-06-01,1,12,5,0,295.41,1175.0
373,2026-06-01,1,12,6,0,231.25,3632.0
370,2026-06-01,1,21,4,0,58.07,1251.0
1385,2026-06-01,1,33,13,0,495.23,2511.32
1523,2026-06-01,1,8,3,0,99.26,1108.0
1729,2026-06-01,1,23,6,0,129.59,1838.0
1329,2026-06-01,1,34,25,2,986.47,1662.3
1056,2026-06-01,1,14,4,0,160.58,1318.0
1784,2026-06-01,1,7,2,0,54.24,4161.0
310,2026-06-01,1,20,13,0,373.25,2461.89
332,2026-06-01,1,34,19,0,888.84,2340.66
425,2026-06-01,1,34,25,0,931.91,2389.88
700,2026-06-01,1,21,11,0,397.94,1763.05
766,2026-06-01,1,24,11,0,392.79,1568.3
867,2026-06-01,1,32,16,0,745.84,2619.33
916,2026-06-01,1,37,24,0,1016.57,2014.55
928,2026-06-01,1,29,18,0,750.3,2281.49
971,2026-06-01,1,33,20,0,884.15,1451.64
1025,2026-06-01,1,27,16,0,507.01,3324.06
1098,2026-06-01,1,26,15,0,495.2,2193.93
1257,2026-06-01,1,42,21,0,1304.18,3789.84
1474,2026-06-01,1,18,11,0,407.98,1944.49
330,2026-06-01,1,26,11,11,617.92,1588.53
189,2026-06-01,1,35,10,0,495.95,1660.55
411,2026-06-01,1,28,11,0,285.82,1485.43
1224,2026-06-01,1,29,16,0,673.58,2461.57
1298,2026-06-01,1,31,18,1,782.23,1582.93
1620,2026-06-01,1,31,10,0,521.82,1507.46
1626,2026-06-01,1,18,11,0,882.94,2211.86
444,2026-06-01,1,6,4,0,375.59,0.0
1246,2026-06-01,1,36,17,6,856.26,2757.37
94,2026-06-01,1,37,16,0,579.76,2530.76
522,2026-06-01,1,34,12,1,412.49,2138.38
974,2026-06-01,1,32,13,0,353.99,2731.52
1043,2026-06-01,1,39,18,0,1207.25,1585.08
1303,2026-06-01,1,38,21,0,1292.24,2483.46
1365,2026-06-01,1,24,11,0,436.78,2788.6
1499,2026-06-01,1,30,16,0,996.82,3541.8
1694,2026-06-01,1,42,22,0,860.92,2597.73
1737,2026-06-01,1,23,12,4,843.71,1925.7
301,2026-06-01,1,17,5,0,146.99,587.0
917,2026-06-01,1,20,13,0,809.51,1321.37
293,2026-06-01,1,32,18,0,502.0,2910.55
342,2026-06-01,1,34,17,0,668.33,2773.24
708,2026-06-01,1,31,22,0,877.36,1655.08
715,2026-06-01,1,28,19,0,1220.84,1813.75
1683,2026-06-01,1,32,13,0,432.01,1921.57
1599,2026-06-01,1,16,5,0,281.04,221.0
1423,2026-06-01,1,27,20,0,792.97,2349.37
454,2026-06-01,1,8,6,0,351.54,0.0
1600,2026-06-01,1,40,23,1,938.08,2045.5
4,2026-06-01,1,19,7,0,214.1,0.0
1644,2026-06-01,1,10,7,0,129.55,128.0
1428,2026-06-01,1,17,3,1,47.44,0.0
1524,2026-06-01,1,20,13,0,604.89,2362.85
1162,2026-06-01,1,1,1,0,90.65,0.0
582,2026-06-01,1,14,4,0,106.61,1837.0
982,2026-06-01,1,21,7,0,383.56,569.0
410,2026-06-01,1,11,2,0,94.77,301.0
685,2026-06-01,1,6,0,6,0.0,0.0
1331,2026-06-01,1,17,4,1,120.62,762.0
235,2026-06-01,1,6,2,0,67.92,0.0
92,2026-06-01,1,21,7,0,181.42,540.0
1030,2026-06-01,1,6,6,0,282.99,0.0
549,2026-06-01,1,9,3,0,149.11,0.0
1310,2026-06-01,1,13,6,0,171.52,67.0
1489,2026-06-01,1,17,4,0,119.68,169.0
724,2026-06-01,1,6,4,0,169.44,0.0
1180,2026-06-01,1,8,1,0,39.54,766.0
1255,2026-06-01,1,14,6,1,472.05,328.0
1007,2026-06-01,1,2,2,0,40.79,0.0
1215,2026-06-01,1,11,1,0,95.83,517.0
280,2026-06-01,1,47,22,0,741.74,1830.11
1880,2026-06-01,1,11,1,0,27.2,289.0
1742,2026-06-01,1,19,3,0,132.82,536.0
1653,2026-06-01,1,24,13,1,675.75,1468.99
825,2026-06-01,1,10,4,0,342.37,363.0
1144,2026-06-01,1,23,4,0,514.62,569.0
740,2026-06-01,1,10,5,0,345.42,3703.0
638,2026-06-01,1,32,18,0,615.77,2162.87
437,2026-06-01,1,21,5,0,243.49,1642.0
1457,2026-06-01,1,17,2,0,115.35,7128.0
690,2026-06-01,1,11,3,0,112.57,2644.0
99,2026-06-01,1,8,2,0,109.48,0.0
644,2026-06-01,1,24,13,0,346.95,2116.59
1293,2026-06-01,1,22,14,0,1354.73,2727.89
1400,2026-06-01,1,17,6,0,120.48,55.0
1132,2026-06-01,1,11,3,0,44.97,0.0
1867,2026-06-01,1,19,4,0,164.49,573.0
360,2026-06-01,1,19,6,0,177.83,467.0
346,2026-06-01,1,5,3,0,177.84,0.0
777,2026-06-01,1,8,1,0,38.77,634.0
1420,2026-06-01,1,16,3,0,132.39,472.0
842,2026-06-01,1,14,3,0,189.51,1104.0
1649,2026-06-01,1,18,7,1,341.6,258.0
149,2026-06-01,1,7,2,0,408.36,1120.0
727,2026-06-01,1,10,4,0,187.54,0.0
961,2026-06-01,1,7,4,1,181.32,113.0
558,2026-06-01,1,32,14,0,574.67,3823.65
895,2026-06-01,1,19,5,0,160.97,651.0
1133,2026-06-01,1,8,1,0,103.4,698.0
193,2026-06-01,1,16,7,0,209.97,87.0
457,2026-06-01,1,20,10,0,259.47,1352.94
1657,2026-06-01,1,14,6,0,366.42,681.0
336,2026-06-01,1,26,15,0,728.58,2987.28
1552,2026-06-01,1,10,3,1,173.37,145.0
909,2026-06-01,1,5,0,0,0.0,147.0
499,2026-06-01,1,11,1,0,10.24,1432.0
1159,2026-06-01,1,23,3,0,90.69,5413.0
1497,2026-06-01,1,14,6,0,271.39,355.0
55,2026-06-01,1,12,5,0,163.38,134.0
1485,2026-06-01,1,11,7,0,331.95,0.0
1281,2026-06-01,1,5,3,0,297.72,0.0
1046,2026-06-01,1,17,6,0,518.9,515.0
1700,2026-06-01,1,14,2,0,111.34,0.0
1631,2026-06-01,1,16,8,2,187.46,0.0
1656,2026-06-01,1,16,8,0,232.47,248.0
1388,2026-06-01,1,12,6,0,188.61,400.0
964,2026-06-01,1,17,3,0,90.59,6062.0
514,2026-06-01,1,14,5,1,175.15,129.0
358,2026-06-01,1,11,4,0,233.83,0.0
542,2026-06-01,1,7,2,0,125.39,104.0
1197,2026-06-01,1,15,8,0,221.44,116.0
952,2026-06-01,1,30,12,0,557.85,2652.61
273,2026-06-01,1,12,3,0,109.67,4494.0
1633,2026-06-01,1,18,6,0,263.74,1109.0
1343,2026-06-01,1,17,7,0,238.68,422.0
769,2026-06-01,1,40,17,0,872.68,3536.53
711,2026-06-01,1,7,1,0,14.19,0.0
112,2026-06-01,1,14,8,0,223.2,0.0
1603,2026-06-01,1,12,1,3,28.03,47.0
60,2026-06-01,1,13,6,0,149.56,158.0
1317,2026-06-01,1,18,6,1,213.73,676.0
1302,2026-06-01,1,14,4,0,215.85,533.0
36,2026-06-01,1,8,4,0,155.8,0.0
297,2026-06-01,1,7,3,0,194.88,0.0
587,2026-06-01,1,13,3,0,366.73,0.0
616,2026-06-01,1,14,6,0,147.33,0.0
1458,2026-06-01,1,10,5,0,134.77,319.0
671,2026-06-01,1,17,5,0,102.92,3358.0
1179,2026-06-01,1,16,4,4,123.81,461.0
329,2026-06-01,1,10,3,0,81.17,1156.0
643,2026-06-01,1,12,6,0,345.94,353.0
989,2026-06-01,1,25,18,0,867.82,2665.03
731,2026-06-01,1,23,10,0,303.84,107.0
1776,2026-06-01,1,18,5,0,283.08,705.0
1721,2026-06-01,1,17,7,1,313.51,330.0
227,2026-06-01,1,46,20,0,852.55,1818.96
147,2026-06-01,1,13,3,0,127.13,4029.0
1559,2026-06-01,1,20,4,0,110.46,414.0
1481,2026-06-01,1,20,8,0,244.43,0.0
5,2026-06-01,1,17,4,0,260.23,706.0
432,2026-06-01,1,11,1,0,164.99,0.0
519,2026-06-01,1,4,4,2,105.86,0.0
1711,2026-06-01,1,20,5,0,132.91,288.0
1409,2026-06-01,1,17,6,0,340.77,2374.0
1292,2026-06-01,1,21,3,0,83.05,2402.0
584,2026-06-01,1,17,6,0,210.83,284.0
221,2026-06-01,1,20,5,0,113.43,169.0
466,2026-06-01,1,11,7,0,200.55,0.0
1446,2026-06-01,1,13,4,0,513.24,775.0
1594,2026-06-01,1,9,0,0,0.0,2439.0
1062,2026-06-01,1,8,2,0,76.73,221.0
124,2026-06-01,1,25,12,0,574.4,2755.48
158,2026-06-01,1,36,25,0,1251.71,1894.3
417,2026-06-01,1,18,7,0,780.43,5042.52
881,2026-06-01,1,25,10,0,352.07,2516.81
1078,2026-06-01,1,17,10,0,545.29,2313.41
1563,2026-06-01,1,19,9,0,420.19,2231.38
426,2026-06-01,1,5,5,0,371.27,0.0
920,2026-06-01,1,35,18,0,617.35,2120.81
702,2026-06-01,1,24,6,0,193.16,832.0
420,2026-06-01,1,26,9,0,392.24,2031.99
1326,2026-06-01,1,29,14,3,680.89,2271.51
1536,2026-06-01,1,29,11,8,479.9,1738.62
1625,2026-06-01,1,23,12,0,377.3,2233.73
1266,2026-06-01,1,7,1,0,8.21,0.0
354,2026-06-01,1,14,3,0,70.4,1168.0
800,2026-06-01,1,3,0,0,0.0,1959.0
8,2026-06-01,1,29,14,0,783.28,2333.67
375,2026-06-01,1,35,14,0,407.64,1834.3
1475,2026-06-01,1,16,9,0,267.64,2533.3
843,2026-06-01,1,22,6,0,167.79,372.0
1105,2026-06-01,1,9,1,0,12.46,0.0
1362,2026-06-01,1,6,3,0,106.46,1794.0
869,2026-06-01,1,9,1,0,21.36,2289.0
1058,2026-06-01,1,8,2,0,90.0,0.0
1484,2026-06-01,1,20,12,0,252.13,0.0
1174,2026-06-01,1,14,5,0,285.36,112.0
496,2026-06-01,1,10,4,0,127.48,0.0
1378,2026-06-01,1,14,1,0,56.03,1696.0
440,2026-06-01,1,6,2,0,117.89,0.0
577,2026-06-01,1,14,3,0,81.04,6437.0
369,2026-06-01,1,11,4,0,159.05,1191.0
545,2026-06-01,1,17,7,0,264.18,0.0
314,2026-06-01,1,9,7,0,207.48,0.0
1738,2026-06-01,1,15,3,2,218.99,180.0
322,2026-06-01,1,14,3,0,67.53,1234.0
1167,2026-06-01,1,8,4,0,111.95,0.0
1654,2026-06-01,1,17,4,0,79.36,2381.0
1253,2026-06-01,1,18,5,0,147.27,29.0
1336,2026-06-01,1,4,2,6,163.47,0.0
1439,2026-06-01,1,10,3,4,42.36,46.0
1553,2026-06-01,1,12,3,7,72.44,0.0
1670,2026-06-01,1,6,3,0,70.2,0.0
1396,2026-06-01,1,12,4,0,170.18,0.0
753,2026-06-01,1,14,8,0,244.14,0.0
1679,2026-06-01,1,19,5,4,164.09,1195.0
991,2026-06-01,1,9,2,0,318.94,3342.0
1267,2026-06-01,1,12,3,0,101.6,782.0
121,2026-06-01,1,20,10,0,175.68,332.0
1345,2026-06-01,1,6,4,0,94.17,0.0
680,2026-06-01,1,12,1,0,64.41,7663.0
666,2026-06-01,1,5,3,0,167.77,0.0
379,2026-06-01,1,9,3,0,93.65,0.0
1847,2026-06-01,1,10,5,0,255.1,885.0
768,2026-06-01,1,10,2,0,35.99,112.0
924,2026-06-01,1,13,2,0,41.84,654.0
566,2026-06-01,1,20,1,0,31.75,5826.0
1570,2026-06-01,1,7,3,0,55.83,0.0
392,2026-06-01,1,7,5,0,144.14,0.0
1701,2026-06-01,1,17,7,0,163.83,152.0
1146,2026-06-01,1,10,4,0,127.43,0.0
1335,2026-06-01,1,12,1,7,24.86,209.0
628,2026-06-01,1,15,8,0,176.66,91.0
1788,2026-06-01,1,17,4,0,190.61,526.0
828,2026-06-01,1,19,7,0,281.76,0.0
1580,2026-06-01,1,11,4,0,97.54,125.0
1502,2026-06-01,1,14,5,0,92.28,189.0
1190,2026-06-01,1,12,3,0,112.63,924.0
969,2026-06-01,1,9,3,0,185.54,0.0
1507,2026-06-01,1,3,2,5,58.12,0.0
218,2026-06-01,1,20,7,0,271.77,451.0
780,2026-06-01,1,10,1,0,44.15,2532.0
1638,2026-06-01,1,7,3,3,93.36,0.0
463,2026-06-01,1,18,5,0,221.64,391.0
872,2026-06-01,1,8,6,0,181.33,0.0
868,2026-06-01,1,6,2,0,85.0,0.0
1384,2026-06-01,1,21,6,3,189.77,475.0
140,2026-06-01,1,15,7,0,140.72,0.0
1140,2026-06-01,1,7,1,0,84.44,0.0
1206,2026-06-01,1,11,6,0,322.02,1082.0
1314,2026-06-01,1,13,5,0,216.03,193.0
1639,2026-06-01,1,2,0,0,0.0,0.0
1322,2026-06-01,1,14,1,0,32.48,931.0
1071,2026-06-01,1,10,3,0,107.11,679.0
1777,2026-06-01,1,7,2,16,48.07,51.0
1663,2026-06-01,1,12,1,0,40.2,5453.0
1492,2026-06-01,1,9,3,0,139.62,1918.0
861,2026-06-01,1,10,3,0,92.38,1142.0
412,2026-06-01,1,11,4,0,187.15,2963.0
1698,2026-06-01,1,23,3,2,77.06,1237.0
532,2026-06-01,1,10,3,0,263.57,629.0
574,2026-06-01,1,10,2,0,44.16,1776.0
476,2026-06-01,1,15,7,0,248.24,404.0
1244,2026-06-01,1,15,5,0,205.81,0.0
1799,2026-06-01,1,15,3,16,108.51,185.0
694,2026-06-01,1,9,4,0,70.6,2918.0
1285,2026-06-01,1,12,4,3,142.65,0.0
1366,2026-06-01,1,11,1,4,15.51,304.0
1719,2026-06-01,1,18,1,0,5.37,294.0
1686,2026-06-01,1,8,0,0,0.0,3556.0
1164,2026-06-01,1,14,5,0,98.49,617.0
1676,2026-06-01,1,8,2,0,67.53,0.0
1001,2026-06-01,1,3,1,0,37.15,0.0
1585,2026-06-01,1,15,6,0,175.61,125.0
947,2026-06-01,1,4,0,0,0.0,0.0
1677,2026-06-01,1,15,7,0,292.2,0.0
570,2026-06-01,1,14,9,0,185.92,145.0
223,2026-06-01,1,20,5,0,181.46,1405.0
1414,2026-06-01,1,16,5,0,271.86,1782.0
692,2026-06-01,1,14,6,0,493.28,3132.0
1739,2026-06-01,1,11,2,7,42.23,0.0
1111,2026-06-01,1,14,1,0,47.53,420.0
258,2026-06-01,1,12,3,0,151.57,36.0
736,2026-06-01,1,11,5,0,116.49,0.0
783,2026-06-01,1,9,1,0,20.58,0.0
1093,2026-06-01,1,9,5,0,271.36,0.0
1716,2026-06-01,1,14,7,0,165.68,234.0
1726,2026-06-01,1,12,1,0,9.19,318.0
1445,2026-06-01,1,15,3,0,230.67,0.0
1627,2026-06-01,1,21,2,1,56.14,1650.0
1545,2026-06-01,1,16,4,0,111.56,391.0
798,2026-06-01,1,8,3,0,77.15,2073.0
1643,2026-06-01,1,11,6,2,265.99,194.0
1386,2026-06-01,1,10,4,0,126.13,0.0
553,2026-06-01,1,16,6,0,300.39,0.0
1232,2026-06-01,1,13,3,0,235.53,2284.0
1443,2026-06-01,1,1,1,0,24.69,0.0
1101,2026-06-01,1,12,4,0,158.36,0.0
525,2026-06-01,1,11,4,0,105.96,400.0
201,2026-06-01,1,15,2,0,87.38,2263.0
458,2026-06-01,1,6,1,0,18.19,4443.0
703,2026-06-01,1,8,3,4,70.4,349.0
1424,2026-06-01,1,19,8,0,178.55,418.0
1555,2026-06-01,1,17,4,0,181.25,2007.0
1119,2026-06-01,1,14,5,0,175.32,213.0
1706,2026-06-01,1,16,7,2,339.39,798.0
919,2026-06-01,1,13,2,0,188.9,144.0
1826,2026-06-01,1,18,2,6,50.88,69.0
1364,2026-06-01,1,17,3,0,183.84,5354.0
1418,2026-06-01,1,19,2,0,37.67,1677.0
1522,2026-06-01,1,14,2,0,29.15,686.0
1067,2026-06-01,1,5,3,0,240.19,0.0
238,2026-06-01,1,11,6,0,190.36,39.0
1004,2026-06-01,1,21,8,0,258.67,424.0
220,2026-06-01,1,18,3,0,177.78,137.0
930,2026-06-01,1,11,5,0,178.31,1912.0
1503,2026-06-01,1,13,1,0,11.21,2820.0
1569,2026-06-01,1,15,8,3,170.18,100.0
870,2026-06-01,1,10,3,0,164.35,55.0
245,2026-06-01,1,11,9,0,171.19,0.0
550,2026-06-01,1,23,4,0,100.82,236.0
1775,2026-06-01,1,9,2,0,120.55,4294.0
1355,2026-06-01,1,2,0,0,0.0,0.0
699,2026-06-01,1,16,1,0,52.18,5087.0
755,2026-06-01,1,6,0,0,0.0,0.0
1494,2026-06-01,1,16,4,4,169.57,311.0
1034,2026-06-01,1,7,1,0,32.38,0.0
862,2026-06-01,1,8,4,0,124.58,0.0
1529,2026-06-01,1,13,7,0,321.91,450.0
446,2026-06-01,1,15,5,0,195.33,0.0
745,2026-06-01,1,11,0,0,0.0,2424.0
860,2026-06-01,1,6,2,0,158.51,0.0
597,2026-06-01,1,10,4,0,146.26,0.0
1416,2026-06-01,1,19,8,1,229.93,232.0
1712,2026-06-01,1,5,3,2,60.73,0.0
713,2026-06-01,1,13,7,0,281.08,564.0
533,2026-06-01,1,13,4,0,104.24,1858.0
782,2026-06-01,1,6,2,0,150.41,0.0
23,2026-06-01,1,5,2,0,44.81,666.0
1560,2026-06-01,1,13,4,0,142.67,793.0
37,2026-06-01,1,11,4,0,85.68,88.0
378,2026-06-01,1,9,0,0,0.0,4372.0
1798,2026-06-01,1,11,1,17,36.25,37.0
735,2026-06-01,1,15,7,0,147.72,0.0
1294,2026-06-01,1,15,6,0,171.65,358.0
1415,2026-06-01,1,8,3,1,151.17,87.0
1753,2026-06-01,1,9,2,0,39.84,174.0
1466,2026-06-01,1,15,5,0,305.88,190.0
1778,2026-06-01,1,12,5,9,134.81,90.0
1820,2026-06-01,1,14,4,0,147.96,577.0
1544,2026-06-01,1,8,0,8,0.0,29.0
1576,2026-06-01,1,11,3,0,91.48,0.0
1413,2026-06-01,1,9,4,0,116.17,567.0
1021,2026-06-01,1,7,4,0,105.64,111.0
1347,2026-06-01,1,9,1,0,33.06,887.0
1448,2026-06-01,1,24,7,0,214.68,381.0
1588,2026-06-01,1,15,4,1,219.31,157.0
1235,2026-06-01,1,12,4,0,341.57,100.0
498,2026-06-01,1,11,7,0,118.32,0.0
455,2026-06-01,1,3,1,0,13.09,0.0
1005,2026-06-01,1,8,4,0,168.48,0.0
1509,2026-06-01,1,10,8,1,341.15,0.0
1288,2026-06-01,1,8,3,4,44.67,50.0
256,2026-06-01,1,8,5,0,238.44,108.0
901,2026-06-01,1,11,6,0,154.22,113.0
1854,2026-06-01,1,16,5,5,167.41,171.0
1655,2026-06-01,1,17,3,0,90.26,654.0
1513,2026-06-01,0,0,0,3,0.0,0.0
296,2026-06-01,1,17,5,0,203.1,376.0
1176,2026-06-01,1,10,2,3,75.21,3490.0
72,2026-06-01,1,17,5,0,298.15,486.0
1624,2026-06-01,1,1,1,8,6.21,0.0
483,2026-06-01,1,11,0,0,0.0,1190.0
1834,2026-06-01,1,2,0,0,0.0,0.0
1862,2026-06-01,1,10,6,1,269.68,278.0
1470,2026-06-01,1,10,4,0,182.51,889.0
17,2026-06-01,1,7,1,0,162.39,0.0
709,2026-06-01,1,4,0,0,0.0,0.0
1608,2026-06-01,1,3,1,4,2.76,0.0
89,2026-06-01,1,9,2,0,110.75,1627.0
837,2026-06-01,1,9,3,0,182.12,6223.0
1714,2026-06-01,1,9,4,0,50.69,53.0
2,2026-06-01,1,9,1,0,7.63,2660.0
1765,2026-06-01,1,8,3,12,45.71,47.0
1804,2026-06-01,1,4,0,0,0.0,0.0
1348,2026-06-01,1,8,2,0,101.36,2250.0
1441,2026-06-01,1,4,1,1,19.11,0.0
1664,2026-06-01,1,11,3,0,210.68,0.0
1632,2026-06-01,1,12,2,0,48.42,0.0
1352,2026-06-01,1,12,4,0,174.48,870.0
477,2026-06-01,1,17,6,0,345.54,1070.0
443,2026-06-01,1,12,7,0,200.02,119.0
50,2026-06-01,1,12,6,0,186.93,0.0
784,2026-06-01,1,13,2,3,20.65,294.0
300,2026-06-01,1,9,0,0,0.0,1706.0
915,2026-06-01,1,8,3,0,188.11,158.0
725,2026-06-01,1,10,3,0,174.96,2640.0
1353,2026-06-01,1,11,2,0,156.25,952.0
195,2026-06-01,1,4,2,0,97.04,0.0
1761,2026-06-01,1,10,3,0,60.45,232.0
1675,2026-06-01,1,8,4,0,58.23,0.0
1735,2026-06-01,1,9,3,5,95.36,0.0
1165,2026-06-01,1,11,4,0,197.17,395.0
1305,2026-06-01,1,15,6,0,230.61,451.0
447,2026-06-01,1,13,6,0,130.61,382.0
648,2026-06-01,1,13,1,0,91.08,3956.0
605,2026-06-01,1,5,3,0,90.26,0.0
1781,2026-06-01,1,5,1,0,172.94,237.0
1572,2026-06-01,1,7,1,1,43.27,164.0
1774,2026-06-01,1,10,4,1,71.08,87.0
1129,2026-06-01,1,13,4,0,248.3,37.0
228,2026-06-01,1,13,2,0,17.51,501.0
660,2026-06-01,1,7,0,0,0.0,1559.0
1859,2026-06-01,1,11,5,6,75.44,90.0
1839,2026-06-01,1,12,5,0,81.57,300.0
1233,2026-06-01,1,5,3,0,225.67,0.0
1195,2026-06-01,1,13,6,0,354.38,685.0
284,2026-06-01,1,13,4,0,153.69,159.0
1855,2026-06-01,0,0,0,0,0.0,0.0
893,2026-06-01,1,13,4,0,67.42,478.0
1048,2026-06-01,1,13,2,0,59.58,2866.0
163,2026-06-01,1,11,1,0,27.83,2305.0
1517,2026-06-01,1,16,7,0,335.91,100.0
1334,2026-06-01,1,19,6,0,141.57,92.0
1696,2026-06-01,1,5,1,7,24.08,0.0
1252,2026-06-01,1,6,3,0,42.29,30.0
1671,2026-06-01,1,12,4,0,300.41,0.0
1,2026-06-01,1,4,1,0,30.64,564.0
556,2026-06-01,1,12,4,0,103.37,0.0
1297,2026-06-01,1,4,2,0,88.68,0.0
1526,2026-06-01,1,12,3,0,65.94,126.0
805,2026-06-01,1,9,1,0,12.71,0.0
451,2026-06-01,1,6,1,0,31.44,1669.0
1836,2026-06-01,1,5,3,3,99.24,105.0
929,2026-06-01,1,5,3,0,140.16,0.0
933,2026-06-01,1,4,0,0,0.0,0.0
951,2026-06-01,1,15,6,0,180.55,214.0
1454,2026-06-01,1,13,2,0,102.55,1132.0
24,2026-06-01,1,7,5,0,288.47,0.0
1790,2026-06-01,1,9,1,0,28.64,2928.0
1846,2026-06-01,1,22,11,1,332.26,575.0
1797,2026-06-01,1,2,0,0,0.0,1068.0
946,2026-06-01,1,13,4,0,53.87,249.0
100,2026-06-01,1,16,2,0,39.17,342.0
1865,2026-06-01,1,2,0,0,0.0,0.0
1202,2026-06-01,1,15,7,0,146.69,0.0
1800,2026-06-01,1,10,4,0,106.62,164.0
1532,2026-06-01,1,11,3,0,371.61,2020.0
1868,2026-06-01,0,0,0,0,0.0,0.0
93,2026-06-01,1,13,7,0,366.03,0.0
125,2026-06-01,1,13,5,0,291.09,303.0
599,2026-06-01,1,7,2,0,105.62,4116.0
1853,2026-06-01,1,8,1,0,43.87,6179.0
1173,2026-06-01,1,8,2,0,164.54,0.0
1824,2026-06-01,1,12,3,5,76.39,78.0
1453,2026-06-01,1,8,3,0,97.38,145.0
1547,2026-06-01,1,13,5,0,193.8,188.0
1324,2026-06-01,1,9,6,0,127.58,0.0
192,2026-06-01,1,2,1,0,32.26,0.0
1871,2026-06-01,1,15,8,3,196.68,276.0
1565,2026-06-01,1,15,4,0,97.94,156.0
110,2026-06-01,1,4,2,0,57.15,0.0
1290,2026-06-01,1,9,3,0,44.89,584.0
1659,2026-06-01,1,2,0,0,0.0,0.0
1881,2026-06-01,1,13,5,9,103.07,64.0
1850,2026-06-01,1,13,3,6,62.73,83.0
1832,2026-06-01,1,13,3,0,86.73,904.0
1010,2026-06-01,1,2,2,0,112.48,0.0
1518,2026-06-01,1,11,2,0,58.09,358.0
259,2026-06-01,1,25,3,0,175.46,1878.0
1052,2026-06-01,1,7,2,0,144.28,356.0
1801,2026-06-01,1,10,4,1,123.85,174.0
635,2026-06-01,1,5,3,0,127.47,0.0
1455,2026-06-01,1,10,1,4,23.52,332.0
165,2026-06-01,1,9,2,0,36.16,730.0
1338,2026-06-01,1,13,6,0,588.51,1267.0
932,2026-06-01,1,4,0,0,0.0,0.0
1089,2026-06-01,1,9,4,0,87.15,77.0
965,2026-06-01,1,9,3,0,62.56,442.0
1495,2026-06-01,1,7,3,2,197.05,0.0
1270,2026-06-01,1,13,2,0,26.24,5109.0
53,2026-06-01,1,7,4,0,142.09,1098.0
1811,2026-06-01,1,6,2,0,78.99,132.0
1182,2026-06-01,1,14,1,0,16.12,7895.0
1810,2026-06-01,1,9,2,0,69.15,350.0
1269,2026-06-01,1,1,1,0,60.05,0.0
1723,2026-06-01,1,6,1,0,45.06,982.0
57,2026-06-01,1,13,3,0,314.6,1981.0
1803,2026-06-01,1,6,2,4,71.07,87.0
1430,2026-06-01,1,8,3,0,134.59,71.0
1393,2026-06-01,1,7,3,2,51.41,0.0
1461,2026-06-01,1,6,0,4,0.0,0.0
127,2026-06-01,1,6,0,0,0.0,0.0
1794,2026-06-01,1,7,5,0,126.35,512.0
957,2026-06-01,1,14,6,0,184.55,0.0
551,2026-06-01,1,5,2,0,100.48,1057.0
1877,2026-06-01,1,4,2,0,57.36,217.0
1612,2026-06-01,1,8,1,0,10.83,849.0
16,2026-06-01,1,5,3,0,112.06,0.0
1175,2026-06-01,1,7,1,0,30.95,0.0
646,2026-06-01,1,9,1,0,10.97,2957.0
1809,2026-06-01,1,13,7,6,129.54,112.0
1823,2026-06-01,1,8,5,2,112.41,115.0
1709,2026-06-01,1,7,3,0,114.01,0.0
350,2026-06-01,1,5,3,0,108.59,0.0
706,2026-06-01,1,4,1,0,47.54,770.0
1464,2026-06-01,1,13,7,0,345.98,0.0
1286,2026-06-01,1,10,6,0,207.45,0.0
1276,2026-06-01,1,11,1,0,26.04,696.0
387,2026-06-01,1,11,5,0,117.15,0.0
704,2026-06-01,1,4,0,0,0.0,0.0
1621,2026-06-01,1,3,1,0,19.01,2447.0
1822,2026-06-01,1,13,2,0,46.84,382.0
133,2026-06-01,1,4,2,0,33.44,0.0
1833,2026-06-01,0,0,0,0,0.0,0.0
1841,2026-06-01,1,4,0,0,0.0,1560.0
508,2026-06-01,1,15,3,0,188.05,1060.0
1755,2026-06-01,1,17,7,0,185.77,514.0
116,2026-06-01,1,3,1,0,30.51,0.0
1849,2026-06-01,1,2,0,0,0.0,208.0
268,2026-06-01,1,12,3,0,333.07,4630.0
975,2026-06-01,1,7,2,0,29.15,46.0
1831,2026-06-01,1,12,1,3,18.88,36.0
1857,2026-06-01,1,6,0,0,0.0,108.0
1771,2026-06-01,1,11,5,1,135.02,156.0
1767,2026-06-01,0,0,0,0,0.0,0.0
1154,2026-06-01,1,9,2,0,128.08,1592.0
1835,2026-06-01,1,4,0,0,0.0,691.0
882,2026-06-01,1,4,0,0,0.0,0.0
1851,2026-06-01,1,6,0,4,0.0,21.0
1762,2026-06-01,1,2,0,0,0.0,0.0
1768,2026-06-01,1,19,4,2,138.07,460.0
1816,2026-06-01,0,0,0,0,0.0,0.0
1819,2026-06-01,1,4,2,0,32.43,158.0
1806,2026-06-01,1,3,1,0,7.23,135.0
737,2026-06-01,1,15,3,0,92.15,2374.0
1606,2026-06-01,1,6,2,0,153.89,0.0
1830,2026-06-01,1,3,1,0,36.07,53.0
465,2026-06-01,1,3,1,0,26.85,0.0
1049,2026-06-01,1,4,0,0,0.0,0.0
1630,2026-06-01,1,4,4,0,122.36,0.0
1217,2026-06-01,1,7,2,0,29.27,568.0
1766,2026-06-01,1,3,1,1,64.24,66.0
1873,2026-06-01,1,11,2,0,181.88,3665.0
1779,2026-06-01,1,12,1,0,217.41,3134.0
1498,2026-06-01,1,10,3,0,200.95,5320.0
1861,2026-06-01,1,4,2,0,88.37,638.0
1807,2026-06-01,1,15,4,5,286.43,347.0
934,2026-06-01,1,10,5,0,211.44,2043.0
150,2026-06-01,1,9,1,0,24.16,2227.0
1878,2026-06-01,1,10,4,3,74.41,91.0
1829,2026-06-01,1,7,1,0,21.11,174.0
1821,2026-06-01,1,8,4,0,110.43,129.0
1863,2026-06-01,1,13,3,5,52.47,117.0
955,2026-06-01,1,4,2,0,78.24,0.0
935,2026-06-01,1,2,0,0,0.0,0.0
1591,2026-06-01,1,2,2,0,67.58,0.0
419,2026-06-01,1,9,0,0,0.0,896.0
1586,2026-06-01,1,4,0,0,0.0,0.0
1773,2026-06-01,0,0,0,0,0.0,0.0
1333,2026-06-01,0,0,0,0,0.0,0.0
1814,2026-06-01,1,8,3,0,101.99,410.0
1796,2026-06-01,1,2,0,0,0.0,0.0
1815,2026-06-01,1,2,0,0,0.0,1970.0
1874,2026-06-01,1,2,0,0,0.0,0.0
1770,2026-06-01,1,5,1,0,15.78,67.0
248,2026-06-01,1,2,2,0,120.58,0.0
1827,2026-06-01,0,0,0,0,0.0,0.0
1828,2026-06-01,0,0,0,0,0.0,0.0
1764,2026-06-01,1,2,0,0,0.0,56.0
1635,2026-06-01,1,17,6,2,148.14,813.0
1844,2026-06-01,1,2,0,0,0.0,161.0
1646,2026-06-01,1,15,6,0,209.99,70.0
1876,2026-06-01,1,3,1,0,39.36,89.0
1872,2026-06-01,1,7,3,4,80.8,114.0
282,2026-06-01,1,6,0,0,0.0,0.0
1792,2026-06-01,1,6,1,0,19.0,195.0
1875,2026-06-01,1,2,0,0,0.0,395.0
1482,2026-06-01,1,11,1,0,39.58,4379.0
1843,2026-06-01,1,2,0,0,0.0,231.0
1772,2026-06-01,1,6,1,0,25.81,1068.0
1860,2026-06-01,1,7,1,0,22.56,528.0
1793,2026-06-01,1,3,1,0,12.65,613.0
1802,2026-06-01,0,0,0,0,0.0,0.0
1124,2026-06-01,1,4,0,0,0.0,0.0
1869,2026-06-01,1,7,2,0,44.27,228.0
1757,2026-06-01,1,2,0,0,0.0,0.0
1780,2026-06-01,1,10,0,0,0.0,908.0
1858,2026-06-01,0,0,0,0,0.0,0.0
1795,2026-06-01,1,7,1,0,17.17,462.0
1758,2026-06-01,1,2,0,0,0.0,206.0
1842,2026-06-01,1,7,3,0,68.58,208.0
319,2026-06-01,1,3,0,0,0.0,2729.0
1769,2026-06-01,1,3,1,1,37.33,49.0
1838,2026-06-01,1,3,1,0,20.37,149.0
1817,2026-06-01,1,2,0,0,0.0,54.0
1561,2026-06-01,1,5,0,0,0.0,1337.0
1207,2026-06-01,1,3,3,0,125.84,0.0
1813,2026-06-01,0,0,0,0,0.0,0.0
1845,2026-06-01,1,2,0,0,0.0,0.0
1785,2026-06-01,0,0,0,0,0.0,0.0
1866,2026-06-01,0,0,0,0,0.0,0.0
1808,2026-06-01,1,2,0,0,0.0,0.0
1825,2026-06-01,0,0,0,0,0.0,0.0
1856,2026-06-01,0,0,0,0,0.0,0.0
1837,2026-06-01,0,0,0,0,0.0,0.0
1763,2026-06-01,1,4,0,0,0.0,286.0
1852,2026-06-01,0,0,0,0,0.0,0.0
1783,2026-06-01,0,0,0,0,0.0,0.0
1870,2026-06-01,1,2,0,0,0.0,108.0
1848,2026-06-01,1,2,0,0,0.0,391.0
1081,2026-06-01,1,4,0,0,0.0,0.0
1787,2026-06-01,0,0,0,0,0.0,0.0
1754,2026-06-01,0,0,0,0,0.0,0.0
1759,2026-06-01,0,0,0,0,0.0,0.0
1782,2026-06-01,1,2,0,0,0.0,159.0
1786,2026-06-01,0,0,0,0,0.0,0.0
1791,2026-06-01,0,0,0,0,0.0,0.0
1879,2026-06-01,0,0,0,0,0.0,0.0
